season,round,pick,team,pfr_player_name,position,age,to,games,seasons_started,allpro,probowls,w_av,car_av,dr_av,dr_av_z,dr_av_pct
2021,1,1,JAX,Trevor Lawrence,QB,21.0,2025.0,77.0,5,0,1,52.0,,52.0,3.3128356724547525,0.9845559845559846
2021,1,2,NYJ,Zach Wilson,QB,22.0,2025.0,38.0,3,0,0,13.0,,13.0,0.2249928075045398,0.6988416988416989
2021,1,3,SFO,Trey Lance,QB,21.0,2025.0,16.0,0,0,0,6.0,,4.0,-0.48758631517627854,0.4594594594594595
2021,1,4,ATL,Kyle Pitts,TE,20.0,2025.0,78.0,5,0,1,28.0,,28.0,1.4126246786392371,0.9034749034749034
2021,1,5,CIN,Ja'Marr Chase,WR,21.0,2025.0,78.0,5,2,5,58.0,,58.0,3.7878884209086316,0.9961389961389961
2021,1,6,MIA,Jaylen Waddle,WR,22.0,2025.0,78.0,5,0,0,41.0,,41.0,2.4419056336226412,0.9691119691119691
2021,1,7,DET,Penei Sewell,OL,20.0,2025.0,83.0,5,3,4,64.0,,64.0,4.26294116936251,1.0
2021,1,8,CAR,Jaycee Horn,DB,21.0,2025.0,53.0,3,0,2,22.0,,22.0,0.9375719301853581,0.859073359073359
2021,1,9,DEN,Patrick Surtain II,DB,21.0,2025.0,80.0,5,2,4,51.0,,51.0,3.2336602143791064,0.9787644787644788
2021,1,10,PHI,DeVonta Smith,WR,22.0,2025.0,80.0,5,0,0,47.0,,47.0,2.9169583820765204,0.972972972972973
2021,1,11,CHI,Justin Fields,QB,22.0,2025.0,59.0,4,0,0,44.0,,34.0,1.887677427093116,0.9478764478764479
2021,1,12,DAL,Micah Parsons,LB,22.0,2025.0,77.0,4,3,5,67.0,,56.0,3.6295375047573386,0.9884169884169884
2021,1,13,LAC,Rashawn Slater,OL,22.0,2024.0,51.0,3,0,2,32.0,,32.0,1.729326510941823,0.9305019305019305
2021,1,14,NYJ,Alijah Vera-Tucker,OL,22.0,2024.0,43.0,2,0,0,14.0,,14.0,0.3041682655801863,0.7200772200772201
2021,1,15,NWE,Mac Jones,QB,23.0,2025.0,63.0,3,0,1,34.0,,24.0,1.095922846336651,0.8783783783783784
2021,1,16,ARI,Zaven Collins,LB,22.0,2025.0,84.0,4,0,0,24.0,,24.0,1.095922846336651,0.8783783783783784
2021,1,17,LVR,Alex Leatherwood,OL,22.0,2022.0,21.0,1,0,0,8.0,,8.0,-0.17088448287369262,0.581081081081081
2021,1,18,MIA,Jaelan Phillips,DL,22.0,2025.0,63.0,2,0,0,23.0,,19.0,0.7000455559584187,0.8127413127413128
2021,1,19,WAS,Jamin Davis,LB,22.0,2025.0,56.0,2,0,0,16.0,,16.0,0.4625191817314792,0.7664092664092664
2021,1,20,NYG,Kadarius Toney,WR,22.0,2024.0,35.0,0,0,0,7.0,,3.0,-0.566761773251925,0.42084942084942084
2021,1,21,IND,Kwity Paye,DL,22.0,2025.0,75.0,5,0,0,32.0,,32.0,1.729326510941823,0.9305019305019305
2021,1,22,TEN,Caleb Farley,DB,22.0,2024.0,21.0,0,0,0,2.0,,1.0,-0.725112689403218,0.2857142857142857
2021,1,23,MIN,Christian Darrisaw,OL,22.0,2025.0,58.0,4,0,0,26.0,,26.0,1.254273762487944,0.8861003861003861
2021,1,24,PIT,Najee Harris,RB,23.0,2025.0,71.0,4,0,1,30.0,,29.0,1.4918001367148837,0.9111969111969112
2021,1,25,JAX,Travis Etienne,RB,22.0,2025.0,66.0,4,0,0,33.0,,33.0,1.8085019690174695,0.9401544401544402
2021,1,26,CLE,Greg Newsome II,DB,21.0,2025.0,71.0,4,0,0,19.0,,15.0,0.38334372365583275,0.7451737451737451
2021,1,27,BAL,Rashod Bateman,WR,21.0,2025.0,64.0,3,0,0,20.0,,20.0,0.7792210140340652,0.8359073359073359
2021,1,28,NOR,Payton Turner,DE,22.0,2024.0,31.0,0,0,0,3.0,,3.0,-0.566761773251925,0.42084942084942084
2021,1,29,GNB,Eric Stokes,DB,22.0,2025.0,61.0,4,0,0,14.0,,9.0,-0.09170902479804614,0.6023166023166023
2021,1,30,BUF,Gregory Rousseau,DL,21.0,2025.0,78.0,5,0,0,38.0,,38.0,2.204379259395702,0.9633204633204633
2021,1,31,BAL,Odafe Oweh,DE,22.0,2025.0,79.0,1,0,0,16.0,,14.0,0.3041682655801863,0.7200772200772201
2021,1,32,TAM,Joe Tryon-Shoyinka,OLB,22.0,2025.0,82.0,3,0,0,23.0,,22.0,0.9375719301853581,0.859073359073359
2021,2,33,JAX,Tyson Campbell,DB,21.0,2025.0,72.0,5,0,0,25.0,,20.0,0.7792210140340652,0.8359073359073359
2021,2,34,NYJ,Elijah Moore,WR,21.0,2025.0,70.0,3,0,0,15.0,,7.0,-0.2500599409493391,0.5598455598455598
2021,2,35,DEN,Javonte Williams,RB,21.0,2025.0,70.0,3,0,0,28.0,,19.0,0.7000455559584187,0.8127413127413128
2021,2,36,MIA,Jevon Holland,S,21.0,2025.0,74.0,5,0,0,25.0,,21.0,0.8583964721097116,0.8474903474903475
2021,2,37,PHI,Landon Dickerson,OL,22.0,2025.0,78.0,5,0,3,36.0,,36.0,2.046028343244409,0.9555984555984556
2021,2,38,NWE,Christian Barmore,DL,22.0,2025.0,65.0,1,0,0,17.0,,17.0,0.5416946398071257,0.7818532818532818
2021,2,39,CHI,Teven Jenkins,OL,23.0,2025.0,62.0,3,0,0,17.0,,15.0,0.38334372365583275,0.7451737451737451
2021,2,40,ATL,Richie Grant,DB,23.0,2025.0,68.0,2,0,0,13.0,,13.0,0.2249928075045398,0.6988416988416989
2021,2,41,DET,Levi Onwuzurike,DL,23.0,2024.0,42.0,1,0,0,7.0,,7.0,-0.2500599409493391,0.5598455598455598
2021,2,42,MIA,Liam Eichenberg,OL,23.0,2024.0,60.0,4,0,0,23.0,,23.0,1.0167473882610045,0.8706563706563707
2021,2,43,LVR,Tre'von Moehrig,S,22.0,2025.0,82.0,5,0,0,25.0,,20.0,0.7792210140340652,0.8359073359073359
2021,2,44,DAL,Kelvin Joseph,DB,21.0,2024.0,33.0,0,0,0,2.0,,2.0,-0.6459372313275715,0.36486486486486486
2021,2,45,JAX,Walker Little,T,22.0,2025.0,70.0,2,0,0,18.0,,18.0,0.6208700978827721,0.7934362934362934
2021,2,46,CIN,Jackson Carman,T,21.0,2024.0,30.0,0,0,0,5.0,,4.0,-0.48758631517627854,0.4594594594594595
2021,2,47,LAC,Asante Samuel Jr.,DB,21.0,2025.0,56.0,3,0,0,15.0,,14.0,0.3041682655801863,0.7200772200772201
2021,2,48,SFO,Aaron Banks,OL,24.0,2025.0,68.0,4,0,0,26.0,,20.0,0.7792210140340652,0.8359073359073359
2021,2,49,ARI,Rondale Moore,WR,21.0,2023.0,39.0,0,0,0,12.0,,12.0,0.1458173494288933,0.6737451737451737
2021,2,50,NYG,Azeez Ojulari,OLB,21.0,2025.0,49.0,1,0,0,17.0,,16.0,0.4625191817314792,0.7664092664092664
2021,2,51,WAS,Samuel Cosmi,OL,22.0,2025.0,66.0,3,0,0,26.0,,26.0,1.254273762487944,0.8861003861003861
2021,2,52,CLE,Jeremiah Owusu-Koramoah,LB,21.0,2024.0,49.0,3,0,1,22.0,,22.0,0.9375719301853581,0.859073359073359
2021,2,53,TEN,Dillon Radunz,T,23.0,2025.0,69.0,3,0,0,14.0,,11.0,0.06664189135324682,0.6447876447876448
2021,2,54,IND,Dayo Odeyingbo,DL,21.0,2025.0,69.0,1,0,0,15.0,,12.0,0.1458173494288933,0.6737451737451737
2021,2,55,PIT,Pat Freiermuth,TE,22.0,2025.0,78.0,2,0,0,22.0,,22.0,0.9375719301853581,0.859073359073359
2021,2,56,SEA,D'Wayne Eskridge,WR,24.0,2025.0,43.0,0,0,0,3.0,,2.0,-0.6459372313275715,0.36486486486486486
2021,2,57,LAR,Tutu Atwell,WR,21.0,2025.0,64.0,1,0,0,14.0,,14.0,0.3041682655801863,0.7200772200772201
2021,2,58,KAN,Nick Bolton,LB,21.0,2025.0,74.0,4,0,0,30.0,,30.0,1.5709755947905302,0.916988416988417
2021,2,59,CAR,Terrace Marshall Jr.,WR,21.0,2024.0,43.0,1,0,0,6.0,,6.0,-0.3292353990249856,0.5212355212355212
2021,2,60,NOR,Pete Werner,LB,22.0,2025.0,73.0,4,0,0,30.0,,30.0,1.5709755947905302,0.916988416988417
2021,2,61,BUF,Boogie Basham,DL,23.0,2025.0,43.0,0,0,0,4.0,,3.0,-0.566761773251925,0.42084942084942084
2021,2,62,GNB,Josh Myers,C,23.0,2025.0,73.0,4,0,0,32.0,,27.0,1.3334492205635906,0.8938223938223938
2021,2,63,KAN,Creed Humphrey,OL,22.0,2025.0,85.0,5,2,4,51.0,,51.0,3.2336602143791064,0.9787644787644788
2021,2,64,TAM,Kyle Trask,QB,23.0,2024.0,7.0,0,0,0,0.0,,0.0,-0.8042881474788645,0.12162162162162163
2021,3,65,JAX,Andre Cisco,DB,21.0,2025.0,71.0,3,0,0,20.0,,18.0,0.6208700978827721,0.7934362934362934
2021,3,66,MIN,Kellen Mond,QB,22.0,2021.0,1.0,0,0,0,0.0,,0.0,-0.8042881474788645,0.12162162162162163
2021,3,67,HOU,Davis Mills,QB,22.0,2025.0,44.0,2,0,0,17.0,,17.0,0.5416946398071257,0.7818532818532818
2021,3,68,ATL,Jalen Mayfield,OL,21.0,2023.0,19.0,1,0,0,7.0,,7.0,-0.2500599409493391,0.5598455598455598
2021,3,69,CIN,Joseph Ossai,LB,21.0,2025.0,61.0,1,0,0,10.0,,10.0,-0.012533566722399664,0.6235521235521235
2021,3,70,CAR,Brady Christensen,OL,24.0,2025.0,59.0,1,0,0,14.0,,14.0,0.3041682655801863,0.7200772200772201
2021,3,71,NYG,Aaron Robinson,DB,22.0,2022.0,11.0,0,0,0,2.0,,2.0,-0.6459372313275715,0.36486486486486486
2021,3,72,DET,Alim McNeill,DT,21.0,2025.0,71.0,4,0,0,23.0,,23.0,1.0167473882610045,0.8706563706563707
2021,3,73,PHI,Milton Williams,DL,22.0,2025.0,79.0,2,0,0,17.0,,11.0,0.06664189135324682,0.6447876447876448
2021,3,74,WAS,Benjamin St-Juste,DB,23.0,2025.0,70.0,3,0,0,14.0,,12.0,0.1458173494288933,0.6737451737451737
2021,3,75,DAL,Osa Odighizuwa,DL,23.0,2025.0,84.0,5,0,0,31.0,,31.0,1.6501510528661767,0.9227799227799228
2021,3,76,NOR,Paulson Adebo,CB,22.0,2025.0,64.0,5,0,0,22.0,,19.0,0.7000455559584187,0.8127413127413128
2021,3,77,LAC,Josh Palmer,WR,21.0,2025.0,70.0,1,0,0,21.0,,19.0,0.7000455559584187,0.8127413127413128
2021,3,78,MIN,Chazz Surratt,LB,24.0,2025.0,52.0,0,0,0,6.0,,1.0,-0.725112689403218,0.2857142857142857
2021,3,79,LVR,Malcolm Koonce,DE,23.0,2025.0,56.0,1,0,0,9.0,,9.0,-0.09170902479804614,0.6023166023166023
2021,3,80,LVR,Divine Deablo,DB,23.0,2025.0,67.0,3,0,0,25.0,,19.0,0.7000455559584187,0.8127413127413128
2021,3,81,MIA,Hunter Long,TE,23.0,2025.0,46.0,0,0,0,2.0,,0.0,-0.8042881474788645,0.12162162162162163
2021,3,82,WAS,Dyami Brown,WR,21.0,2025.0,77.0,0,0,0,7.0,,6.0,-0.3292353990249856,0.5212355212355212
2021,3,83,CAR,Tommy Tremble,TE,21.0,2025.0,78.0,2,0,0,7.0,,7.0,-0.2500599409493391,0.5598455598455598
2021,3,84,DAL,Chauncey Golston,DL,23.0,2025.0,74.0,0,0,0,12.0,,12.0,0.1458173494288933,0.6737451737451737
2021,3,85,GNB,Amari Rodgers,WR,21.0,2023.0,35.0,0,0,0,2.0,,1.0,-0.725112689403218,0.2857142857142857
2021,3,86,MIN,Wyatt Davis,OL,22.0,2022.0,9.0,0,0,0,0.0,,0.0,-0.8042881474788645,0.12162162162162163
2021,3,87,PIT,Kendrick Green,OL,22.0,2025.0,37.0,1,0,0,7.0,,5.0,-0.4084108571006321,0.4864864864864865
2021,3,88,SFO,Trey Sermon,RB,22.0,2025.0,46.0,0,0,0,4.0,,1.0,-0.725112689403218,0.2857142857142857
2021,3,89,HOU,Nico Collins,WR,22.0,2025.0,66.0,2,0,2,33.0,,33.0,1.8085019690174695,0.9401544401544402
2021,3,90,MIN,Patrick Jones II,DL,22.0,2025.0,61.0,0,0,0,8.0,,7.0,-0.2500599409493391,0.5598455598455598
2021,3,91,CLE,Anthony Schwartz,WR,21.0,2022.0,25.0,0,0,0,2.0,,2.0,-0.6459372313275715,0.36486486486486486
2021,3,92,TEN,Monty Rice,LB,22.0,2025.0,39.0,0,0,0,7.0,,6.0,-0.3292353990249856,0.5212355212355212
2021,3,93,BUF,Spencer Brown,OL,23.0,2025.0,73.0,4,0,0,38.0,,38.0,2.204379259395702,0.9633204633204633
2021,3,94,BAL,Ben Cleveland,OL,23.0,2025.0,64.0,0,0,0,6.0,,6.0,-0.3292353990249856,0.5212355212355212
2021,3,95,TAM,Robert Hainsey,OL,23.0,2025.0,75.0,3,0,0,23.0,,15.0,0.38334372365583275,0.7451737451737451
2021,3,96,NWE,Ronnie Perkins,DE,21.0,2023.0,7.0,0,0,0,0.0,,0.0,-0.8042881474788645,0.12162162162162163
2021,3,97,LAC,Tre' McKitty,TE,22.0,2023.0,34.0,0,0,0,1.0,,1.0,-0.725112689403218,0.2857142857142857
2021,3,98,DEN,Quinn Meinerz,C,22.0,2025.0,79.0,4,2,1,34.0,,34.0,1.887677427093116,0.9478764478764479
2021,3,99,DAL,Nahshon Wright,DB,22.0,2025.0,50.0,1,0,1,11.0,,2.0,-0.6459372313275715,0.36486486486486486
2021,3,100,TEN,Elijah Molden,DB,22.0,2025.0,60.0,2,0,0,16.0,,6.0,-0.3292353990249856,0.5212355212355212
2021,3,101,DET,Ifeatu Melifonwu,DB,22.0,2025.0,53.0,0,0,0,8.0,,6.0,-0.3292353990249856,0.5212355212355212
2021,3,102,SFO,Ambry Thomas,DB,21.0,2023.0,42.0,0,0,0,6.0,,6.0,-0.3292353990249856,0.5212355212355212
2021,3,103,LAR,Ernest Jones,LB,21.0,2025.0,78.0,3,0,0,37.0,,13.0,0.2249928075045398,0.6988416988416989
2021,3,104,BAL,Brandon Stephens,CB,23.0,2025.0,81.0,4,0,0,20.0,,16.0,0.4625191817314792,0.7664092664092664
2021,3,105,DEN,Baron Browning,LB,22.0,2025.0,66.0,1,0,0,18.0,,15.0,0.38334372365583275,0.7451737451737451
2021,4,106,JAX,Jay Tufele,DL,22.0,2025.0,46.0,0,0,0,5.0,,0.0,-0.8042881474788645,0.12162162162162163
2021,4,107,NYJ,Michael Carter,RB,22.0,2025.0,61.0,2,0,0,16.0,,11.0,0.06664189135324682,0.6447876447876448
2021,4,108,ATL,Darren Hall,CB,21.0,2025.0,48.0,1,0,0,5.0,,4.0,-0.48758631517627854,0.4594594594594595
2021,4,109,TEN,Dez Fitzpatrick,WR,23.0,2024.0,7.0,0,0,0,0.0,,0.0,-0.8042881474788645,0.12162162162162163
2021,4,110,CLE,James Hudson,OL,22.0,2025.0,60.0,0,0,0,9.0,,8.0,-0.17088448287369262,0.581081081081081
2021,4,111,CIN,Cameron Sample,DE,21.0,2025.0,61.0,0,0,0,7.0,,7.0,-0.2500599409493391,0.5598455598455598
2021,4,112,DET,Amon-Ra St. Brown,WR,21.0,2025.0,83.0,4,2,4,57.0,,57.0,3.708712962832985,0.9922779922779923
2021,4,113,DET,Derrick Barnes,DE,22.0,2025.0,68.0,2,0,0,17.0,,17.0,0.5416946398071257,0.7818532818532818
2021,4,114,ATL,Drew Dalman,C,22.0,2025.0,74.0,3,0,1,25.0,,15.0,0.38334372365583275,0.7451737451737451
2021,4,115,DAL,Jabril Cox,LB,23.0,2023.0,26.0,0,0,0,3.0,,2.0,-0.6459372313275715,0.36486486486486486
2021,4,116,NYG,Elerson Smith,DL,23.0,2024.0,15.0,0,0,0,1.0,,1.0,-0.725112689403218,0.2857142857142857
2021,4,117,LAR,Bobby Brown,DL,21.0,2025.0,66.0,2,0,0,16.0,,13.0,0.2249928075045398,0.6988416988416989
2021,4,118,LAC,Chris Rumph,DE,22.0,2025.0,54.0,0,0,0,4.0,,3.0,-0.566761773251925,0.42084942084942084
2021,4,119,MIN,Kene Nwangwu,RB,23.0,2025.0,51.0,0,0,0,5.0,,3.0,-0.566761773251925,0.42084942084942084
2021,4,120,NWE,Rhamondre Stevenson,RB,23.0,2025.0,70.0,3,0,0,28.0,,28.0,1.4126246786392371,0.9034749034749034
2021,4,121,JAX,Jordan Smith,OLB,23.0,2021.0,2.0,0,0,0,0.0,,0.0,-0.8042881474788645,0.12162162162162163
2021,4,122,CIN,Tyler Shelvin,DT,23.0,2022.0,5.0,0,0,0,0.0,,0.0,-0.8042881474788645,0.12162162162162163
2021,4,123,PHI,Zech McPhearson,DB,23.0,2022.0,33.0,0,0,0,2.0,,2.0,-0.6459372313275715,0.36486486486486486
2021,4,124,WAS,John Bates,TE,23.0,2025.0,82.0,1,0,0,6.0,,6.0,-0.3292353990249856,0.5212355212355212
2021,4,125,MIN,Camryn Bynum,CB,23.0,2025.0,82.0,4,0,0,26.0,,19.0,0.7000455559584187,0.8127413127413128
2021,4,126,CAR,Chuba Hubbard,RB,22.0,2025.0,79.0,2,0,0,27.0,,27.0,1.3334492205635906,0.8938223938223938
2021,4,127,IND,Kylen Granson,TE,23.0,2025.0,79.0,0,0,0,8.0,,8.0,-0.17088448287369262,0.581081081081081
2021,4,128,PIT,Dan Moore,OL,22.0,2025.0,82.0,5,0,0,32.0,,28.0,1.4126246786392371,0.9034749034749034
2021,4,129,TAM,Jaelon Darden,WR,22.0,2024.0,36.0,0,0,0,0.0,,0.0,-0.8042881474788645,0.12162162162162163
2021,4,130,LAR,Robert Rochell,DB,23.0,2025.0,54.0,0,0,0,4.0,,3.0,-0.566761773251925,0.42084942084942084
2021,4,131,BAL,Tylan Wallace,WR,22.0,2025.0,68.0,0,0,0,3.0,,3.0,-0.566761773251925,0.42084942084942084
2021,4,132,CLE,Tommy Togiai,DT,21.0,2025.0,41.0,0,0,0,7.0,,2.0,-0.6459372313275715,0.36486486486486486
2021,4,133,NOR,Ian Book,QB,23.0,2021.0,1.0,0,0,0,0.0,,0.0,-0.8042881474788645,0.12162162162162163
2021,4,134,MIN,Janarius Robinson,DE,22.0,2024.0,16.0,0,0,0,2.0,,0.0,-0.8042881474788645,0.12162162162162163
2021,4,135,TEN,Rashad Weaver,DL,23.0,2024.0,36.0,0,0,0,5.0,,5.0,-0.4084108571006321,0.4864864864864865
2021,4,136,ARI,Marco Wilson,CB,22.0,2025.0,64.0,3,0,0,12.0,,12.0,0.1458173494288933,0.6737451737451737
2021,4,137,SEA,Tre Brown,CB,23.0,2025.0,49.0,0,0,0,6.0,,6.0,-0.3292353990249856,0.5212355212355212
2021,4,138,DAL,Josh Ball,OL,23.0,2022.0,13.0,0,0,0,1.0,,1.0,-0.725112689403218,0.2857142857142857
2021,4,139,CIN,D'Ante Smith,T,23.0,2022.0,3.0,0,0,0,1.0,,1.0,-0.725112689403218,0.2857142857142857
2021,4,140,PIT,Buddy Johnson,LB,22.0,2025.0,33.0,0,0,0,2.0,,0.0,-0.8042881474788645,0.12162162162162163
2021,4,141,LAR,Jacob Harris,WR,24.0,2023.0,18.0,0,0,0,0.0,,0.0,-0.8042881474788645,0.12162162162162163
2021,4,142,GNB,Royce Newman,G,24.0,2024.0,52.0,1,0,0,14.0,,14.0,0.3041682655801863,0.7200772200772201
2021,4,143,LVR,Tyree Gillespie,S,23.0,2022.0,14.0,0,0,0,1.0,,1.0,-0.725112689403218,0.2857142857142857
2021,4,144,KAN,Joshua Kaindoh,DE,22.0,2021.0,3.0,0,0,0,0.0,,0.0,-0.8042881474788645,0.12162162162162163
2021,5,145,JAX,Luke Farrell,TE,23.0,2025.0,83.0,0,0,0,3.0,,2.0,-0.6459372313275715,0.36486486486486486
2021,5,146,NYJ,Jamien Sherwood,DB,21.0,2025.0,73.0,2,0,0,16.0,,16.0,0.4625191817314792,0.7664092664092664
2021,5,147,HOU,Brevin Jordan,TE,21.0,2024.0,36.0,0,0,0,4.0,,4.0,-0.48758631517627854,0.4594594594594595
2021,5,148,ATL,Ta'Quon Graham,DL,22.0,2025.0,51.0,1,0,0,9.0,,9.0,-0.09170902479804614,0.6023166023166023
2021,5,149,CIN,Evan McPherson,K,22.0,2025.0,78.0,3,0,0,15.0,,15.0,0.38334372365583275,0.7451737451737451
2021,5,150,PHI,Kenneth Gainwell,RB,22.0,2025.0,83.0,0,0,0,24.0,,15.0,0.38334372365583275,0.7451737451737451
2021,5,151,CHI,Larry Borom,OL,22.0,2025.0,63.0,2,0,0,17.0,,13.0,0.2249928075045398,0.6988416988416989
2021,5,152,DEN,Caden Sterns,DB,21.0,2023.0,21.0,0,0,0,3.0,,3.0,-0.566761773251925,0.42084942084942084
2021,5,153,CLE,Tony Fields,LB,22.0,2024.0,45.0,0,0,0,9.0,,9.0,-0.09170902479804614,0.6023166023166023
2021,5,154,NYJ,Michael Carter II,S,22.0,2025.0,73.0,0,0,0,11.0,,10.0,-0.012533566722399664,0.6235521235521235
2021,5,155,SFO,Jaylon Moore,T,23.0,2025.0,70.0,0,0,0,11.0,,8.0,-0.17088448287369262,0.581081081081081
2021,5,156,PIT,Isaiahh Loudermilk,DE,23.0,2025.0,60.0,0,0,0,6.0,,6.0,-0.3292353990249856,0.5212355212355212
2021,5,157,MIN,Ihmir Smith-Marsette,WR,22.0,2024.0,48.0,0,0,0,4.0,,1.0,-0.725112689403218,0.2857142857142857
2021,5,158,CAR,Daviyon Nixon,DT,22.0,2022.0,14.0,0,0,0,1.0,,1.0,-0.725112689403218,0.2857142857142857
2021,5,159,LAC,Brenden Jaimes,OL,22.0,2025.0,50.0,0,0,0,5.0,,5.0,-0.4084108571006321,0.4864864864864865
2021,5,160,BAL,Shaun Wade,CB,22.0,2023.0,20.0,0,0,0,3.0,,0.0,-0.8042881474788645,0.12162162162162163
2021,5,161,BUF,Tommy Doyle,OL,23.0,2022.0,12.0,0,0,0,1.0,,1.0,-0.725112689403218,0.2857142857142857
2021,5,162,KAN,Noah Gray,TE,22.0,2025.0,83.0,2,0,0,11.0,,11.0,0.06664189135324682,0.6447876447876448
2021,5,163,WAS,Darrick Forrest,S,22.0,2024.0,40.0,1,0,0,7.0,,7.0,-0.2500599409493391,0.5598455598455598
2021,5,164,DEN,Jamar Johnson,DB,21.0,2021.0,3.0,0,0,0,0.0,,0.0,-0.8042881474788645,0.12162162162162163
2021,5,165,IND,Shawn Davis,DB,23.0,2021.0,1.0,0,0,0,0.0,,0.0,-0.8042881474788645,0.12162162162162163
2021,5,166,CAR,Keith Taylor,DB,22.0,2025.0,47.0,0,0,0,5.0,,4.0,-0.48758631517627854,0.4594594594594595
2021,5,167,LVR,Nate Hobbs,CB,22.0,2025.0,62.0,3,0,0,14.0,,12.0,0.1458173494288933,0.6737451737451737
2021,5,168,MIN,Zach Davidson,TE,23.0,2025.0,3.0,0,0,0,0.0,,0.0,-0.8042881474788645,0.12162162162162163
2021,5,169,CLE,Richard LeCounte,DB,22.0,2023.0,12.0,0,0,0,1.0,,1.0,-0.725112689403218,0.2857142857142857
2021,5,170,HOU,Garret Wallow,LB,22.0,2025.0,46.0,0,0,0,5.0,,4.0,-0.48758631517627854,0.4594594594594595
2021,5,171,BAL,Daelin Hayes,DL,23.0,2021.0,1.0,0,0,0,0.0,,0.0,-0.8042881474788645,0.12162162162162163
2021,5,172,SFO,Deommodore Lenoir,CB,21.0,2025.0,79.0,4,0,0,21.0,,21.0,0.8583964721097116,0.8474903474903475
2021,5,173,GNB,Tedarrell Slaton,DL,23.0,2025.0,85.0,3,0,0,23.0,,17.0,0.5416946398071257,0.7818532818532818
2021,5,174,LAR,Earnest Brown IV,DE,22.0,2024.0,15.0,0,0,0,1.0,,1.0,-0.725112689403218,0.2857142857142857
2021,5,175,NYJ,Jason Pinnock,CB,22.0,2025.0,75.0,2,0,0,16.0,,1.0,-0.725112689403218,0.2857142857142857
2021,5,176,TAM,K.J. Britt,LB,22.0,2025.0,76.0,1,0,0,10.0,,10.0,-0.012533566722399664,0.6235521235521235
2021,5,177,NWE,Cameron McGrone,LB,21.0,2025.0,27.0,0,0,0,2.0,,0.0,-0.8042881474788645,0.12162162162162163
2021,5,178,GNB,Shemar Jean-Charles,DB,23.0,2024.0,37.0,0,0,0,2.0,,1.0,-0.725112689403218,0.2857142857142857
2021,5,179,DAL,Simi Fehoko,WR,23.0,2025.0,32.0,0,0,0,1.0,,0.0,-0.8042881474788645,0.12162162162162163
2021,5,180,SFO,Talanoa Hufanga,S,22.0,2025.0,66.0,3,1,1,29.0,,19.0,0.7000455559584187,0.8127413127413128
2021,5,181,KAN,Cornell Powell,WR,23.0,2022.0,3.0,0,0,0,0.0,,0.0,-0.8042881474788645,0.12162162162162163
2021,5,182,ATL,Adetokunbo Ogundeji,DL,22.0,2024.0,35.0,2,0,0,10.0,,10.0,-0.012533566722399664,0.6235521235521235
2021,5,183,ATL,Avery Williams,CB,23.0,2025.0,50.0,0,0,0,2.0,,2.0,-0.6459372313275715,0.36486486486486486
2021,5,184,BAL,Ben Mason,FB,22.0,2023.0,1.0,0,0,0,0.0,,0.0,-0.8042881474788645,0.12162162162162163
2021,6,185,LAC,Nick Niemann,LB,23.0,2025.0,71.0,0,0,0,5.0,,5.0,-0.4084108571006321,0.4864864864864865
2021,6,186,NYJ,Hamsah Nasirildeen,DB,22.0,2022.0,19.0,0,0,0,2.0,,2.0,-0.6459372313275715,0.36486486486486486
2021,6,187,ATL,Frank Darby,WR,23.0,2023.0,16.0,0,0,0,0.0,,0.0,-0.8042881474788645,0.12162162162162163
2021,6,188,NWE,Joshuah Bledsoe,S,22.0,2023.0,4.0,0,0,0,0.0,,0.0,-0.8042881474788645,0.12162162162162163
2021,6,189,PHI,Marlon Tuipulotu,DL,22.0,2025.0,33.0,0,0,0,2.0,,2.0,-0.6459372313275715,0.36486486486486486
2021,6,190,CIN,Trey Hill,OL,21.0,2024.0,25.0,0,0,0,3.0,,3.0,-0.566761773251925,0.42084942084942084
2021,6,191,PHI,Tarron Jackson,DE,23.0,2024.0,24.0,0,0,0,1.0,,1.0,-0.725112689403218,0.2857142857142857
2021,6,192,DAL,Quinton Bohanna,DT,22.0,2025.0,40.0,1,0,0,8.0,,6.0,-0.3292353990249856,0.5212355212355212
2021,6,193,CAR,Deonte Brown,OL,23.0,2021.0,3.0,0,0,0,0.0,,0.0,-0.8042881474788645,0.12162162162162163
2021,6,194,SFO,Elijah Mitchell,RB,23.0,2025.0,28.0,0,0,0,11.0,,11.0,0.06664189135324682,0.6447876447876448
2021,6,195,HOU,Roy Lopez,DL,24.0,2025.0,80.0,3,0,0,22.0,,12.0,0.1458173494288933,0.6737451737451737
2021,6,196,NYG,Gary Brightwell,RB,22.0,2025.0,41.0,0,0,0,1.0,,1.0,-0.725112689403218,0.2857142857142857
2021,6,197,NWE,William Sherman,OL,22.0,2025.0,8.0,0,0,0,1.0,,0.0,-0.8042881474788645,0.12162162162162163
2021,6,198,LAC,Larry Rountree,RB,22.0,2022.0,16.0,0,0,0,1.0,,1.0,-0.725112689403218,0.2857142857142857
2021,6,199,MIN,Jaylen Twyman,DL,22.0,,,0,0,0,,,0.0,-0.8042881474788645,0.12162162162162163
2021,6,200,NYJ,Brandin Echols,CB,23.0,2025.0,73.0,1,0,0,11.0,,9.0,-0.09170902479804614,0.6023166023166023
2021,6,201,NYG,Rodarius Williams,CB,24.0,2022.0,8.0,0,0,0,1.0,,1.0,-0.725112689403218,0.2857142857142857
2021,6,202,CIN,Chris Evans,RB,23.0,2023.0,34.0,0,0,0,2.0,,2.0,-0.6459372313275715,0.36486486486486486
2021,6,203,BUF,Marquez Stevenson,WR,23.0,2021.0,5.0,0,0,0,0.0,,0.0,-0.8042881474788645,0.12162162162162163
2021,6,204,CAR,Shi Smith,WR,22.0,2022.0,23.0,0,0,0,4.0,,4.0,-0.48758631517627854,0.4594594594594595
2021,6,205,TEN,Racey McMath,WR,22.0,2022.0,14.0,0,0,0,0.0,,0.0,-0.8042881474788645,0.12162162162162163
2021,6,206,NOR,Landon Young,T,24.0,2024.0,56.0,0,0,0,9.0,,9.0,-0.09170902479804614,0.6023166023166023
2021,6,207,NYJ,Jonathan Marshall,DL,23.0,2021.0,4.0,0,0,0,0.0,,0.0,-0.8042881474788645,0.12162162162162163
2021,6,208,SEA,Stone Forsythe,OL,23.0,2025.0,70.0,1,0,0,13.0,,9.0,-0.09170902479804614,0.6023166023166023
2021,6,209,JAX,Jalen Camp,WR,23.0,2022.0,5.0,0,0,0,0.0,,0.0,-0.8042881474788645,0.12162162162162163
2021,6,210,ARI,Victor Dimukeje,DE,21.0,2025.0,60.0,0,0,0,6.0,,6.0,-0.3292353990249856,0.5212355212355212
2021,6,211,CLE,Demetric Felton,RB,23.0,2022.0,24.0,0,0,0,2.0,,2.0,-0.6459372313275715,0.36486486486486486
2021,6,212,BUF,Damar Hamlin,DB,23.0,2025.0,53.0,2,0,0,11.0,,11.0,0.06664189135324682,0.6447876447876448
2021,6,213,BUF,Rachad Wildgoose,CB,21.0,2022.0,20.0,0,0,0,2.0,,0.0,-0.8042881474788645,0.12162162162162163
2021,6,214,GNB,Cole Van Lanen,OL,23.0,2025.0,51.0,1,0,0,9.0,,0.0,-0.8042881474788645,0.12162162162162163
2021,6,215,TEN,Brady Breeze,S,23.0,2022.0,11.0,0,0,0,0.0,,0.0,-0.8042881474788645,0.12162162162162163
2021,6,216,PIT,Quincy Roche,DL,23.0,2022.0,17.0,0,0,0,2.0,,0.0,-0.8042881474788645,0.12162162162162163
2021,6,217,CHI,Khalil Herbert,RB,23.0,2025.0,63.0,1,0,0,13.0,,12.0,0.1458173494288933,0.6737451737451737
2021,6,218,IND,Sam Ehlinger,QB,22.0,2023.0,8.0,0,0,0,2.0,,2.0,-0.6459372313275715,0.36486486486486486
2021,6,219,DEN,Seth Williams,WR,21.0,2021.0,2.0,0,0,0,0.0,,0.0,-0.8042881474788645,0.12162162162162163
2021,6,220,GNB,Isaiah McDuffie,LB,22.0,2025.0,80.0,2,0,0,19.0,,19.0,0.7000455559584187,0.8127413127413128
2021,6,221,CHI,Dazz Newsome,WR,22.0,2021.0,3.0,0,0,0,0.0,,0.0,-0.8042881474788645,0.12162162162162163
2021,6,222,CAR,Thomas Fletcher,LS,22.0,,,0,0,0,,,0.0,-0.8042881474788645,0.12162162162162163
2021,6,223,ARI,Tay Gowan,DB,23.0,2023.0,6.0,0,0,0,0.0,,0.0,-0.8042881474788645,0.12162162162162163
2021,6,224,PHI,JaCoby Stevens,S,23.0,2021.0,2.0,0,0,0,0.0,,0.0,-0.8042881474788645,0.12162162162162163
2021,6,225,WAS,Camaron Cheeseman,LS,23.0,2023.0,48.0,0,0,0,3.0,,3.0,-0.566761773251925,0.42084942084942084
2021,6,226,KAN,Trey Smith,OL,22.0,2025.0,79.0,5,0,2,36.0,,36.0,2.046028343244409,0.9555984555984556
2021,6,227,DAL,Israel Mukuamu,DB,21.0,2025.0,51.0,0,0,0,4.0,,4.0,-0.48758631517627854,0.4594594594594595
2021,6,228,CHI,Thomas Graham,CB,22.0,2024.0,12.0,0,0,0,0.0,,0.0,-0.8042881474788645,0.12162162162162163
2021,7,229,IND,Mike Strachan,WR,24.0,2023.0,23.0,0,0,0,0.0,,0.0,-0.8042881474788645,0.12162162162162163
2021,7,230,LVR,Jimmy Morrissey,OL,23.0,2025.0,15.0,0,0,0,1.0,,0.0,-0.8042881474788645,0.12162162162162163
2021,7,231,MIA,Larnel Coleman,T,23.0,2022.0,1.0,0,0,0,0.0,,0.0,-0.8042881474788645,0.12162162162162163
2021,7,232,CAR,Phil Hoskins,DT,24.0,2023.0,13.0,0,0,0,1.0,,0.0,-0.8042881474788645,0.12162162162162163
2021,7,233,LAR,Jake Funk,RB,23.0,2023.0,20.0,0,0,0,0.0,,0.0,-0.8042881474788645,0.12162162162162163
2021,7,234,PHI,Patrick Johnson,DE,23.0,2025.0,70.0,0,0,0,6.0,,5.0,-0.4084108571006321,0.4864864864864865
2021,7,235,CIN,Wyatt Hubert,DE,23.0,,,0,0,0,,,0.0,-0.8042881474788645,0.12162162162162163
2021,7,236,BUF,Jack Anderson,OL,22.0,2023.0,15.0,0,0,0,2.0,,0.0,-0.8042881474788645,0.12162162162162163
2021,7,237,DEN,Kary Vincent Jr.,CB,22.0,2021.0,2.0,0,0,0,0.0,,0.0,-0.8042881474788645,0.12162162162162163
2021,7,238,DAL,Matt Farniok,G,23.0,2022.0,19.0,0,0,0,2.0,,2.0,-0.6459372313275715,0.36486486486486486
2021,7,239,DEN,Jonathon Cooper,DE,23.0,2025.0,81.0,4,0,0,32.0,,32.0,1.729326510941823,0.9305019305019305
2021,7,240,WAS,William Bradley-King,OLB,23.0,2022.0,4.0,0,0,0,0.0,,0.0,-0.8042881474788645,0.12162162162162163
2021,7,241,LAC,Mark Webb,DB,22.0,2021.0,7.0,0,0,0,0.0,,0.0,-0.8042881474788645,0.12162162162162163
2021,7,242,NWE,Tre Nixon,WR,23.0,,,0,0,0,,,0.0,-0.8042881474788645,0.12162162162162163
2021,7,243,ARI,James Wiggins,S,24.0,2021.0,3.0,0,0,0,0.0,,0.0,-0.8042881474788645,0.12162162162162163
2021,7,244,MIA,Gerrid Doaks,RB,23.0,,,0,0,0,,,0.0,-0.8042881474788645,0.12162162162162163
2021,7,245,PIT,Tre Norwood,DB,22.0,2022.0,32.0,0,0,0,3.0,,3.0,-0.566761773251925,0.42084942084942084
2021,7,246,WAS,Shaka Toney,DE,23.0,2022.0,26.0,0,0,0,2.0,,2.0,-0.6459372313275715,0.36486486486486486
2021,7,247,ARI,Michal Menet,OL,24.0,,,0,0,0,,,0.0,-0.8042881474788645,0.12162162162162163
2021,7,248,IND,Will Fries,OL,23.0,2025.0,58.0,3,0,0,17.0,,11.0,0.06664189135324682,0.6447876447876448
2021,7,249,LAR,Ben Skowronek,WR,24.0,2025.0,72.0,1,0,1,8.0,,6.0,-0.3292353990249856,0.5212355212355212
2021,7,250,CHI,Khyiris Tonga,DL,25.0,2025.0,67.0,0,0,0,9.0,,2.0,-0.6459372313275715,0.36486486486486486
2021,7,251,TAM,Chris Wilcox,DB,23.0,,,0,0,0,,,0.0,-0.8042881474788645,0.12162162162162163
2021,7,252,LAR,Chris Garrett,DE,23.0,2021.0,1.0,0,0,0,0.0,,0.0,-0.8042881474788645,0.12162162162162163
2021,7,253,DEN,Marquiss Spencer,DE,24.0,2021.0,1.0,0,0,0,0.0,,0.0,-0.8042881474788645,0.12162162162162163
2021,7,254,PIT,Pressley Harvin III,P,22.0,2023.0,47.0,2,0,0,4.0,,4.0,-0.48758631517627854,0.4594594594594595
2021,7,255,NOR,Kawaan Baker,WR,23.0,2021.0,2.0,0,0,0,0.0,,0.0,-0.8042881474788645,0.12162162162162163
2021,7,256,GNB,Kylin Hill,RB,23.0,2022.0,10.0,0,0,0,0.0,,0.0,-0.8042881474788645,0.12162162162162163
2021,7,257,DET,Jermar Jefferson,RB,21.0,2025.0,11.0,0,0,0,1.0,,1.0,-0.725112689403218,0.2857142857142857
2021,7,258,WAS,Dax Milne,WR,22.0,2022.0,28.0,0,0,0,1.0,,1.0,-0.725112689403218,0.2857142857142857
2021,7,259,TAM,Grant Stuard,LB,22.0,2025.0,83.0,0,0,0,7.0,,1.0,-0.725112689403218,0.2857142857142857
2022,1,1,JAX,Travon Walker,DE,21.0,2025.0,63.0,4,0,0,26.0,,26.0,1.5912476819317007,0.9083969465648855
2022,1,2,DET,Aidan Hutchinson,DE,22.0,2025.0,56.0,3,0,2,31.0,,31.0,2.083812536215852,0.9580152671755725
2022,1,3,HOU,Derek Stingley Jr.,CB,21.0,2025.0,54.0,4,2,2,36.0,,36.0,2.5763773905000034,0.9923664122137404
2022,1,4,NYJ,Sauce Gardner,CB,22.0,2025.0,59.0,3,2,2,33.0,,32.0,2.182325507072682,0.9694656488549618
2022,1,5,NYG,Kayvon Thibodeaux,DE,21.0,2025.0,53.0,3,0,0,24.0,,24.0,1.3942217402180404,0.8721374045801527
2022,1,6,CAR,Ikem Ekwonu,T,21.0,2025.0,64.0,4,0,0,25.0,,25.0,1.4927347110748705,0.8854961832061069
2022,1,7,NYG,Evan Neal,OL,21.0,2024.0,29.0,1,0,0,11.0,,11.0,0.11355311907924706,0.6145038167938931
2022,1,8,ATL,Drake London,WR,21.0,2025.0,62.0,4,0,0,32.0,,32.0,2.182325507072682,0.9694656488549618
2022,1,9,SEA,Charles Cross,OL,21.0,2025.0,62.0,4,0,0,28.0,,28.0,1.7882736236453614,0.9389312977099237
2022,1,10,NYJ,Garrett Wilson,WR,22.0,2025.0,58.0,3,0,0,27.0,,27.0,1.6897606527885312,0.9274809160305344
2022,1,11,NOR,Chris Olave,WR,22.0,2025.0,55.0,4,0,0,27.0,,27.0,1.6897606527885312,0.9274809160305344
2022,1,12,DET,Jameson Williams,WR,21.0,2025.0,50.0,2,0,0,26.0,,26.0,1.5912476819317007,0.9083969465648855
2022,1,13,PHI,Jordan Davis,DT,22.0,2025.0,64.0,3,0,0,24.0,,24.0,1.3942217402180404,0.8721374045801527
2022,1,14,BAL,Kyle Hamilton,S,21.0,2025.0,64.0,3,2,3,31.0,,31.0,2.083812536215852,0.9580152671755725
2022,1,15,HOU,Kenyon Green,OL,21.0,2024.0,27.0,2,0,0,8.0,,8.0,-0.1819857934912437,0.5458015267175572
2022,1,16,WAS,Jahan Dotson,WR,22.0,2025.0,63.0,3,0,0,12.0,,8.0,-0.1819857934912437,0.5458015267175572
2022,1,17,LAC,Zion Johnson,G,22.0,2025.0,66.0,4,0,0,25.0,,25.0,1.4927347110748705,0.8854961832061069
2022,1,18,TEN,Treylon Burks,WR,22.0,2025.0,35.0,1,0,0,7.0,,6.0,-0.37901173520490417,0.5
2022,1,19,NOR,Trevor Penning,T,23.0,2025.0,53.0,1,0,0,15.0,,13.0,0.3105790607929076,0.6851145038167938
2022,1,20,PIT,Kenny Pickett,QB,24.0,2025.0,36.0,2,0,0,14.0,,13.0,0.3105790607929076,0.6851145038167938
2022,1,21,KAN,Trent McDuffie,CB,21.0,2025.0,56.0,4,1,0,33.0,,33.0,2.2808384779295126,0.9790076335877863
2022,1,22,GNB,Quay Walker,LB,22.0,2025.0,58.0,4,0,0,22.0,,22.0,1.1971957985043797,0.8473282442748091
2022,1,23,BUF,Kaiir Elam,CB,21.0,2025.0,43.0,0,0,0,9.0,,6.0,-0.37901173520490417,0.5
2022,1,24,DAL,Tyler Smith,OL,21.0,2025.0,63.0,4,0,3,33.0,,33.0,2.2808384779295126,0.9790076335877863
2022,1,25,BAL,Tyler Linderbaum,OL,22.0,2025.0,66.0,4,0,3,34.0,,34.0,2.379351448786343,0.9847328244274809
2022,1,26,NYJ,Jermaine Johnson II,LB,23.0,2025.0,47.0,2,0,1,19.0,,19.0,0.901656885933889,0.7958015267175572
2022,1,27,JAX,Devin Lloyd,LB,23.0,2025.0,63.0,4,0,1,35.0,,35.0,2.477864419643173,0.9885496183206107
2022,1,28,GNB,Devonte Wyatt,DT,24.0,2025.0,57.0,1,0,0,10.0,,10.0,0.015040148222416814,0.5877862595419847
2022,1,29,NWE,Cole Strange,OL,24.0,2025.0,44.0,3,0,0,15.0,,11.0,0.11355311907924706,0.6145038167938931
2022,1,30,KAN,George Karlaftis III,DE,21.0,2025.0,65.0,4,0,0,27.0,,27.0,1.6897606527885312,0.9274809160305344
2022,1,31,CIN,Daxton Hill,DB,21.0,2025.0,54.0,2,0,0,13.0,,13.0,0.3105790607929076,0.6851145038167938
2022,1,32,MIN,Lewis Cine,DB,22.0,2024.0,11.0,0,0,0,0.0,,0.0,-0.9700895603458857,0.08206106870229007
2022,2,33,TAM,Logan Hall,DE,22.0,2025.0,66.0,2,0,0,19.0,,19.0,0.901656885933889,0.7958015267175572
2022,2,34,GNB,Christian Watson,WR,23.0,2025.0,48.0,4,0,0,22.0,,22.0,1.1971957985043797,0.8473282442748091
2022,2,35,TEN,Roger McCreary,CB,22.0,2025.0,61.0,2,0,0,13.0,,13.0,0.3105790607929076,0.6851145038167938
2022,2,36,NYJ,Breece Hall,RB,21.0,2025.0,56.0,3,0,0,28.0,,28.0,1.7882736236453614,0.9389312977099237
2022,2,37,HOU,Jalen Pitre,S,23.0,2025.0,58.0,4,0,0,21.0,,21.0,1.0986828276475495,0.8320610687022901
2022,2,38,ATL,Arnold Ebiketie,DE,23.0,2025.0,67.0,0,0,0,10.0,,10.0,0.015040148222416814,0.5877862595419847
2022,2,39,CHI,Kyler Gordon,CB,22.0,2025.0,45.0,2,0,0,12.0,,12.0,0.2120660899360773,0.6507633587786259
2022,2,40,SEA,Boye Mafe,DE,23.0,2025.0,65.0,1,0,0,16.0,,16.0,0.6061179733633983,0.7442748091603053
2022,2,41,SEA,Kenneth Walker III,RB,21.0,2025.0,58.0,4,0,0,28.0,,28.0,1.7882736236453614,0.9389312977099237
2022,2,42,MIN,Andrew Booth,CB,21.0,2024.0,30.0,0,0,0,3.0,,2.0,-0.7730636186322252,0.31297709923664124
2022,2,43,NYG,Wan'Dale Robinson,WR,21.0,2025.0,54.0,1,0,0,20.0,,20.0,1.0001698567907193,0.816793893129771
2022,2,44,HOU,John Metchie,WR,22.0,2025.0,45.0,0,0,0,5.0,,3.0,-0.674550647775395,0.3931297709923664
2022,2,45,BAL,David Ojabo,LB,22.0,2025.0,32.0,0,0,0,3.0,,3.0,-0.674550647775395,0.3931297709923664
2022,2,46,DET,Josh Paschal,DE,22.0,2024.0,36.0,0,0,0,9.0,,9.0,-0.08347282263441344,0.566793893129771
2022,2,47,WAS,Phidarian Mathis,DT,24.0,2025.0,29.0,0,0,0,2.0,,2.0,-0.7730636186322252,0.31297709923664124
2022,2,48,CHI,Jaquan Brisker,S,23.0,2025.0,52.0,3,0,0,15.0,,15.0,0.507605002506568,0.7213740458015268
2022,2,49,NOR,Alontae Taylor,DB,23.0,2025.0,64.0,4,0,0,19.0,,19.0,0.901656885933889,0.7958015267175572
2022,2,50,NWE,Tyquan Thornton,WR,21.0,2025.0,42.0,1,0,0,7.0,,3.0,-0.674550647775395,0.3931297709923664
2022,2,51,PHI,Cam Jurgens,OL,23.0,2025.0,58.0,3,0,2,20.0,,20.0,1.0001698567907193,0.816793893129771
2022,2,52,PIT,George Pickens,WR,21.0,2025.0,65.0,4,0,1,36.0,,23.0,1.2957087693612102,0.8625954198473282
2022,2,53,IND,Alec Pierce,WR,22.0,2025.0,64.0,4,0,0,26.0,,26.0,1.5912476819317007,0.9083969465648855
2022,2,54,KAN,Skyy Moore,WR,21.0,2025.0,53.0,0,0,0,5.0,,4.0,-0.5760376769185647,0.4484732824427481
2022,2,55,ARI,Trey McBride,TE,22.0,2025.0,66.0,4,1,2,29.0,,29.0,1.8867865945021915,0.9484732824427481
2022,2,56,DAL,Sam Williams,DE,23.0,2025.0,49.0,0,0,0,7.0,,7.0,-0.2804987643480739,0.5267175572519084
2022,2,57,TAM,Luke Goedeke,OL,23.0,2025.0,52.0,3,0,0,22.0,,22.0,1.1971957985043797,0.8473282442748091
2022,2,58,ATL,Troy Andersen,LB,23.0,2024.0,26.0,0,0,0,6.0,,6.0,-0.37901173520490417,0.5
2022,2,59,MIN,Ed Ingram,G,23.0,2025.0,62.0,4,0,0,21.0,,16.0,0.6061179733633983,0.7442748091603053
2022,2,60,CIN,Cam Taylor-Britt,CB,22.0,2025.0,47.0,3,0,0,15.0,,15.0,0.507605002506568,0.7213740458015268
2022,2,61,SFO,Drake Jackson,OLB,21.0,2025.0,26.0,0,0,0,3.0,,3.0,-0.674550647775395,0.3931297709923664
2022,2,62,KAN,Bryan Cook,S,23.0,2025.0,62.0,3,0,0,18.0,,18.0,0.8031439150770588,0.7767175572519084
2022,2,63,BUF,James Cook,RB,22.0,2025.0,66.0,3,0,3,43.0,,43.0,3.2659681864978154,0.9961832061068703
2022,2,64,DEN,Nik Bonitto,OLB,22.0,2025.0,64.0,2,0,2,32.0,,32.0,2.182325507072682,0.9694656488549618
2022,3,65,JAX,Luke Fortner,G,24.0,2025.0,68.0,3,0,0,20.0,,16.0,0.6061179733633983,0.7442748091603053
2022,3,66,MIN,Brian Asamoah,LB,22.0,2025.0,50.0,0,0,0,3.0,,3.0,-0.674550647775395,0.3931297709923664
2022,3,67,NYG,Joshua Ezeudu,OL,22.0,2024.0,33.0,0,0,0,5.0,,5.0,-0.4775247060617344,0.4732824427480916
2022,3,68,CLE,Martin Emerson,CB,21.0,2024.0,50.0,2,0,0,13.0,,13.0,0.3105790607929076,0.6851145038167938
2022,3,69,TEN,Nicholas Petit-Frere,T,22.0,2024.0,34.0,1,0,0,11.0,,11.0,0.11355311907924706,0.6145038167938931
2022,3,70,JAX,Chad Muma,LB,23.0,2025.0,58.0,0,0,0,6.0,,6.0,-0.37901173520490417,0.5
2022,3,71,CHI,Velus Jones Jr.,WR,25.0,2025.0,37.0,0,0,0,3.0,,3.0,-0.674550647775395,0.3931297709923664
2022,3,72,SEA,Abraham Lucas,OL,23.0,2025.0,46.0,2,0,0,23.0,,23.0,1.2957087693612102,0.8625954198473282
2022,3,73,IND,Jelani Woods,TE,23.0,2025.0,19.0,0,0,0,2.0,,2.0,-0.7730636186322252,0.31297709923664124
2022,3,74,ATL,Desmond Ridder,QB,23.0,2024.0,25.0,1,0,0,13.0,,12.0,0.2120660899360773,0.6507633587786259
2022,3,75,HOU,Christian Harris,LB,21.0,2025.0,46.0,2,0,0,14.0,,14.0,0.40909203164973784,0.7061068702290076
2022,3,76,BAL,Travis Jones,DT,22.0,2025.0,65.0,2,0,0,15.0,,15.0,0.507605002506568,0.7213740458015268
2022,3,77,IND,Bernhard Raimann,OL,24.0,2025.0,61.0,4,0,0,25.0,,25.0,1.4927347110748705,0.8854961832061069
2022,3,78,CLE,Alex Wright,DE,22.0,2025.0,51.0,1,0,0,11.0,,11.0,0.11355311907924706,0.6145038167938931
2022,3,79,LAC,JT Woods,S,22.0,2023.0,13.0,0,0,0,1.0,,1.0,-0.8715765894890555,0.21755725190839695
2022,3,80,DEN,Greg Dulcich,TE,22.0,2025.0,31.0,0,0,0,6.0,,3.0,-0.674550647775395,0.3931297709923664
2022,3,81,NYG,Cordale Flott,CB,21.0,2025.0,53.0,2,0,0,12.0,,12.0,0.2120660899360773,0.6507633587786259
2022,3,82,ATL,DeAngelo Malone,DE,23.0,2025.0,58.0,0,0,0,4.0,,4.0,-0.5760376769185647,0.4484732824427481
2022,3,83,PHI,Nakobe Dean,LB,21.0,2025.0,47.0,1,0,0,14.0,,14.0,0.40909203164973784,0.7061068702290076
2022,3,84,PIT,DeMarvin Leal,DT,22.0,2025.0,32.0,0,0,0,4.0,,4.0,-0.5760376769185647,0.4484732824427481
2022,3,85,NWE,Marcus Jones,CB,23.0,2025.0,48.0,1,1,0,26.0,,26.0,1.5912476819317007,0.9083969465648855
2022,3,86,TEN,Malik Willis,QB,23.0,2025.0,22.0,0,0,0,6.0,,1.0,-0.8715765894890555,0.21755725190839695
2022,3,87,ARI,Cameron Thomas,DE,22.0,2025.0,58.0,0,0,0,4.0,,3.0,-0.674550647775395,0.3931297709923664
2022,3,88,DAL,Jalen Tolbert,WR,23.0,2025.0,55.0,1,0,0,9.0,,9.0,-0.08347282263441344,0.566793893129771
2022,3,89,BUF,Terrel Bernard,LB,23.0,2025.0,58.0,3,0,0,25.0,,25.0,1.4927347110748705,0.8854961832061069
2022,3,90,LVR,Dylan Parham,OL,23.0,2025.0,64.0,4,0,0,20.0,,20.0,1.0001698567907193,0.816793893129771
2022,3,91,TAM,Rachaad White,RB,23.0,2025.0,67.0,2,0,0,26.0,,26.0,1.5912476819317007,0.9083969465648855
2022,3,92,GNB,Sean Rhyan,OL,21.0,2025.0,47.0,2,0,0,16.0,,16.0,0.6061179733633983,0.7442748091603053
2022,3,93,SFO,Tyrion Davis-Price,RB,21.0,2024.0,8.0,0,0,0,1.0,,1.0,-0.8715765894890555,0.21755725190839695
2022,3,94,CAR,Matt Corral,QB,23.0,,,0,0,0,,,0.0,-0.9700895603458857,0.08206106870229007
2022,3,95,CIN,Zachary Carter,DE,23.0,2025.0,49.0,1,0,0,10.0,,9.0,-0.08347282263441344,0.566793893129771
2022,3,96,IND,Nick Cross,DB,20.0,2025.0,67.0,2,0,0,15.0,,15.0,0.507605002506568,0.7213740458015268
2022,3,97,DET,Kerby Joseph,DB,21.0,2025.0,55.0,3,1,0,26.0,,26.0,1.5912476819317007,0.9083969465648855
2022,3,98,WAS,Brian Robinson Jr.,RB,23.0,2025.0,58.0,3,0,0,19.0,,16.0,0.6061179733633983,0.7442748091603053
2022,3,99,CLE,David Bell,WR,21.0,2024.0,32.0,0,0,0,3.0,,3.0,-0.674550647775395,0.3931297709923664
2022,3,100,ARI,Myjai Sanders,DE,24.0,2023.0,20.0,0,0,0,3.0,,2.0,-0.7730636186322252,0.31297709923664124
2022,3,101,NYJ,Jeremy Ruckert,TE,22.0,2025.0,58.0,2,0,0,4.0,,4.0,-0.5760376769185647,0.4484732824427481
2022,3,102,MIA,Channing Tindall,LB,22.0,2025.0,51.0,0,0,0,3.0,,3.0,-0.674550647775395,0.3931297709923664
2022,3,103,KAN,Leo Chenal,LB,21.0,2025.0,65.0,3,0,0,20.0,,20.0,1.0001698567907193,0.816793893129771
2022,3,104,LAR,Logan Bruss,OL,23.0,2024.0,11.0,0,0,0,2.0,,2.0,-0.7730636186322252,0.31297709923664124
2022,3,105,SFO,Danny Gray,WR,23.0,2022.0,13.0,0,0,0,0.0,,0.0,-0.9700895603458857,0.08206106870229007
2022,4,106,TAM,Cade Otton,TE,23.0,2025.0,63.0,4,0,0,17.0,,17.0,0.7046309442202285,0.7633587786259542
2022,4,107,HOU,Dameon Pierce,RB,22.0,2025.0,43.0,1,0,0,12.0,,12.0,0.2120660899360773,0.6507633587786259
2022,4,108,CLE,Perrion Winfrey,DT,22.0,2025.0,15.0,0,0,0,1.0,,1.0,-0.8715765894890555,0.21755725190839695
2022,4,109,SEA,Coby Bryant,CB,23.0,2025.0,58.0,1,0,0,13.0,,13.0,0.3105790607929076,0.6851145038167938
2022,4,110,BAL,Daniel Faalele,T,22.0,2025.0,66.0,2,0,0,18.0,,18.0,0.8031439150770588,0.7767175572519084
2022,4,111,NYJ,Max Mitchell,T,22.0,2025.0,45.0,0,0,0,7.0,,7.0,-0.2804987643480739,0.5267175572519084
2022,4,112,NYG,Daniel Bellinger,TE,21.0,2025.0,62.0,3,0,0,9.0,,9.0,-0.08347282263441344,0.566793893129771
2022,4,113,WAS,Percy Butler,S,22.0,2025.0,63.0,1,0,0,7.0,,7.0,-0.2804987643480739,0.5267175572519084
2022,4,114,NYG,Dane Belton,DB,21.0,2025.0,66.0,1,0,0,10.0,,10.0,0.015040148222416814,0.5877862595419847
2022,4,115,DEN,Damarri Mathis,DB,23.0,2024.0,43.0,1,0,0,7.0,,7.0,-0.2804987643480739,0.5267175572519084
2022,4,116,DEN,Eyioma Uwazurike,DE,24.0,2025.0,29.0,0,0,0,3.0,,3.0,-0.674550647775395,0.3931297709923664
2022,4,117,NYJ,Micheal Clemons,DT,25.0,2025.0,65.0,1,0,0,13.0,,13.0,0.3105790607929076,0.6851145038167938
2022,4,118,MIN,Akayleb Evans,DB,23.0,2025.0,50.0,1,0,0,7.0,,6.0,-0.37901173520490417,0.5
2022,4,119,BAL,Jalyn Armour-Davis,DB,23.0,2025.0,30.0,1,0,0,5.0,,2.0,-0.7730636186322252,0.31297709923664124
2022,4,120,CAR,Brandon Smith,LB,21.0,2023.0,14.0,0,0,0,1.0,,1.0,-0.8715765894890555,0.21755725190839695
2022,4,121,NWE,Jack Jones,DB,24.0,2025.0,59.0,2,0,0,15.0,,2.0,-0.7730636186322252,0.31297709923664124
2022,4,122,LVR,Zamir White,RB,22.0,2025.0,45.0,0,0,0,5.0,,5.0,-0.4775247060617344,0.4732824427480916
2022,4,123,LAC,Isaiah Spiller,RB,21.0,2023.0,15.0,0,0,0,1.0,,1.0,-0.8715765894890555,0.21755725190839695
2022,4,124,CLE,Cade York,K,21.0,2024.0,23.0,1,0,0,1.0,,1.0,-0.8715765894890555,0.21755725190839695
2022,4,125,MIA,Erik Ezukanma,WR,22.0,2024.0,5.0,0,0,0,0.0,,0.0,-0.9700895603458857,0.08206106870229007
2022,4,126,LVR,Neil Farrell,DT,23.0,2024.0,19.0,0,0,0,2.0,,1.0,-0.8715765894890555,0.21755725190839695
2022,4,127,NWE,Pierre Strong,RB,23.0,2024.0,46.0,0,0,0,4.0,,1.0,-0.8715765894890555,0.21755725190839695
2022,4,128,BAL,Charlie Kolar,TE,23.0,2025.0,47.0,0,0,0,4.0,,4.0,-0.5760376769185647,0.4484732824427481
2022,4,129,DAL,Jake Ferguson,TE,23.0,2025.0,64.0,3,0,2,19.0,,19.0,0.901656885933889,0.7958015267175572
2022,4,130,BAL,Jordan Stout,P,24.0,2025.0,68.0,3,1,1,8.0,,8.0,-0.1819857934912437,0.5458015267175572
2022,4,131,TEN,Hassan Haskins,RB,22.0,2025.0,44.0,0,0,0,2.0,,1.0,-0.8715765894890555,0.21755725190839695
2022,4,132,GNB,Romeo Doubs,WR,22.0,2025.0,59.0,3,0,0,23.0,,23.0,1.2957087693612102,0.8625954198473282
2022,4,133,TAM,Jake Camarda,P,23.0,2024.0,38.0,2,0,0,8.0,,8.0,-0.1819857934912437,0.5458015267175572
2022,4,134,SFO,Spencer Burford,OL,22.0,2025.0,56.0,3,0,0,17.0,,17.0,0.7046309442202285,0.7633587786259542
2022,4,135,KAN,Joshua Williams,CB,22.0,2025.0,65.0,0,0,0,6.0,,6.0,-0.37901173520490417,0.5
2022,4,136,CIN,Cordell Volson,T,24.0,2024.0,50.0,3,0,0,22.0,,22.0,1.1971957985043797,0.8473282442748091
2022,4,137,NWE,Bailey Zappe,QB,23.0,2024.0,15.0,0,0,0,2.0,,2.0,-0.7730636186322252,0.31297709923664124
2022,4,138,PIT,Calvin Austin III,WR,23.0,2025.0,48.0,0,0,0,12.0,,12.0,0.2120660899360773,0.6507633587786259
2022,4,139,BAL,Isaiah Likely,TE,22.0,2025.0,63.0,1,0,0,15.0,,15.0,0.507605002506568,0.7213740458015268
2022,4,140,GNB,Zach Tom,OL,23.0,2025.0,55.0,3,0,0,26.0,,26.0,1.5912476819317007,0.9083969465648855
2022,4,141,BAL,Damarion Williams,CB,24.0,2023.0,15.0,0,0,0,1.0,,1.0,-0.8715765894890555,0.21755725190839695
2022,4,142,LAR,Cobie Durant,DB,24.0,2025.0,61.0,3,0,0,16.0,,16.0,0.6061179733633983,0.7442748091603053
2022,4,143,TEN,Chig Okonkwo,TE,22.0,2025.0,68.0,2,0,0,16.0,,16.0,0.6061179733633983,0.7442748091603053
2022,5,144,WAS,Sam Howell,QB,21.0,2024.0,20.0,1,0,0,12.0,,12.0,0.2120660899360773,0.6507633587786259
2022,5,145,KAN,Darian Kinnard,T,22.0,2025.0,20.0,0,0,0,3.0,,0.0,-0.9700895603458857,0.08206106870229007
2022,5,146,NYG,Micah McFadden,LB,22.0,2025.0,48.0,2,0,0,18.0,,18.0,0.8031439150770588,0.7767175572519084
2022,5,147,NYG,DJ Davidson,DT,22.0,2025.0,47.0,0,0,0,5.0,,5.0,-0.4775247060617344,0.4732824427480916
2022,5,148,BUF,Khalil Shakir,WR,22.0,2025.0,62.0,3,0,0,25.0,,25.0,1.4927347110748705,0.8854961832061069
2022,5,149,WAS,Cole Turner,TE,22.0,2025.0,23.0,0,0,0,1.0,,1.0,-0.8715765894890555,0.21755725190839695
2022,5,150,HOU,Thomas Booker,DE,22.0,2025.0,44.0,1,0,0,9.0,,1.0,-0.8715765894890555,0.21755725190839695
2022,5,151,ATL,Tyler Allgeier,RB,22.0,2025.0,67.0,0,0,0,20.0,,20.0,1.0001698567907193,0.816793893129771
2022,5,152,DEN,Delarrin Turner-Yell,S,22.0,2025.0,31.0,0,0,0,2.0,,2.0,-0.7730636186322252,0.31297709923664124
2022,5,153,SEA,Riq Woolen,CB,23.0,2025.0,64.0,3,0,1,22.0,,22.0,1.1971957985043797,0.8473282442748091
2022,5,154,JAX,Snoop Conner,RB,22.0,2022.0,8.0,0,0,0,0.0,,0.0,-0.9700895603458857,0.08206106870229007
2022,5,155,DAL,Matt Waletzko,OL,22.0,2024.0,11.0,0,0,0,0.0,,0.0,-0.9700895603458857,0.08206106870229007
2022,5,156,CLE,Jerome Ford,RB,22.0,2025.0,57.0,1,0,0,11.0,,11.0,0.11355311907924706,0.6145038167938931
2022,5,157,TAM,Zyon McCollum,DB,23.0,2025.0,60.0,3,0,0,17.0,,17.0,0.7046309442202285,0.7633587786259542
2022,5,158,SEA,Tyreke Smith,DE,22.0,2023.0,3.0,0,0,0,0.0,,0.0,-0.9700895603458857,0.08206106870229007
2022,5,159,IND,Eric Johnson,DT,24.0,2025.0,51.0,0,0,0,4.0,,3.0,-0.674550647775395,0.3931297709923664
2022,5,160,LAC,Otito Ogbonnia,DT,22.0,2025.0,41.0,1,0,0,12.0,,12.0,0.2120660899360773,0.6507633587786259
2022,5,161,NOR,D'Marco Jackson,LB,24.0,2025.0,43.0,0,0,0,6.0,,3.0,-0.674550647775395,0.3931297709923664
2022,5,162,DEN,Montrell Washington,WR,23.0,2024.0,22.0,0,0,0,0.0,,0.0,-0.9700895603458857,0.08206106870229007
2022,5,163,TEN,Kyle Philips,WR,23.0,2023.0,13.0,0,0,0,3.0,,3.0,-0.674550647775395,0.3931297709923664
2022,5,164,LAR,Kyren Williams,RB,22.0,2025.0,55.0,3,0,1,31.0,,31.0,2.083812536215852,0.9580152671755725
2022,5,165,MIN,Esezi Otomewo,DT,23.0,2025.0,21.0,0,0,0,2.0,,0.0,-0.9700895603458857,0.08206106870229007
2022,5,166,CIN,Tycen Anderson,S,23.0,2025.0,41.0,0,0,0,2.0,,2.0,-0.7730636186322252,0.31297709923664124
2022,5,167,DAL,DaRon Bland,DB,23.0,2025.0,53.0,2,1,1,21.0,,21.0,1.0986828276475495,0.8320610687022901
2022,5,168,CHI,Braxton Jones,OL,23.0,2025.0,46.0,3,0,0,18.0,,18.0,0.8031439150770588,0.7767175572519084
2022,5,169,MIN,Ty Chandler,RB,24.0,2025.0,40.0,0,0,0,6.0,,6.0,-0.37901173520490417,0.5
2022,5,170,HOU,Teagan Quitoriano,TE,22.0,2025.0,40.0,0,0,0,1.0,,1.0,-0.8715765894890555,0.21755725190839695
2022,5,171,DEN,Luke Wattenberg,OL,24.0,2025.0,51.0,2,0,0,12.0,,12.0,0.2120660899360773,0.6507633587786259
2022,5,172,SFO,Samuel Womack,CB,23.0,2025.0,46.0,0,0,0,7.0,,2.0,-0.7730636186322252,0.31297709923664124
2022,5,173,NYG,Marcus McKethan,OL,23.0,2023.0,16.0,0,0,0,2.0,,2.0,-0.7730636186322252,0.31297709923664124
2022,5,174,CHI,Dominique Robinson,DE,24.0,2025.0,46.0,0,0,0,6.0,,6.0,-0.37901173520490417,0.5
2022,5,175,LVR,Matthew Butler,DT,23.0,2025.0,27.0,0,0,0,2.0,,1.0,-0.8715765894890555,0.21755725190839695
2022,5,176,DAL,Damone Clark,LB,22.0,2025.0,55.0,1,0,0,14.0,,14.0,0.40909203164973784,0.7061068702290076
2022,5,177,DET,James Mitchell,TE,23.0,2025.0,35.0,0,0,0,1.0,,1.0,-0.8715765894890555,0.21755725190839695
2022,5,178,DAL,John Ridgeway,DT,23.0,2025.0,49.0,0,0,0,7.0,,0.0,-0.9700895603458857,0.08206106870229007
2022,5,179,GNB,Kingsley Enagbare,DE,22.0,2025.0,68.0,0,0,0,12.0,,12.0,0.2120660899360773,0.6507633587786259
2022,6,180,BUF,Matt Araiza,P,22.0,2025.0,34.0,1,0,0,5.0,,0.0,-0.9700895603458857,0.08206106870229007
2022,6,181,PHI,Kyron Johnson,DE,24.0,2023.0,22.0,0,0,0,1.0,,1.0,-0.8715765894890555,0.21755725190839695
2022,6,182,NYG,Darrian Beavers,LB,23.0,2023.0,2.0,0,0,0,0.0,,0.0,-0.9700895603458857,0.08206106870229007
2022,6,183,NWE,Kevin Harris,RB,21.0,2023.0,9.0,0,0,0,1.0,,1.0,-0.8715765894890555,0.21755725190839695
2022,6,184,MIN,Vederian Lowe,OL,23.0,2025.0,46.0,1,0,0,12.0,,0.0,-0.9700895603458857,0.08206106870229007
2022,6,185,BUF,Christian Benford,DB,21.0,2025.0,53.0,3,0,0,19.0,,19.0,0.901656885933889,0.7958015267175572
2022,6,186,CHI,Zachary Thomas,OL,24.0,2024.0,17.0,0,0,0,0.0,,0.0,-0.9700895603458857,0.08206106870229007
2022,6,187,SFO,Nick Zakelj,OL,23.0,2025.0,29.0,0,0,0,2.0,,2.0,-0.7730636186322252,0.31297709923664124
2022,6,188,DET,Malcolm Rodriguez,LB,23.0,2025.0,50.0,1,0,0,12.0,,12.0,0.2120660899360773,0.6507633587786259
2022,6,189,CAR,Amare Barno,DE,23.0,2024.0,29.0,0,0,0,2.0,,2.0,-0.7730636186322252,0.31297709923664124
2022,6,190,ATL,Justin Shaffer,OL,24.0,,,0,0,0,,,0.0,-0.9700895603458857,0.08206106870229007
2022,6,191,MIN,Jalen Nailor,WR,23.0,2025.0,55.0,0,0,0,9.0,,9.0,-0.08347282263441344,0.566793893129771
2022,6,192,IND,Andrew Ogletree,TE,24.0,2025.0,44.0,1,0,0,2.0,,2.0,-0.7730636186322252,0.31297709923664124
2022,6,193,DAL,Devin Harper,LB,24.0,2023.0,12.0,0,0,0,0.0,,0.0,-0.9700895603458857,0.08206106870229007
2022,6,194,NOR,Jordan Jackson,DT,24.0,2025.0,22.0,0,0,0,1.0,,0.0,-0.9700895603458857,0.08206106870229007
2022,6,195,LAC,Jamaree Salyer,OL,22.0,2025.0,64.0,2,0,0,19.0,,19.0,0.901656885933889,0.7958015267175572
2022,6,196,BAL,Tyler Badie,RB,22.0,2025.0,20.0,0,0,0,2.0,,0.0,-0.9700895603458857,0.08206106870229007
2022,6,197,JAX,Gregory Junior,CB,23.0,2023.0,10.0,0,0,0,1.0,,1.0,-0.8715765894890555,0.21755725190839695
2022,6,198,PHI,Grant Calcaterra,TE,23.0,2025.0,62.0,1,0,0,5.0,,5.0,-0.4775247060617344,0.4732824427480916
2022,6,199,CAR,Cade Mays,OL,23.0,2025.0,52.0,1,0,0,11.0,,11.0,0.11355311907924706,0.6145038167938931
2022,6,200,NWE,Sam Roberts,DE,24.0,2025.0,20.0,0,0,0,2.0,,1.0,-0.8715765894890555,0.21755725190839695
2022,6,201,ARI,Keaontay Ingram,RB,22.0,2024.0,21.0,0,0,0,2.0,,2.0,-0.7730636186322252,0.31297709923664124
2022,6,202,CLE,Michael Woods II,WR,22.0,2024.0,15.0,0,0,0,0.0,,0.0,-0.9700895603458857,0.08206106870229007
2022,6,203,CHI,Trestan Ebner,RB,23.0,2022.0,17.0,0,0,0,0.0,,0.0,-0.9700895603458857,0.08206106870229007
2022,6,204,TEN,Theo Jackson,DB,23.0,2025.0,57.0,0,0,0,8.0,,0.0,-0.9700895603458857,0.08206106870229007
2022,6,205,HOU,Austin Deculus,T,23.0,2025.0,26.0,0,0,0,4.0,,1.0,-0.8715765894890555,0.21755725190839695
2022,6,206,DEN,Matt Henningsen,DE,23.0,2023.0,34.0,0,0,0,2.0,,2.0,-0.7730636186322252,0.31297709923664124
2022,6,207,CHI,Doug Kramer,OL,24.0,2024.0,18.0,0,0,0,1.0,,1.0,-0.8715765894890555,0.21755725190839695
2022,6,208,PIT,Connor Heyward,TE,23.0,2025.0,68.0,0,0,0,3.0,,3.0,-0.674550647775395,0.3931297709923664
2022,6,209,BUF,Luke Tenuta,OL,23.0,2025.0,7.0,0,0,0,0.0,,0.0,-0.9700895603458857,0.08206106870229007
2022,6,210,NWE,Chasen Hines,G,22.0,,,0,0,0,,,0.0,-0.9700895603458857,0.08206106870229007
2022,6,211,LAR,Quentin Lake,DB,23.0,2025.0,50.0,2,0,0,11.0,,11.0,0.11355311907924706,0.6145038167938931
2022,6,212,LAR,Derion Kendrick,DB,22.0,2025.0,47.0,1,0,0,7.0,,6.0,-0.37901173520490417,0.5
2022,6,213,ATL,John FitzPatrick,TE,22.0,2025.0,33.0,0,0,0,1.0,,0.0,-0.9700895603458857,0.08206106870229007
2022,6,214,LAC,Ja'Sir Taylor,DB,23.0,2025.0,65.0,0,0,0,8.0,,7.0,-0.2804987643480739,0.5267175572519084
2022,6,215,ARI,Lecitus Smith,OL,24.0,2025.0,19.0,0,0,0,2.0,,1.0,-0.8715765894890555,0.21755725190839695
2022,6,216,IND,Curtis Brooks,DT,24.0,,,0,0,0,,,0.0,-0.9700895603458857,0.08206106870229007
2022,6,217,DET,James Houston,LB,23.0,2025.0,37.0,0,0,0,4.0,,3.0,-0.674550647775395,0.3931297709923664
2022,6,218,TAM,Ko Kieft,TE,24.0,2025.0,53.0,1,0,0,1.0,,1.0,-0.8715765894890555,0.21755725190839695
2022,6,219,TEN,Chance Campbell,LB,22.0,2023.0,4.0,0,0,0,0.0,,0.0,-0.9700895603458857,0.08206106870229007
2022,6,220,SFO,Kalia Davis,DT,23.0,2025.0,33.0,1,0,0,9.0,,9.0,-0.08347282263441344,0.566793893129771
2022,6,221,SFO,Tariq Castro-Fields,CB,23.0,2024.0,12.0,0,0,0,1.0,,0.0,-0.9700895603458857,0.08206106870229007
2022,7,222,JAX,Montaric Brown,DB,23.0,2025.0,52.0,1,0,0,11.0,,11.0,0.11355311907924706,0.6145038167938931
2022,7,223,CLE,Isaiah Thomas,DE,23.0,2024.0,12.0,0,0,0,1.0,,1.0,-0.8715765894890555,0.21755725190839695
2022,7,224,MIA,Cameron Goode,OLB,24.0,2025.0,37.0,0,0,0,2.0,,2.0,-0.7730636186322252,0.31297709923664124
2022,7,225,PIT,Mark Robinson,LB,23.0,2025.0,46.0,0,0,0,4.0,,4.0,-0.5760376769185647,0.4484732824427481
2022,7,226,CHI,Ja'Tyre Carter,OL,23.0,2023.0,13.0,0,0,0,2.0,,2.0,-0.7730636186322252,0.31297709923664124
2022,7,227,MIN,Nick Muse,TE,23.0,2024.0,16.0,0,0,0,0.0,,0.0,-0.9700895603458857,0.08206106870229007
2022,7,228,GNB,Tariq Carpenter,DB,23.0,2023.0,17.0,0,0,0,1.0,,1.0,-0.8715765894890555,0.21755725190839695
2022,7,229,SEA,Bo Melton,WR,23.0,2025.0,38.0,0,0,0,5.0,,0.0,-0.9700895603458857,0.08206106870229007
2022,7,230,WAS,Chris Paul,OL,23.0,2025.0,34.0,1,0,0,10.0,,10.0,0.015040148222416814,0.5877862595419847
2022,7,231,BUF,Baylon Spector,LB,23.0,2025.0,29.0,0,0,0,5.0,,5.0,-0.4775247060617344,0.4732824427480916
2022,7,232,DEN,Faion Hicks,CB,24.0,2024.0,4.0,0,0,0,0.0,,0.0,-0.9700895603458857,0.08206106870229007
2022,7,233,SEA,Dareke Young,WR,23.0,2025.0,42.0,0,0,0,0.0,,0.0,-0.9700895603458857,0.08206106870229007
2022,7,234,GNB,Jonathan Ford,DT,22.0,2025.0,13.0,0,0,0,1.0,,0.0,-0.9700895603458857,0.08206106870229007
2022,7,235,LAR,Daniel Hardy,LB,23.0,2025.0,40.0,0,0,0,3.0,,0.0,-0.9700895603458857,0.08206106870229007
2022,7,236,LAC,Deane Leonard,DB,22.0,2025.0,46.0,0,0,0,3.0,,3.0,-0.674550647775395,0.3931297709923664
2022,7,237,DET,Chase Lucas,DB,25.0,2025.0,33.0,0,0,0,2.0,,1.0,-0.8715765894890555,0.21755725190839695
2022,7,238,LVR,Thayer Munford,OL,22.0,2025.0,51.0,1,0,0,11.0,,10.0,0.015040148222416814,0.5877862595419847
2022,7,239,IND,Rodney Thomas II,LB,24.0,2025.0,68.0,2,0,0,11.0,,11.0,0.11355311907924706,0.6145038167938931
2022,7,240,WAS,Christian Holmes,CB,24.0,2023.0,30.0,0,0,0,3.0,,3.0,-0.674550647775395,0.3931297709923664
2022,7,241,PIT,Chris Oladokun,QB,25.0,2025.0,4.0,0,0,0,1.0,,0.0,-0.9700895603458857,0.08206106870229007
2022,7,242,CAR,Kalon Barnes,CB,23.0,2022.0,2.0,0,0,0,0.0,,0.0,-0.9700895603458857,0.08206106870229007
2022,7,243,KAN,Jaylen Watson,DB,23.0,2025.0,53.0,2,0,0,13.0,,13.0,0.3105790607929076,0.6851145038167938
2022,7,244,ARI,Christian Matthew,DB,25.0,2023.0,20.0,0,0,0,2.0,,2.0,-0.7730636186322252,0.31297709923664124
2022,7,245,NWE,Andrew Stueber,OL,23.0,2024.0,7.0,0,0,0,1.0,,0.0,-0.9700895603458857,0.08206106870229007
2022,7,246,CLE,Dawson Deaton,OL,23.0,,,0,0,0,,,0.0,-0.9700895603458857,0.08206106870229007
2022,7,247,MIA,Skylar Thompson,QB,25.0,2024.0,10.0,0,0,0,3.0,,3.0,-0.674550647775395,0.3931297709923664
2022,7,248,TAM,Andre Anthony,DE,25.0,,,0,0,0,,,0.0,-0.9700895603458857,0.08206106870229007
2022,7,249,GNB,Rasheed Walker,OL,22.0,2025.0,52.0,3,0,0,29.0,,29.0,1.8867865945021915,0.9484732824427481
2022,7,250,LVR,Brittain Brown,RB,24.0,2025.0,9.0,0,0,0,0.0,,0.0,-0.9700895603458857,0.08206106870229007
2022,7,251,KAN,Isiah Pacheco,RB,23.0,2025.0,51.0,3,0,0,21.0,,21.0,1.0986828276475495,0.8320610687022901
2022,7,252,CIN,Jeff Gunter,OLB,23.0,2022.0,10.0,0,0,0,1.0,,1.0,-0.8715765894890555,0.21755725190839695
2022,7,253,LAR,Russ Yeast,DB,23.0,2024.0,36.0,1,0,0,4.0,,4.0,-0.5760376769185647,0.4484732824427481
2022,7,254,CHI,Elijah Hicks,S,22.0,2025.0,61.0,0,0,0,8.0,,8.0,-0.1819857934912437,0.5458015267175572
2022,7,255,CHI,Trenton Gill,P,23.0,2024.0,42.0,2,0,0,5.0,,4.0,-0.5760376769185647,0.4484732824427481
2022,7,256,ARI,Jesse Luketa,LB,23.0,2024.0,31.0,0,0,0,3.0,,3.0,-0.674550647775395,0.3931297709923664
2022,7,257,ARI,Marquis Hayes,OL,23.0,,,0,0,0,,,0.0,-0.9700895603458857,0.08206106870229007
2022,7,258,GNB,Samori Toure,WR,24.0,2025.0,23.0,0,0,0,2.0,,2.0,-0.7730636186322252,0.31297709923664124
2022,7,259,KAN,Nazeeh Johnson,S,24.0,2025.0,29.0,0,0,0,3.0,,3.0,-0.674550647775395,0.3931297709923664
2022,7,260,LAC,Zander Horvath,RB,23.0,2022.0,15.0,0,0,0,0.0,,0.0,-0.9700895603458857,0.08206106870229007
2022,7,261,LAR,AJ Arcuri,OT,25.0,2024.0,10.0,0,0,0,1.0,,1.0,-0.8715765894890555,0.21755725190839695
2022,7,262,SFO,Brock Purdy,QB,22.0,2025.0,49.0,3,0,1,44.0,,44.0,3.364481157354646,1.0
2023,1,1,CAR,Bryce Young,QB,22.0,2025.0,46.0,2,0,0,23.0,,23.0,1.894837605957859,0.9459459459459459
2023,1,2,HOU,C.J. Stroud,QB,21.0,2025.0,46.0,3,0,1,33.0,,33.0,3.110199022359755,0.9826254826254827
2023,1,3,HOU,Will Anderson,LB,22.0,2025.0,46.0,3,1,2,37.0,,37.0,3.5963435889205133,0.9922779922779923
2023,1,4,IND,Anthony Richardson,QB,21.0,2025.0,17.0,1,0,0,9.0,,9.0,0.19333162299520507,0.6776061776061776
2023,1,5,SEA,Devon Witherspoon,DB,22.0,2025.0,43.0,3,0,3,26.0,,26.0,2.259446030878428,0.9671814671814671
2023,1,6,ARI,Paris Johnson,OL,22.0,2025.0,43.0,3,0,0,19.0,,19.0,1.4086930393971009,0.9092664092664092
2023,1,7,LVR,Tyree Wilson,OLB,23.0,2025.0,50.0,0,0,0,8.0,,8.0,0.07179548135501551,0.6467181467181468
2023,1,8,ATL,Bijan Robinson,RB,21.0,2025.0,51.0,3,1,2,36.0,,36.0,3.4748074472803236,0.9884169884169884
2023,1,9,PHI,Jalen Carter,DL,22.0,2025.0,43.0,2,0,2,24.0,,24.0,2.0163737475980485,0.9555984555984556
2023,1,10,CHI,Darnell Wright,OL,22.0,2025.0,49.0,3,0,0,24.0,,24.0,2.0163737475980485,0.9555984555984556
2023,1,11,TEN,Peter Skoronski,OL,22.0,2025.0,48.0,3,0,0,15.0,,15.0,0.9225484728363426,0.8359073359073359
2023,1,12,DET,Jahmyr Gibbs,RB,21.0,2025.0,49.0,1,0,3,40.0,,40.0,3.960952013841082,1.0
2023,1,13,GNB,Lukas Van Ness,DL,22.0,2025.0,43.0,0,0,0,4.0,,4.0,-0.41434908520574276,0.48841698841698844
2023,1,14,PIT,Broderick Jones,OL,22.0,2025.0,45.0,3,0,0,18.0,,18.0,1.2871568977569114,0.8918918918918919
2023,1,15,NYJ,Will McDonald,DE,24.0,2025.0,47.0,2,0,0,15.0,,15.0,0.9225484728363426,0.8359073359073359
2023,1,16,WAS,Emmanuel Forbes,CB,22.0,2025.0,39.0,1,0,0,9.0,,3.0,-0.5358852268459323,0.416988416988417
2023,1,17,NWE,Christian Gonzalez,DB,21.0,2025.0,34.0,2,0,1,19.0,,19.0,1.4086930393971009,0.9092664092664092
2023,1,18,DET,Jack Campbell,LB,23.0,2025.0,51.0,3,1,1,26.0,,26.0,2.259446030878428,0.9671814671814671
2023,1,19,TAM,Calijah Kancey,DL,22.0,2025.0,29.0,1,0,0,13.0,,13.0,0.6794761895559633,0.7876447876447876
2023,1,20,SEA,Jaxon Smith-Njigba,WR,21.0,2025.0,51.0,2,1,2,30.0,,30.0,2.745590597439186,0.972972972972973
2023,1,21,LAC,Quentin Johnston,WR,22.0,2025.0,46.0,3,0,0,16.0,,16.0,1.0440846144765321,0.8571428571428571
2023,1,22,BAL,Zay Flowers,WR,22.0,2025.0,50.0,3,0,2,33.0,,33.0,3.110199022359755,0.9826254826254827
2023,1,23,MIN,Jordan Addison,WR,21.0,2025.0,46.0,3,0,0,20.0,,20.0,1.5302291810372906,0.9247104247104247
2023,1,24,NYG,Deonte Banks,DB,22.0,2025.0,45.0,2,0,0,12.0,,12.0,0.5579400479157738,0.7567567567567568
2023,1,25,BUF,Dalton Kincaid,TE,23.0,2025.0,41.0,2,0,1,17.0,,17.0,1.1656207561167218,0.8764478764478765
2023,1,26,DAL,Mazi Smith,DL,22.0,2025.0,42.0,1,0,0,9.0,,9.0,0.19333162299520507,0.6776061776061776
2023,1,27,JAX,Anton Harrison,OL,21.0,2025.0,48.0,3,0,0,23.0,,23.0,1.894837605957859,0.9459459459459459
2023,1,28,CIN,Myles Murphy,DE,21.0,2025.0,47.0,1,0,0,7.0,,7.0,-0.049740660285174064,0.6138996138996139
2023,1,29,NOR,Bryan Bresee,DT,21.0,2025.0,49.0,2,0,0,15.0,,15.0,0.9225484728363426,0.8359073359073359
2023,1,30,PHI,Nolan Smith,OLB,22.0,2025.0,45.0,1,0,0,13.0,,13.0,0.6794761895559633,0.7876447876447876
2023,1,31,KAN,Felix Anudike-Uzomah,DE,21.0,2024.0,34.0,0,0,0,4.0,,4.0,-0.41434908520574276,0.48841698841698844
2023,2,32,PIT,Joey Porter Jr.,CB,23.0,2025.0,47.0,3,0,0,14.0,,14.0,0.8010123311961529,0.8146718146718147
2023,2,33,TEN,Will Levis,QB,24.0,2024.0,21.0,2,0,0,11.0,,11.0,0.43640390627558423,0.7335907335907336
2023,2,34,DET,Sam LaPorta,TE,22.0,2025.0,42.0,3,0,1,21.0,,21.0,1.65176532267748,0.9324324324324325
2023,2,35,LVR,Michael Mayer,TE,22.0,2025.0,38.0,2,0,0,7.0,,7.0,-0.049740660285174064,0.6138996138996139
2023,2,36,LAR,Steve Avila,C,23.0,2025.0,42.0,2,0,0,19.0,,19.0,1.4086930393971009,0.9092664092664092
2023,2,37,SEA,Derick Hall,DE,22.0,2025.0,48.0,1,0,0,13.0,,13.0,0.6794761895559633,0.7876447876447876
2023,2,38,ATL,Matthew Bergeron,OL,23.0,2025.0,49.0,3,0,0,17.0,,17.0,1.1656207561167218,0.8764478764478765
2023,2,39,CAR,Jonathan Mingo,WR,22.0,2025.0,38.0,1,0,0,4.0,,4.0,-0.41434908520574276,0.48841698841698844
2023,2,40,NOR,Isaiah Foskey,DL,22.0,2025.0,35.0,0,0,0,2.0,,2.0,-0.6574213684861219,0.333976833976834
2023,2,41,ARI,BJ Ojulari,DE,21.0,2025.0,25.0,0,0,0,1.0,,1.0,-0.7789575101263115,0.24324324324324326
2023,2,42,GNB,Luke Musgrave,TE,23.0,2025.0,35.0,2,0,0,6.0,,6.0,-0.17127680192536363,0.5637065637065637
2023,2,43,NYJ,Joe Tippmann,OL,22.0,2025.0,50.0,3,0,0,16.0,,16.0,1.0440846144765321,0.8571428571428571
2023,2,44,IND,Julius Brents,DB,23.0,2025.0,18.0,0,0,0,4.0,,3.0,-0.5358852268459323,0.416988416988417
2023,2,45,DET,Brian Branch,DB,21.0,2025.0,43.0,3,0,1,15.0,,15.0,0.9225484728363426,0.8359073359073359
2023,2,46,NWE,Keion White,DL,24.0,2025.0,47.0,1,0,0,12.0,,10.0,0.3148677646353947,0.7084942084942085
2023,2,47,WAS,Quan Martin,DB,23.0,2025.0,49.0,2,0,0,11.0,,11.0,0.43640390627558423,0.7335907335907336
2023,2,48,TAM,Cody Mauch,T,24.0,2025.0,36.0,2,0,0,16.0,,16.0,1.0440846144765321,0.8571428571428571
2023,2,49,PIT,Keeanu Benton,NT,22.0,2025.0,51.0,3,0,0,17.0,,17.0,1.1656207561167218,0.8764478764478765
2023,2,50,GNB,Jayden Reed,WR,23.0,2025.0,40.0,1,0,0,19.0,,19.0,1.4086930393971009,0.9092664092664092
2023,2,51,MIA,Cam Smith,DB,22.0,2024.0,21.0,0,0,0,1.0,,1.0,-0.7789575101263115,0.24324324324324326
2023,2,52,SEA,Zach Charbonnet,RB,22.0,2025.0,49.0,0,0,0,16.0,,16.0,1.0440846144765321,0.8571428571428571
2023,2,53,CHI,Gervon Dexter,DL,21.0,2025.0,49.0,2,0,0,17.0,,17.0,1.1656207561167218,0.8764478764478765
2023,2,54,LAC,Tuli Tuipulotu,DL,21.0,2025.0,50.0,3,0,1,21.0,,21.0,1.65176532267748,0.9324324324324325
2023,2,55,KAN,Rashee Rice,WR,23.0,2025.0,28.0,0,0,0,16.0,,16.0,1.0440846144765321,0.8571428571428571
2023,2,56,CHI,Tyrique Stevenson,CB,23.0,2025.0,45.0,3,0,0,14.0,,14.0,0.8010123311961529,0.8146718146718147
2023,2,57,NYG,John Michael Schmitz,OL,24.0,2025.0,41.0,3,0,0,14.0,,14.0,0.8010123311961529,0.8146718146718147
2023,2,58,DAL,Luke Schoonmaker,TE,24.0,2025.0,51.0,0,0,0,4.0,,4.0,-0.41434908520574276,0.48841698841698844
2023,2,59,BUF,O'Cyrus Torrence,OL,23.0,2025.0,51.0,3,0,0,23.0,,23.0,1.894837605957859,0.9459459459459459
2023,2,60,CIN,DJ Turner,DB,22.0,2025.0,45.0,3,0,0,12.0,,12.0,0.5579400479157738,0.7567567567567568
2023,2,61,JAX,Brenton Strange,TE,22.0,2025.0,43.0,2,0,0,8.0,,8.0,0.07179548135501551,0.6467181467181468
2023,2,62,HOU,Juice Scruggs,OL,23.0,2025.0,37.0,1,0,0,7.0,,7.0,-0.049740660285174064,0.6138996138996139
2023,2,63,DEN,Marvin Mims,WR,21.0,2025.0,48.0,0,1,2,13.0,,13.0,0.6794761895559633,0.7876447876447876
2023,3,64,CHI,Zacch Pickens,DL,23.0,2025.0,29.0,0,0,0,3.0,,3.0,-0.5358852268459323,0.416988416988417
2023,3,65,PHI,Tyler Steen,OL,23.0,2025.0,45.0,1,0,0,10.0,,10.0,0.3148677646353947,0.7084942084942085
2023,3,66,PHI,Sydney Brown,DB,23.0,2025.0,42.0,0,0,0,5.0,,5.0,-0.2928129435655532,0.5231660231660231
2023,3,67,DEN,Drew Sanders,LB,22.0,2024.0,21.0,0,0,0,2.0,,2.0,-0.6574213684861219,0.333976833976834
2023,3,68,DET,Hendon Hooker,QB,25.0,2024.0,3.0,0,0,0,0.0,,0.0,-0.9004936517665011,0.09652509652509653
2023,3,69,HOU,Tank Dell,WR,23.0,2024.0,25.0,1,0,0,12.0,,12.0,0.5579400479157738,0.7567567567567568
2023,3,70,LVR,Byron Young,DL,22.0,2025.0,23.0,0,0,0,2.0,,0.0,-0.9004936517665011,0.09652509652509653
2023,3,71,NOR,Kendre Miller,RB,21.0,2025.0,21.0,0,0,0,4.0,,4.0,-0.41434908520574276,0.48841698841698844
2023,3,72,ARI,Garrett Williams,DB,22.0,2025.0,35.0,2,0,0,9.0,,9.0,0.19333162299520507,0.6776061776061776
2023,3,73,NYG,Jalin Hyatt,WR,21.0,2025.0,41.0,0,0,0,3.0,,3.0,-0.5358852268459323,0.416988416988417
2023,3,74,CLE,Cedric Tillman,WR,23.0,2025.0,38.0,1,0,0,6.0,,6.0,-0.17127680192536363,0.5637065637065637
2023,3,75,ATL,Zach Harrison,DE,22.0,2025.0,40.0,0,0,0,5.0,,5.0,-0.2928129435655532,0.5231660231660231
2023,3,76,NWE,Marte Mapu,DB,23.0,2025.0,44.0,0,0,0,7.0,,7.0,-0.049740660285174064,0.6138996138996139
2023,3,77,LAR,Byron Young,LB,25.0,2025.0,51.0,3,0,1,25.0,,25.0,2.137909889238238,0.9613899613899614
2023,3,78,GNB,Tucker Kraft,TE,22.0,2025.0,42.0,1,0,0,15.0,,15.0,0.9225484728363426,0.8359073359073359
2023,3,79,IND,Josh Downs,WR,22.0,2025.0,47.0,2,0,0,19.0,,19.0,1.4086930393971009,0.9092664092664092
2023,3,80,CAR,DJ Johnson,OLB,24.0,2025.0,31.0,0,0,0,3.0,,3.0,-0.5358852268459323,0.416988416988417
2023,3,81,TEN,Tyjae Spears,RB,22.0,2025.0,42.0,0,0,0,13.0,,13.0,0.6794761895559633,0.7876447876447876
2023,3,82,TAM,YaYa Diaby,DL,24.0,2025.0,51.0,2,0,0,19.0,,19.0,1.4086930393971009,0.9092664092664092
2023,3,83,DEN,Riley Moss,DB,23.0,2025.0,45.0,2,0,0,12.0,,12.0,0.5579400479157738,0.7567567567567568
2023,3,84,MIA,De'Von Achane,RB,21.0,2025.0,44.0,2,0,1,31.0,,31.0,2.8671267390793758,0.9768339768339769
2023,3,85,LAC,Daiyan Henley,LB,23.0,2025.0,48.0,2,0,0,18.0,,18.0,1.2871568977569114,0.8918918918918919
2023,3,86,BAL,Trenton Simpson,LB,22.0,2025.0,49.0,1,0,0,11.0,,11.0,0.43640390627558423,0.7335907335907336
2023,3,87,SFO,Ji'Ayir Brown,S,23.0,2025.0,49.0,2,0,0,11.0,,11.0,0.43640390627558423,0.7335907335907336
2023,3,88,JAX,Tank Bigsby,RB,22.0,2025.0,50.0,0,0,0,8.0,,6.0,-0.17127680192536363,0.5637065637065637
2023,3,89,LAR,Kobie Turner,DT,24.0,2025.0,51.0,2,0,0,20.0,,20.0,1.5302291810372906,0.9247104247104247
2023,3,90,DAL,DeMarvion Overshown,LB,23.0,2025.0,19.0,1,0,0,8.0,,8.0,0.07179548135501551,0.6467181467181468
2023,3,91,BUF,Dorian Williams,LB,22.0,2025.0,50.0,2,0,0,13.0,,13.0,0.6794761895559633,0.7876447876447876
2023,3,92,KAN,Wanya Morris,OL,22.0,2025.0,43.0,1,0,0,8.0,,8.0,0.07179548135501551,0.6467181467181468
2023,3,93,PIT,Darnell Washington,TE,22.0,2025.0,50.0,2,0,0,7.0,,7.0,-0.049740660285174064,0.6138996138996139
2023,3,94,ARI,Michael Wilson,WR,23.0,2025.0,46.0,3,0,0,18.0,,18.0,1.2871568977569114,0.8918918918918919
2023,3,95,CIN,Jordan Battle,DB,22.0,2025.0,51.0,1,0,0,12.0,,12.0,0.5579400479157738,0.7567567567567568
2023,3,96,DET,Brodric Martin,DT,24.0,2025.0,6.0,0,0,0,1.0,,1.0,-0.7789575101263115,0.24324324324324326
2023,3,97,WAS,Ricky Stromberg,OL,22.0,2023.0,4.0,0,0,0,0.0,,0.0,-0.9004936517665011,0.09652509652509653
2023,3,98,CLE,Siaki Ika,DL,22.0,2023.0,4.0,0,0,0,0.0,,0.0,-0.9004936517665011,0.09652509652509653
2023,3,99,SFO,Jake Moody,K,23.0,2025.0,40.0,1,0,0,5.0,,3.0,-0.5358852268459323,0.416988416988417
2023,3,100,LVR,Tre Tucker,WR,22.0,2025.0,50.0,2,0,0,13.0,,13.0,0.6794761895559633,0.7876447876447876
2023,3,101,SFO,Cameron Latu,TE,23.0,2025.0,15.0,0,0,0,0.0,,0.0,-0.9004936517665011,0.09652509652509653
2023,3,102,MIN,Mekhi Blackmon,CB,24.0,2025.0,32.0,1,0,0,6.0,,2.0,-0.6574213684861219,0.333976833976834
2023,4,103,NOR,Nick Saldiveri,OL,23.0,2024.0,15.0,0,0,0,3.0,,3.0,-0.5358852268459323,0.416988416988417
2023,4,104,LVR,Jakorian Bennett,DB,23.0,2025.0,35.0,1,0,0,6.0,,5.0,-0.2928129435655532,0.5231660231660231
2023,4,105,PHI,Kelee Ringo,DB,21.0,2025.0,51.0,0,0,0,6.0,,6.0,-0.17127680192536363,0.5637065637065637
2023,4,106,IND,Blake Freeland,OL,22.0,2024.0,25.0,1,0,0,6.0,,6.0,-0.17127680192536363,0.5637065637065637
2023,4,107,NWE,Jake Andrews,OL,23.0,2025.0,32.0,1,0,0,7.0,,1.0,-0.7789575101263115,0.24324324324324326
2023,4,108,SEA,Anthony Bradford,OL,22.0,2025.0,42.0,3,0,0,14.0,,14.0,0.8010123311961529,0.8146718146718147
2023,4,109,HOU,Dylan Horton,DL,23.0,2025.0,39.0,0,0,0,3.0,,3.0,-0.5358852268459323,0.416988416988417
2023,4,110,IND,Adetomiwa Adebawore,DL,22.0,2025.0,43.0,0,0,0,6.0,,6.0,-0.17127680192536363,0.5637065637065637
2023,4,111,CLE,Dawand Jones,OL,22.0,2025.0,24.0,2,0,0,7.0,,7.0,-0.049740660285174064,0.6138996138996139
2023,4,112,NWE,Chad Ryland,K,23.0,2025.0,47.0,2,0,0,5.0,,0.0,-0.9004936517665011,0.09652509652509653
2023,4,113,ATL,Clark Phillips,CB,21.0,2025.0,28.0,0,0,0,4.0,,4.0,-0.41434908520574276,0.48841698841698844
2023,4,114,CAR,Chandler Zavala,G,24.0,2025.0,34.0,0,0,0,6.0,,6.0,-0.17127680192536363,0.5637065637065637
2023,4,115,CHI,Roschon Johnson,RB,22.0,2025.0,36.0,0,0,0,6.0,,6.0,-0.17127680192536363,0.5637065637065637
2023,4,116,GNB,Colby Wooden,DE,22.0,2025.0,47.0,1,0,0,8.0,,8.0,0.07179548135501551,0.6467181467181468
2023,4,117,NWE,Sidy Sow,OL,25.0,2025.0,29.0,1,0,0,5.0,,5.0,-0.2928129435655532,0.5231660231660231
2023,4,118,WAS,Braeden Daniels,OL,23.0,,,0,0,0,,,0.0,-0.9004936517665011,0.09652509652509653
2023,4,119,KAN,Chamarri Conner,DB,23.0,2025.0,49.0,1,0,0,14.0,,14.0,0.8010123311961529,0.8146718146718147
2023,4,120,NYJ,Carter Warren,OL,24.0,2024.0,14.0,0,0,0,3.0,,3.0,-0.5358852268459323,0.416988416988417
2023,4,121,JAX,Ventrell Miller,LB,24.0,2025.0,32.0,1,0,0,6.0,,6.0,-0.17127680192536363,0.5637065637065637
2023,4,122,ARI,Jon Gaines,OL,24.0,2025.0,30.0,0,0,0,4.0,,4.0,-0.41434908520574276,0.48841698841698844
2023,4,123,SEA,Cameron Young,DT,23.0,2024.0,17.0,0,0,0,1.0,,1.0,-0.7789575101263115,0.24324324324324326
2023,4,124,BAL,Tavius Robinson,DE,24.0,2025.0,44.0,0,0,0,9.0,,9.0,0.19333162299520507,0.6776061776061776
2023,4,125,LAC,Derius Davis,WR,22.0,2025.0,43.0,0,0,0,3.0,,3.0,-0.5358852268459323,0.416988416988417
2023,4,126,CLE,Isaiah McGuire,DL,22.0,2025.0,37.0,0,0,0,7.0,,7.0,-0.049740660285174064,0.6138996138996139
2023,4,127,NOR,Jake Haener,QB,24.0,2024.0,8.0,0,0,0,1.0,,1.0,-0.7789575101263115,0.24324324324324326
2023,4,128,LAR,Stetson Bennett,QB,25.0,,,0,0,0,,,0.0,-0.9004936517665011,0.09652509652509653
2023,4,129,DAL,Viliami Fehoko,DL,23.0,,,0,0,0,,,0.0,-0.9004936517665011,0.09652509652509653
2023,4,130,JAX,Tyler Lacy,DE,23.0,2025.0,38.0,1,0,0,6.0,,4.0,-0.41434908520574276,0.48841698841698844
2023,4,131,CIN,Charlie Jones,WR,24.0,2025.0,33.0,0,0,0,4.0,,4.0,-0.41434908520574276,0.48841698841698844
2023,4,132,PIT,Nick Herbig,OLB,21.0,2025.0,45.0,0,0,0,10.0,,10.0,0.3148677646353947,0.7084942084942085
2023,4,133,CHI,Tyler Scott,WR,21.0,2024.0,28.0,0,0,0,2.0,,2.0,-0.6574213684861219,0.333976833976834
2023,4,134,MIN,Jay Ward,S,23.0,2025.0,50.0,0,0,0,6.0,,6.0,-0.17127680192536363,0.5637065637065637
2023,4,135,LVR,Aidan O'Connell,QB,25.0,2025.0,21.0,1,0,0,10.0,,10.0,0.3148677646353947,0.7084942084942085
2023,5,136,JAX,Yasir Abdullah,LB,23.0,2025.0,29.0,0,0,0,3.0,,3.0,-0.5358852268459323,0.416988416988417
2023,5,137,WAS,K.J. Henry,DE,24.0,2025.0,15.0,0,0,0,2.0,,2.0,-0.6574213684861219,0.333976833976834
2023,5,138,IND,Darius Rush,DB,23.0,2025.0,6.0,0,0,0,0.0,,0.0,-0.9004936517665011,0.09652509652509653
2023,5,139,ARI,Clayton Tune,QB,24.0,2025.0,15.0,0,0,0,0.0,,0.0,-0.9004936517665011,0.09652509652509653
2023,5,140,CLE,Dorian Thompson-Robinson,QB,23.0,2024.0,15.0,0,0,0,2.0,,2.0,-0.6574213684861219,0.333976833976834
2023,5,141,MIN,Jaquelin Roy,DT,22.0,2024.0,18.0,0,0,0,2.0,,1.0,-0.7789575101263115,0.24324324324324326
2023,5,142,CLE,Cameron Mitchell,DB,21.0,2025.0,40.0,0,0,0,4.0,,3.0,-0.5358852268459323,0.416988416988417
2023,5,143,NYJ,Israel Abanikanda,RB,20.0,2023.0,6.0,0,0,0,1.0,,1.0,-0.7789575101263115,0.24324324324324326
2023,5,144,NWE,Atonio Mafi,OL,22.0,2025.0,23.0,0,0,0,3.0,,2.0,-0.6574213684861219,0.333976833976834
2023,5,145,CAR,Jammie Robinson,DB,22.0,2025.0,27.0,0,0,0,1.0,,1.0,-0.7789575101263115,0.24324324324324326
2023,5,146,NOR,Jordan Howden,DB,23.0,2025.0,49.0,0,0,0,7.0,,7.0,-0.049740660285174064,0.6138996138996139
2023,5,147,TEN,Josh Whyle,TE,23.0,2025.0,36.0,0,0,0,3.0,,3.0,-0.5358852268459323,0.416988416988417
2023,5,148,CHI,Noah Sewell,LB,21.0,2025.0,35.0,1,0,0,6.0,,6.0,-0.17127680192536363,0.5637065637065637
2023,5,149,GNB,Sean Clifford,QB,25.0,2023.0,2.0,0,0,0,0.0,,0.0,-0.9004936517665011,0.09652509652509653
2023,5,150,BUF,Justin Shorter,WR,23.0,2025.0,17.0,0,0,0,0.0,,0.0,-0.9004936517665011,0.09652509652509653
2023,5,151,SEA,Mike Morris,DE,22.0,2025.0,33.0,0,0,0,2.0,,2.0,-0.6574213684861219,0.333976833976834
2023,5,152,DET,Colby Sorsdal,OL,23.0,2024.0,17.0,0,0,0,2.0,,2.0,-0.6574213684861219,0.333976833976834
2023,5,153,TAM,SirVocea Dennis,LB,23.0,2025.0,33.0,1,0,0,8.0,,8.0,0.07179548135501551,0.6467181467181468
2023,5,154,SEA,Olusegun Oluwatimi,C,24.0,2025.0,36.0,0,0,0,6.0,,6.0,-0.17127680192536363,0.5637065637065637
2023,5,155,SFO,Darrell Luter,CB,23.0,2025.0,27.0,0,0,0,2.0,,2.0,-0.6574213684861219,0.333976833976834
2023,5,156,LAC,Jordan McFadden,OL,23.0,2025.0,20.0,0,0,0,2.0,,1.0,-0.7789575101263115,0.24324324324324326
2023,5,157,BAL,Kyu Blu Kelly,CB,22.0,2025.0,25.0,0,0,0,4.0,,0.0,-0.9004936517665011,0.09652509652509653
2023,5,158,IND,Daniel Scott,S,24.0,2025.0,4.0,0,0,0,0.0,,0.0,-0.9004936517665011,0.09652509652509653
2023,5,159,GNB,Dontayvion Wicks,WR,22.0,2025.0,46.0,0,0,0,13.0,,13.0,0.6794761895559633,0.7876447876447876
2023,5,160,JAX,Antonio Johnson,DB,21.0,2025.0,47.0,2,0,0,10.0,,10.0,0.3148677646353947,0.7084942084942085
2023,5,161,LAR,Nick Hampton,OLB,23.0,2025.0,36.0,0,0,0,3.0,,3.0,-0.5358852268459323,0.416988416988417
2023,5,162,IND,Will Mallory,TE,24.0,2025.0,24.0,0,0,0,2.0,,2.0,-0.6574213684861219,0.333976833976834
2023,5,163,CIN,Chase Brown,RB,23.0,2025.0,45.0,1,0,0,22.0,,22.0,1.7733014643176697,0.9382239382239382
2023,5,164,MIN,Jaren Hall,QB,25.0,2023.0,3.0,0,0,0,1.0,,1.0,-0.7789575101263115,0.24324324324324326
2023,5,165,CHI,Terell Smith,DB,24.0,2024.0,26.0,0,0,0,4.0,,4.0,-0.41434908520574276,0.48841698841698844
2023,5,166,KAN,BJ Thompson,DE,24.0,2023.0,1.0,0,0,0,0.0,,0.0,-0.9004936517665011,0.09652509652509653
2023,5,167,HOU,Henry To'oTo'o,LB,22.0,2025.0,46.0,2,0,0,17.0,,17.0,1.1656207561167218,0.8764478764478765
2023,5,168,ARI,Owen Pappoe,LB,22.0,2025.0,49.0,0,0,0,3.0,,3.0,-0.5358852268459323,0.416988416988417
2023,5,169,DAL,Asim Richards,OL,22.0,2025.0,36.0,0,0,0,4.0,,2.0,-0.6574213684861219,0.333976833976834
2023,5,170,LVR,Christopher Smith,DB,23.0,2025.0,41.0,0,0,0,3.0,,3.0,-0.5358852268459323,0.416988416988417
2023,5,171,TAM,Payne Durham,TE,23.0,2025.0,46.0,1,0,0,2.0,,2.0,-0.6574213684861219,0.333976833976834
2023,5,172,NYG,Eric Gray,RB,23.0,2025.0,34.0,0,0,0,1.0,,1.0,-0.7789575101263115,0.24324324324324326
2023,5,173,SFO,Robert Beal,OLB,24.0,2025.0,25.0,0,0,0,2.0,,2.0,-0.6574213684861219,0.333976833976834
2023,5,174,LAR,Warren McClendon,OL,22.0,2025.0,36.0,1,0,0,9.0,,9.0,0.19333162299520507,0.6776061776061776
2023,5,175,LAR,Davis Allen,TE,22.0,2025.0,47.0,0,0,0,3.0,,3.0,-0.5358852268459323,0.416988416988417
2023,5,176,IND,Evan Hull,RB,22.0,2025.0,8.0,0,0,0,0.0,,0.0,-0.9004936517665011,0.09652509652509653
2023,5,177,LAR,Puka Nacua,WR,22.0,2025.0,44.0,2,1,2,39.0,,39.0,3.839415872200892,0.9961389961389961
2023,6,178,DAL,Eric Scott,DB,25.0,,,0,0,0,,,0.0,-0.9004936517665011,0.09652509652509653
2023,6,179,GNB,Karl Brooks,DT,23.0,2025.0,50.0,0,0,0,8.0,,8.0,0.07179548135501551,0.6467181467181468
2023,6,180,ARI,Kei'Trel Clark,DB,22.0,2025.0,43.0,0,0,0,4.0,,4.0,-0.41434908520574276,0.48841698841698844
2023,6,181,TAM,Josh Hayes,CB,24.0,2025.0,47.0,0,0,0,4.0,,4.0,-0.41434908520574276,0.48841698841698844
2023,6,182,LAR,Tre'Vius Tomlinson,CB,23.0,2023.0,15.0,0,0,0,1.0,,1.0,-0.7789575101263115,0.24324324324324326
2023,6,183,DEN,JL Skinner,S,22.0,2025.0,33.0,0,0,0,2.0,,2.0,-0.6574213684861219,0.333976833976834
2023,6,184,NYJ,Zaire Barnes,LB,24.0,2025.0,15.0,0,0,0,1.0,,0.0,-0.9004936517665011,0.09652509652509653
2023,6,185,JAX,Parker Washington,WR,21.0,2025.0,42.0,0,0,0,15.0,,15.0,0.9225484728363426,0.8359073359073359
2023,6,186,TEN,Jaelyn Duncan,OL,23.0,2024.0,15.0,0,0,0,3.0,,3.0,-0.5358852268459323,0.416988416988417
2023,6,187,NWE,Kayshon Boutte,WR,21.0,2025.0,34.0,2,0,0,10.0,,10.0,0.3148677646353947,0.7084942084942085
2023,6,188,PHI,Tanner McKee,QB,23.0,2025.0,6.0,0,0,0,2.0,,2.0,-0.6574213684861219,0.333976833976834
2023,6,189,LAR,Ochaun Mathis,DE,24.0,2024.0,14.0,0,0,0,1.0,,1.0,-0.7789575101263115,0.24324324324324326
2023,6,190,CLE,Luke Wypler,OL,22.0,2025.0,22.0,0,0,0,3.0,,3.0,-0.5358852268459323,0.416988416988417
2023,6,191,TAM,Trey Palmer,WR,22.0,2024.0,32.0,0,0,0,6.0,,6.0,-0.17127680192536363,0.5637065637065637
2023,6,192,NWE,Bryce Baringer,P,24.0,2025.0,51.0,2,0,0,9.0,,9.0,0.19333162299520507,0.6776061776061776
2023,6,193,WAS,Chris Rodriguez,RB,22.0,2025.0,35.0,0,0,0,6.0,,6.0,-0.17127680192536363,0.5637065637065637
2023,6,194,KAN,Keondre Coburn,DT,23.0,2024.0,20.0,0,0,0,1.0,,0.0,-0.9004936517665011,0.09652509652509653
2023,6,195,NOR,A.T. Perry,WR,23.0,2023.0,10.0,0,0,0,2.0,,2.0,-0.6574213684861219,0.333976833976834
2023,6,196,TAM,Jose Ramirez,DL,24.0,2024.0,4.0,0,0,0,0.0,,0.0,-0.9004936517665011,0.09652509652509653
2023,6,197,MIA,Elijah Higgins,WR,22.0,2025.0,45.0,1,0,0,6.0,,0.0,-0.9004936517665011,0.09652509652509653
2023,6,198,SEA,Jerrick Reed,S,23.0,2025.0,23.0,0,0,0,0.0,,0.0,-0.9004936517665011,0.09652509652509653
2023,6,199,BAL,Malaesala Aumavae-Laulu,OL,24.0,2024.0,2.0,0,0,0,0.0,,0.0,-0.9004936517665011,0.09652509652509653
2023,6,200,LAC,Scott Matlock,DT,23.0,2025.0,45.0,0,0,0,12.0,,12.0,0.5579400479157738,0.7567567567567568
2023,6,201,HOU,Jarrett Patterson,OL,24.0,2025.0,39.0,0,0,0,8.0,,8.0,0.07179548135501551,0.6467181467181468
2023,6,202,JAX,Christian Braswell,DB,23.0,2025.0,23.0,0,0,0,1.0,,1.0,-0.7789575101263115,0.24324324324324326
2023,6,203,LVR,Amari Burney,LB,23.0,2024.0,24.0,0,0,0,2.0,,2.0,-0.6574213684861219,0.333976833976834
2023,6,204,NYJ,Jarrick Bernard-Converse,CB,23.0,2025.0,25.0,0,0,0,0.0,,0.0,-0.9004936517665011,0.09652509652509653
2023,6,205,HOU,Xavier Hutchinson,WR,23.0,2025.0,49.0,0,0,0,6.0,,6.0,-0.17127680192536363,0.5637065637065637
2023,6,206,CIN,Andrei Iosivas,WR,23.0,2025.0,50.0,2,0,0,9.0,,9.0,0.19333162299520507,0.6776061776061776
2023,6,207,GNB,Anders Carlson,K,25.0,2024.0,24.0,1,0,0,3.0,,1.0,-0.7789575101263115,0.24324324324324326
2023,6,208,JAX,Erick Hallett,DB,23.0,2025.0,4.0,0,0,0,1.0,,0.0,-0.9004936517665011,0.09652509652509653
2023,6,209,NYG,Tre Hawkins,CB,23.0,2025.0,21.0,0,0,0,3.0,,3.0,-0.5358852268459323,0.416988416988417
2023,6,210,NWE,DeMario Douglas,WR,22.0,2025.0,48.0,0,0,0,12.0,,12.0,0.5579400479157738,0.7567567567567568
2023,6,211,IND,Titus Leo,LB,24.0,2024.0,4.0,0,0,0,0.0,,0.0,-0.9004936517665011,0.09652509652509653
2023,6,212,DAL,Deuce Vaughn,RB,21.0,2024.0,14.0,0,0,0,1.0,,1.0,-0.7789575101263115,0.24324324324324326
2023,6,213,ARI,Dante Stills,DT,23.0,2025.0,48.0,0,0,0,10.0,,10.0,0.3148677646353947,0.7084942084942085
2023,6,214,NWE,Ameer Speed,CB,23.0,2025.0,17.0,0,0,0,0.0,,0.0,-0.9004936517665011,0.09652509652509653
2023,6,215,LAR,Zach Evans,RB,22.0,2023.0,10.0,0,0,0,0.0,,0.0,-0.9004936517665011,0.09652509652509653
2023,6,216,SFO,Dee Winters,LB,22.0,2025.0,47.0,1,0,0,13.0,,13.0,0.6794761895559633,0.7876447876447876
2023,6,217,CIN,Brad Robbins,P,24.0,2025.0,18.0,1,0,0,1.0,,1.0,-0.7789575101263115,0.24324324324324326
2023,7,218,CHI,Travis Bell,DL,24.0,2023.0,2.0,0,0,0,0.0,,0.0,-0.9004936517665011,0.09652509652509653
2023,7,219,DET,Antoine Green,WR,23.0,2023.0,9.0,0,0,0,0.0,,0.0,-0.9004936517665011,0.09652509652509653
2023,7,220,NYJ,Zack Kuntz,TE,24.0,2024.0,2.0,0,0,0,0.0,,0.0,-0.9004936517665011,0.09652509652509653
2023,7,221,IND,Jaylon Jones,DB,21.0,2025.0,44.0,2,0,0,11.0,,11.0,0.43640390627558423,0.7335907335907336
2023,7,222,MIN,DeWayne McBride,RB,22.0,,,0,0,0,,,0.0,-0.9004936517665011,0.09652509652509653
2023,7,223,LAR,Ethan Evans,P,22.0,2025.0,50.0,2,0,0,6.0,,6.0,-0.17127680192536363,0.5637065637065637
2023,7,224,ATL,DeMarcco Hellams,DB,23.0,2025.0,26.0,0,0,0,3.0,,3.0,-0.5358852268459323,0.416988416988417
2023,7,225,ATL,Jovaughn Gwyn,OL,24.0,2025.0,19.0,0,0,0,1.0,,1.0,-0.7789575101263115,0.24324324324324326
2023,7,226,JAX,Cooper Hodges,OL,23.0,2024.0,9.0,0,0,0,1.0,,1.0,-0.7789575101263115,0.24324324324324326
2023,7,227,JAX,Raymond Vohasek,DT,,,,0,0,0,,,0.0,-0.9004936517665011,0.09652509652509653
2023,7,228,TEN,Colton Dowell,WR,24.0,2023.0,10.0,0,0,0,0.0,,0.0,-0.9004936517665011,0.09652509652509653
2023,7,229,BAL,Andrew Vorhees,OL,24.0,2025.0,32.0,1,0,0,9.0,,9.0,0.19333162299520507,0.6776061776061776
2023,7,230,BUF,Nick Broeker,OL,22.0,2024.0,12.0,0,0,0,1.0,,0.0,-0.9004936517665011,0.09652509652509653
2023,7,231,LVR,Nesta Jade Silvera,DT,23.0,2024.0,9.0,0,0,0,1.0,,1.0,-0.7789575101263115,0.24324324324324326
2023,7,232,GNB,Carrington Valentine,DB,21.0,2025.0,49.0,2,0,0,10.0,,10.0,0.3148677646353947,0.7084942084942085
2023,7,233,WAS,Andre Jones,DE,24.0,2025.0,19.0,0,0,0,1.0,,1.0,-0.7789575101263115,0.24324324324324326
2023,7,234,LAR,Jason Taylor,S,23.0,2023.0,8.0,0,0,0,0.0,,0.0,-0.9004936517665011,0.09652509652509653
2023,7,235,GNB,Lew Nichols,RB,22.0,2025.0,1.0,0,0,0,0.0,,0.0,-0.9004936517665011,0.09652509652509653
2023,7,236,IND,Jake Witt,OL,23.0,,,0,0,0,,,0.0,-0.9004936517665011,0.09652509652509653
2023,7,237,SEA,Kenny McIntosh,RB,23.0,2024.0,20.0,0,0,0,1.0,,1.0,-0.7789575101263115,0.24324324324324326
2023,7,238,MIA,Ryan Hayes,OL,23.0,2024.0,1.0,0,0,0,0.0,,0.0,-0.9004936517665011,0.09652509652509653
2023,7,239,LAC,Max Duggan,QB,22.0,,,0,0,0,,,0.0,-0.9004936517665011,0.09652509652509653
2023,7,240,JAX,Derek Parish,DL,24.0,,,0,0,0,,,0.0,-0.9004936517665011,0.09652509652509653
2023,7,241,PIT,Cory Trice,CB,23.0,2024.0,6.0,0,0,0,1.0,,1.0,-0.7789575101263115,0.24324324324324326
2023,7,242,GNB,Anthony Johnson,DB,23.0,2024.0,21.0,0,0,0,3.0,,2.0,-0.6574213684861219,0.333976833976834
2023,7,243,NYG,Jordon Riley,DL,25.0,2025.0,25.0,0,0,0,4.0,,4.0,-0.41434908520574276,0.48841698841698844
2023,7,244,DAL,Jalen Brooks,WR,23.0,2025.0,27.0,0,0,0,2.0,,2.0,-0.6574213684861219,0.333976833976834
2023,7,245,NWE,Isaiah Bolden,CB,23.0,2024.0,14.0,0,0,0,1.0,,1.0,-0.7789575101263115,0.24324324324324326
2023,7,246,CIN,DJ Ivey,CB,23.0,2025.0,36.0,0,0,0,3.0,,3.0,-0.5358852268459323,0.416988416988417
2023,7,247,SFO,Brayden Willis,TE,23.0,2025.0,23.0,0,0,0,0.0,,0.0,-0.9004936517665011,0.09652509652509653
2023,7,248,HOU,Brandon Hill,DB,23.0,2023.0,2.0,0,0,0,0.0,,0.0,-0.9004936517665011,0.09652509652509653
2023,7,249,PHI,Moro Ojomo,DE,22.0,2025.0,42.0,1,0,0,7.0,,7.0,-0.049740660285174064,0.6138996138996139
2023,7,250,KAN,Nic Jones,CB,21.0,2025.0,23.0,0,0,0,2.0,,1.0,-0.7789575101263115,0.24324324324324326
2023,7,251,PIT,Spencer Anderson,OL,23.0,2025.0,42.0,0,0,0,6.0,,6.0,-0.17127680192536363,0.5637065637065637
2023,7,252,BUF,Alex Austin,DB,22.0,2025.0,29.0,0,0,0,3.0,,0.0,-0.9004936517665011,0.09652509652509653
2023,7,253,SFO,Ronnie Bell,WR,23.0,2025.0,28.0,0,0,0,1.0,,1.0,-0.7789575101263115,0.24324324324324326
2023,7,254,NYG,Gervarrius Owens,DB,23.0,2024.0,5.0,0,0,0,0.0,,0.0,-0.9004936517665011,0.09652509652509653
2023,7,255,SFO,Jalen Graham,S,22.0,2025.0,15.0,0,0,0,0.0,,0.0,-0.9004936517665011,0.09652509652509653
2023,7,256,GNB,Grant Dubose,WR,22.0,2024.0,3.0,0,0,0,0.0,,0.0,-0.9004936517665011,0.09652509652509653
2023,7,257,DEN,Alex Forsyth,OL,24.0,2025.0,34.0,0,0,0,4.0,,4.0,-0.41434908520574276,0.48841698841698844
2023,7,258,CHI,Kendall Williamson,S,23.0,2025.0,19.0,0,0,0,1.0,,0.0,-0.9004936517665011,0.09652509652509653
2023,7,259,LAR,Desjuan Johnson,DT,24.0,2025.0,27.0,0,0,0,3.0,,3.0,-0.5358852268459323,0.416988416988417
2024,1,1,CHI,Caleb Williams,QB,22.0,2025.0,34.0,2,0,0,26.0,,26.0,3.909308097016321,0.9961089494163424
2024,1,2,WAS,Jayden Daniels,QB,23.0,2025.0,24.0,1,0,1,26.0,,26.0,3.909308097016321,0.9961089494163424
2024,1,3,NWE,Drake Maye,QB,22.0,2025.0,30.0,2,0,2,26.0,,26.0,3.909308097016321,0.9961089494163424
2024,1,4,ARI,Marvin Harrison Jr.,WR,22.0,2025.0,29.0,2,0,0,13.0,,13.0,1.5101533666468263,0.914396887159533
2024,1,5,LAC,Joe Alt,OL,21.0,2025.0,22.0,1,0,1,12.0,,12.0,1.32560300277225,0.896887159533074
2024,1,6,NYG,Malik Nabers,WR,21.0,2025.0,19.0,1,0,1,12.0,,12.0,1.32560300277225,0.896887159533074
2024,1,7,TEN,JC Latham,OL,21.0,2025.0,30.0,2,0,0,11.0,,11.0,1.1410526388976736,0.8793774319066148
2024,1,8,ATL,Michael Penix,QB,24.0,2025.0,14.0,1,0,0,8.0,,8.0,0.587401547273944,0.7587548638132295
2024,1,9,CHI,Rome Odunze,WR,22.0,2025.0,29.0,2,0,0,12.0,,12.0,1.32560300277225,0.896887159533074
2024,1,10,MIN,J.J. McCarthy,QB,21.0,2025.0,10.0,1,0,0,4.0,,4.0,-0.1507999082243621,0.5758754863813229
2024,1,11,NYJ,Olumuyiwa Fashanu,OL,21.0,2025.0,32.0,1,0,0,10.0,,10.0,0.956502275023097,0.8482490272373541
2024,1,12,DEN,Bo Nix,QB,24.0,2025.0,34.0,2,0,0,25.0,,25.0,3.7247577331417445,0.9883268482490273
2024,1,13,LVR,Brock Bowers,TE,21.0,2025.0,29.0,1,1,2,14.0,,14.0,1.694703730521403,0.9357976653696498
2024,1,14,NOR,Taliese Fuaga,OL,22.0,2025.0,30.0,2,0,0,13.0,,13.0,1.5101533666468263,0.914396887159533
2024,1,15,IND,Laiatu Latu,DL,23.0,2025.0,33.0,1,0,0,10.0,,10.0,0.956502275023097,0.8482490272373541
2024,1,16,SEA,Byron Murphy,DL,21.0,2025.0,31.0,1,0,0,14.0,,14.0,1.694703730521403,0.9357976653696498
2024,1,17,MIN,Dallas Turner,LB,21.0,2025.0,33.0,1,0,0,9.0,,9.0,0.7719519111485205,0.8073929961089494
2024,1,18,CIN,Amarius Mims,OL,21.0,2025.0,32.0,2,0,0,16.0,,16.0,2.063804458270556,0.9591439688715954
2024,1,19,LAR,Jared Verse,DL,23.0,2025.0,34.0,2,0,2,22.0,,22.0,3.171106641518015,0.9844357976653697
2024,1,20,PIT,Troy Fautanu,OL,23.0,2025.0,18.0,1,0,0,9.0,,9.0,0.7719519111485205,0.8073929961089494
2024,1,21,MIA,Chop Robinson,DE,21.0,2025.0,32.0,0,0,0,4.0,,4.0,-0.1507999082243621,0.5758754863813229
2024,1,22,PHI,Quinyon Mitchell,CB,23.0,2025.0,32.0,2,1,1,19.0,,19.0,2.6174555498942853,0.980544747081712
2024,1,23,JAX,Brian Thomas,WR,21.0,2025.0,31.0,2,0,1,18.0,,18.0,2.432905186019709,0.9727626459143969
2024,1,24,DET,Terrion Arnold,DB,21.0,2025.0,24.0,1,0,0,8.0,,8.0,0.587401547273944,0.7587548638132295
2024,1,25,GNB,Jordan Morgan,OL,23.0,2025.0,23.0,1,0,0,9.0,,9.0,0.7719519111485205,0.8073929961089494
2024,1,26,TAM,Graham Barton,OL,22.0,2025.0,33.0,2,0,0,15.0,,15.0,1.8792540943959795,0.9513618677042801
2024,1,27,ARI,Darius Robinson,DL,22.0,2025.0,21.0,1,0,0,4.0,,4.0,-0.1507999082243621,0.5758754863813229
2024,1,28,KAN,Xavier Worthy,WR,21.0,2025.0,31.0,2,0,0,13.0,,13.0,1.5101533666468263,0.914396887159533
2024,1,29,DAL,Tyler Guyton,OL,23.0,2025.0,25.0,2,0,0,9.0,,9.0,0.7719519111485205,0.8073929961089494
2024,1,30,BAL,Nate Wiggins,CB,21.0,2025.0,32.0,1,0,0,7.0,,7.0,0.4028511833993675,0.7101167315175098
2024,1,31,SFO,Ricky Pearsall,WR,23.0,2025.0,20.0,1,0,0,8.0,,8.0,0.587401547273944,0.7587548638132295
2024,1,32,CAR,Xavier Legette,WR,23.0,2025.0,31.0,2,0,0,8.0,,8.0,0.587401547273944,0.7587548638132295
2024,2,33,BUF,Keon Coleman,WR,21.0,2025.0,26.0,1,0,0,11.0,,11.0,1.1410526388976736,0.8793774319066148
2024,2,34,LAC,Ladd McConkey,WR,22.0,2025.0,32.0,2,0,0,18.0,,18.0,2.432905186019709,0.9727626459143969
2024,2,35,ATL,Ruke Orhorhoro,DT,22.0,2025.0,25.0,0,0,0,6.0,,6.0,0.21830081952479094,0.669260700389105
2024,2,36,WAS,Jer'Zhan Newton,DL,22.0,2025.0,33.0,0,0,0,7.0,,7.0,0.4028511833993675,0.7101167315175098
2024,2,37,NWE,Ja'Lynn Polk,WR,22.0,2024.0,15.0,1,0,0,1.0,,1.0,-0.7044509998480917,0.3093385214007782
2024,2,38,TEN,T'Vondre Sweat,DL,23.0,2025.0,29.0,2,0,0,11.0,,11.0,1.1410526388976736,0.8793774319066148
2024,2,39,LAR,Braden Fiske,DL,24.0,2025.0,34.0,1,0,0,14.0,,14.0,1.694703730521403,0.9357976653696498
2024,2,40,PHI,Cooper DeJean,DB,21.0,2025.0,32.0,1,1,1,16.0,,16.0,2.063804458270556,0.9591439688715954
2024,2,41,NOR,Kool-Aid McKinstry,DB,21.0,2025.0,32.0,1,0,0,10.0,,10.0,0.956502275023097,0.8482490272373541
2024,2,42,HOU,Kamari Lassiter,DB,21.0,2025.0,30.0,2,0,1,14.0,,14.0,1.694703730521403,0.9357976653696498
2024,2,43,ARI,Max Melton,DB,22.0,2025.0,27.0,0,0,0,4.0,,4.0,-0.1507999082243621,0.5758754863813229
2024,2,44,LVR,Jackson Powers-Johnson,OL,21.0,2025.0,23.0,1,0,0,6.0,,6.0,0.21830081952479094,0.669260700389105
2024,2,45,GNB,Edgerrin Cooper,LB,22.0,2025.0,30.0,1,0,0,10.0,,10.0,0.956502275023097,0.8482490272373541
2024,2,46,CAR,Jonathon Brooks,RB,21.0,2024.0,3.0,0,0,0,0.0,,0.0,-0.8890013637226681,0.12062256809338522
2024,2,47,NYG,Tyler Nubin,DB,23.0,2025.0,26.0,2,0,0,9.0,,9.0,0.7719519111485205,0.8073929961089494
2024,2,48,JAX,Maason Smith,DT,21.0,2025.0,24.0,0,0,0,4.0,,4.0,-0.1507999082243621,0.5758754863813229
2024,2,49,CIN,Kris Jenkins,DL,22.0,2025.0,29.0,0,0,0,6.0,,6.0,0.21830081952479094,0.669260700389105
2024,2,50,WAS,Mike Sainristil,DB,23.0,2025.0,34.0,2,0,0,10.0,,10.0,0.956502275023097,0.8482490272373541
2024,2,51,PIT,Zach Frazier,OL,23.0,2025.0,32.0,2,0,0,13.0,,13.0,1.5101533666468263,0.914396887159533
2024,2,52,IND,Adonai Mitchell,WR,21.0,2025.0,33.0,1,0,0,8.0,,5.0,0.03375045565021443,0.6284046692607004
2024,2,53,WAS,Ben Sinnott,TE,22.0,2025.0,33.0,0,0,0,1.0,,1.0,-0.7044509998480917,0.3093385214007782
2024,2,54,CLE,Michael Hall,DT,21.0,2025.0,17.0,0,0,0,3.0,,3.0,-0.3353502720989386,0.5136186770428015
2024,2,55,MIA,Patrick Paul,OL,22.0,2025.0,34.0,1,0,0,10.0,,10.0,0.956502275023097,0.8482490272373541
2024,2,56,DAL,Marshawn Kneeland,DL,23.0,2025.0,18.0,0,0,0,2.0,,2.0,-0.5199006359735151,0.43190661478599224
2024,2,57,TAM,Chris Braswell,LB,22.0,2025.0,34.0,0,0,0,2.0,,2.0,-0.5199006359735151,0.43190661478599224
2024,2,58,GNB,Javon Bullard,DB,22.0,2025.0,32.0,1,0,0,7.0,,7.0,0.4028511833993675,0.7101167315175098
2024,2,59,HOU,Blake Fisher,OL,21.0,2025.0,31.0,1,0,0,8.0,,8.0,0.587401547273944,0.7587548638132295
2024,2,60,BUF,Cole Bishop,SAF,21.0,2025.0,33.0,1,0,0,9.0,,9.0,0.7719519111485205,0.8073929961089494
2024,2,61,DET,Ennis Rakestraw,DB,22.0,2024.0,8.0,0,0,0,0.0,,0.0,-0.8890013637226681,0.12062256809338522
2024,2,62,BAL,Roger Rosengarten,OL,22.0,2025.0,34.0,2,0,0,17.0,,17.0,2.2483548221451324,0.9649805447470817
2024,2,63,KAN,Kingsley Suamataia,OL,21.0,2025.0,32.0,1,0,0,10.0,,10.0,0.956502275023097,0.8482490272373541
2024,2,64,SFO,Renardo Green,DB,23.0,2025.0,31.0,1,0,0,8.0,,8.0,0.587401547273944,0.7587548638132295
2024,3,65,NYJ,Malachi Corley,WR,22.0,2025.0,22.0,0,0,0,1.0,,0.0,-0.8890013637226681,0.12062256809338522
2024,3,66,ARI,Trey Benson,RB,22.0,2025.0,17.0,0,0,0,3.0,,3.0,-0.3353502720989386,0.5136186770428015
2024,3,67,WAS,Brandon Coleman,OL,23.0,2025.0,28.0,1,0,0,11.0,,11.0,1.1410526388976736,0.8793774319066148
2024,3,68,NWE,Caedan Wallace,OL,24.0,2025.0,10.0,0,0,0,1.0,,1.0,-0.7044509998480917,0.3093385214007782
2024,3,69,LAC,Junior Colson,LB,21.0,2024.0,11.0,0,0,0,1.0,,1.0,-0.7044509998480917,0.3093385214007782
2024,3,70,NYG,Andru Phillips,DB,22.0,2025.0,31.0,0,0,0,6.0,,6.0,0.21830081952479094,0.669260700389105
2024,3,71,ARI,Isaiah Adams,OL,24.0,2025.0,32.0,1,0,0,8.0,,8.0,0.587401547273944,0.7587548638132295
2024,3,72,CAR,Trevin Wallace,LB,21.0,2025.0,25.0,2,0,0,8.0,,8.0,0.587401547273944,0.7587548638132295
2024,3,73,DAL,Cooper Beebe,OL,23.0,2025.0,27.0,2,0,0,10.0,,10.0,0.956502275023097,0.8482490272373541
2024,3,74,ATL,Bralen Trice,DE,23.0,,,0,0,0,,,0.0,-0.8890013637226681,0.12062256809338522
2024,3,75,CHI,Kiran Amegadjie,OL,22.0,2024.0,6.0,0,0,0,1.0,,1.0,-0.7044509998480917,0.3093385214007782
2024,3,76,DEN,Jonah Elliss,DE,21.0,2025.0,30.0,0,0,0,3.0,,3.0,-0.3353502720989386,0.5136186770428015
2024,3,77,LVR,Delmar Glaze,OL,22.0,2025.0,34.0,2,0,0,11.0,,11.0,1.1410526388976736,0.8793774319066148
2024,3,78,HOU,Calen Bullock,SAF,21.0,2025.0,34.0,2,0,1,14.0,,14.0,1.694703730521403,0.9357976653696498
2024,3,79,IND,Matt Goncalves,OL,23.0,2025.0,33.0,1,0,0,12.0,,12.0,1.32560300277225,0.896887159533074
2024,3,80,CIN,Jermaine Burton,WR,23.0,2024.0,14.0,0,0,0,1.0,,1.0,-0.7044509998480917,0.3093385214007782
2024,3,81,SEA,Christian Haynes,OL,24.0,2025.0,24.0,0,0,0,2.0,,2.0,-0.5199006359735151,0.43190661478599224
2024,3,82,ARI,Tip Reiman,TE,22.0,2025.0,21.0,1,0,0,0.0,,0.0,-0.8890013637226681,0.12062256809338522
2024,3,83,LAR,Blake Corum,RB,23.0,2025.0,34.0,0,0,0,8.0,,8.0,0.587401547273944,0.7587548638132295
2024,3,84,PIT,Roman Wilson,WR,23.0,2025.0,14.0,0,0,0,2.0,,2.0,-0.5199006359735151,0.43190661478599224
2024,3,85,CLE,Zak Zinter,OL,23.0,2025.0,22.0,0,0,0,1.0,,1.0,-0.7044509998480917,0.3093385214007782
2024,3,86,SFO,Dominick Puni,OL,24.0,2025.0,34.0,2,0,0,15.0,,15.0,1.8792540943959795,0.9513618677042801
2024,3,87,DAL,Marist Liufau,LB,23.0,2025.0,34.0,0,0,0,6.0,,6.0,0.21830081952479094,0.669260700389105
2024,3,88,GNB,MarShawn Lloyd,RB,23.0,2024.0,1.0,0,0,0,0.0,,0.0,-0.8890013637226681,0.12062256809338522
2024,3,89,TAM,Tykee Smith,DB,23.0,2025.0,29.0,1,0,0,9.0,,9.0,0.7719519111485205,0.8073929961089494
2024,3,90,ARI,Elijah Jones,DB,24.0,2025.0,10.0,0,0,0,0.0,,0.0,-0.8890013637226681,0.12062256809338522
2024,3,91,GNB,Ty'Ron Hopper,LB,23.0,2025.0,34.0,0,0,0,3.0,,3.0,-0.3353502720989386,0.5136186770428015
2024,3,92,TAM,Jalen McMillan,WR,22.0,2025.0,17.0,0,0,0,7.0,,7.0,0.4028511833993675,0.7101167315175098
2024,3,93,BAL,Adisa Isaac,DE,22.0,2024.0,4.0,0,0,0,0.0,,0.0,-0.8890013637226681,0.12062256809338522
2024,3,94,PHI,Jalyx Hunt,DE,23.0,2025.0,33.0,1,0,0,9.0,,9.0,0.7719519111485205,0.8073929961089494
2024,3,95,BUF,DeWayne Carter,DT,23.0,2024.0,11.0,0,0,0,2.0,,2.0,-0.5199006359735151,0.43190661478599224
2024,3,96,JAX,Jarrian Jones,DB,23.0,2025.0,34.0,0,0,0,5.0,,5.0,0.03375045565021443,0.6284046692607004
2024,3,97,CIN,McKinnley Jackson,DL,22.0,2025.0,22.0,0,0,0,2.0,,2.0,-0.5199006359735151,0.43190661478599224
2024,3,98,PIT,Payton Wilson,LB,24.0,2025.0,34.0,0,0,0,7.0,,7.0,0.4028511833993675,0.7101167315175098
2024,3,99,LAR,Kamren Kinchens,SAF,21.0,2025.0,34.0,0,0,0,8.0,,8.0,0.587401547273944,0.7587548638132295
2024,3,100,WAS,Luke McCaffrey,WR,23.0,2025.0,26.0,0,0,0,4.0,,4.0,-0.1507999082243621,0.5758754863813229
2024,4,101,CAR,Ja'Tavion Sanders,TE,21.0,2025.0,29.0,0,0,0,5.0,,5.0,0.03375045565021443,0.6284046692607004
2024,4,102,DEN,Troy Franklin,WR,21.0,2025.0,33.0,0,0,0,8.0,,8.0,0.587401547273944,0.7587548638132295
2024,4,103,NWE,Layden Robinson,OL,23.0,2024.0,13.0,1,0,0,4.0,,4.0,-0.1507999082243621,0.5758754863813229
2024,4,104,ARI,Dadrion Taylor-Demerson,DB,23.0,2025.0,29.0,0,0,0,3.0,,3.0,-0.3353502720989386,0.5136186770428015
2024,4,105,LAC,Justin Eboigbe,DL,23.0,2025.0,22.0,0,0,0,2.0,,2.0,-0.5199006359735151,0.43190661478599224
2024,4,106,TEN,Cedric Gray,LB,21.0,2025.0,23.0,1,0,0,6.0,,6.0,0.21830081952479094,0.669260700389105
2024,4,107,NYG,Theo Johnson,TE,23.0,2025.0,27.0,2,0,0,7.0,,7.0,0.4028511833993675,0.7101167315175098
2024,4,108,MIN,Khyree Jackson,DB,25.0,,,0,0,0,,,0.0,-0.8890013637226681,0.12062256809338522
2024,4,109,ATL,Brandon Dorlus,DE,23.0,2025.0,17.0,1,0,0,5.0,,5.0,0.03375045565021443,0.6284046692607004
2024,4,110,NWE,Javon Baker,WR,22.0,2024.0,11.0,0,0,0,0.0,,0.0,-0.8890013637226681,0.12062256809338522
2024,4,111,GNB,Evan Williams,DB,23.0,2025.0,29.0,1,0,0,8.0,,8.0,0.587401547273944,0.7587548638132295
2024,4,112,LVR,Decamerion Richardson,CB,23.0,2025.0,27.0,0,0,0,4.0,,4.0,-0.1507999082243621,0.5758754863813229
2024,4,113,BAL,Devontez Walker,WR,23.0,2025.0,21.0,0,0,0,1.0,,1.0,-0.7044509998480917,0.3093385214007782
2024,4,114,JAX,Javon Foster,OL,24.0,2024.0,4.0,0,0,0,0.0,,0.0,-0.8890013637226681,0.12062256809338522
2024,4,115,CIN,Erick All,TE,23.0,2024.0,9.0,1,0,0,1.0,,1.0,-0.7044509998480917,0.3093385214007782
2024,4,116,JAX,Jordan Jefferson,DT,22.0,2025.0,10.0,0,0,0,1.0,,1.0,-0.7044509998480917,0.3093385214007782
2024,4,117,IND,Tanor Bortolini,OL,22.0,2025.0,28.0,1,0,0,10.0,,10.0,0.956502275023097,0.8482490272373541
2024,4,118,SEA,Tyrice Knight,LB,23.0,2025.0,32.0,0,0,0,9.0,,9.0,0.7719519111485205,0.8073929961089494
2024,4,119,PIT,Mason McCormick,OL,24.0,2025.0,34.0,2,0,0,13.0,,13.0,1.5101533666468263,0.914396887159533
2024,4,120,MIA,Jaylen Wright,RB,21.0,2025.0,25.0,0,0,0,4.0,,4.0,-0.1507999082243621,0.5758754863813229
2024,4,121,SEA,AJ Barner,TE,22.0,2025.0,34.0,1,0,0,7.0,,7.0,0.4028511833993675,0.7101167315175098
2024,4,122,CHI,Tory Taylor,P,26.0,2025.0,34.0,1,0,0,6.0,,6.0,0.21830081952479094,0.669260700389105
2024,4,123,HOU,Cade Stover,TE,24.0,2025.0,24.0,1,0,0,2.0,,2.0,-0.5199006359735151,0.43190661478599224
2024,4,124,SFO,Malik Mustapha,DB,22.0,2025.0,28.0,2,0,0,8.0,,8.0,0.587401547273944,0.7587548638132295
2024,4,125,TAM,Bucky Irving,RB,22.0,2025.0,27.0,1,0,0,18.0,,18.0,2.432905186019709,0.9727626459143969
2024,4,126,DET,Giovanni Manu,OL,23.0,2025.0,4.0,0,0,0,1.0,,1.0,-0.7044509998480917,0.3093385214007782
2024,4,127,PHI,Will Shipley,RB,22.0,2025.0,31.0,0,0,0,2.0,,2.0,-0.5199006359735151,0.43190661478599224
2024,4,128,BUF,Ray Davis,RB,24.0,2025.0,34.0,0,1,0,10.0,,10.0,0.956502275023097,0.8482490272373541
2024,4,129,SFO,Isaac Guerendo,RB,24.0,2025.0,30.0,0,0,0,4.0,,4.0,-0.1507999082243621,0.5758754863813229
2024,4,130,BAL,T.J. Tampa,DB,22.0,2025.0,24.0,0,0,0,1.0,,1.0,-0.7044509998480917,0.3093385214007782
2024,4,131,KAN,Jared Wiley,TE,23.0,2025.0,12.0,0,0,0,0.0,,0.0,-0.8890013637226681,0.12062256809338522
2024,4,132,DET,Sione Vaki,SAF,23.0,2025.0,27.0,0,0,0,1.0,,1.0,-0.7044509998480917,0.3093385214007782
2024,4,133,KAN,Jaden Hicks,DB,22.0,2025.0,34.0,0,0,0,4.0,,4.0,-0.1507999082243621,0.5758754863813229
2024,4,134,NYJ,Braelon Allen,RB,20.0,2025.0,21.0,0,0,0,4.0,,4.0,-0.1507999082243621,0.5758754863813229
2024,4,135,SFO,Jacob Cowing,WR,23.0,2024.0,15.0,0,0,0,1.0,,1.0,-0.7044509998480917,0.3093385214007782
2024,5,136,SEA,Nehemiah Pritchett,CB,23.0,2025.0,27.0,0,0,0,2.0,,2.0,-0.5199006359735151,0.43190661478599224
2024,5,137,LAC,Tarheeb Still,DB,22.0,2025.0,29.0,1,0,0,10.0,,10.0,0.956502275023097,0.8482490272373541
2024,5,138,ARI,Xavier Thomas,DE,24.0,2025.0,18.0,0,0,0,1.0,,1.0,-0.7044509998480917,0.3093385214007782
2024,5,139,WAS,Jordan Magee,LB,23.0,2025.0,25.0,0,0,0,4.0,,4.0,-0.1507999082243621,0.5758754863813229
2024,5,140,LAC,Cam Hart,CB,23.0,2025.0,30.0,1,0,0,6.0,,6.0,0.21830081952479094,0.669260700389105
2024,5,141,BUF,Sedrick Van Pran-Granger,OL,22.0,2025.0,31.0,0,0,0,4.0,,4.0,-0.1507999082243621,0.5758754863813229
2024,5,142,IND,Anthony Gould,WR,23.0,2025.0,19.0,0,0,0,0.0,,0.0,-0.8890013637226681,0.12062256809338522
2024,5,143,ATL,JD Bertrand,LB,24.0,2025.0,27.0,0,0,0,3.0,,3.0,-0.3353502720989386,0.5136186770428015
2024,5,144,CHI,Austin Booker,DL,21.0,2025.0,27.0,1,0,0,5.0,,5.0,0.03375045565021443,0.6284046692607004
2024,5,145,DEN,Kris Abrams-Draine,DB,22.0,2025.0,22.0,0,0,0,2.0,,2.0,-0.5199006359735151,0.43190661478599224
2024,5,146,TEN,Jarvis Brownlee,DB,23.0,2025.0,26.0,1,0,0,7.0,,6.0,0.21830081952479094,0.669260700389105
2024,5,147,DEN,Audric Estime,RB,21.0,2025.0,20.0,0,0,0,4.0,,2.0,-0.5199006359735151,0.43190661478599224
2024,5,148,LVR,Tommy Eichenberg,LB,23.0,2025.0,31.0,0,0,0,2.0,,2.0,-0.5199006359735151,0.43190661478599224
2024,5,149,CIN,Josh Newton,CB,23.0,2025.0,31.0,0,0,0,3.0,,3.0,-0.3353502720989386,0.5136186770428015
2024,5,150,NOR,Spencer Rattler,QB,23.0,2025.0,16.0,0,0,0,6.0,,6.0,0.21830081952479094,0.669260700389105
2024,5,151,IND,Jaylon Carlies,DB,22.0,2025.0,13.0,0,0,0,3.0,,3.0,-0.3353502720989386,0.5136186770428015
2024,5,152,PHI,Ainias Smith,WR,23.0,2024.0,7.0,0,0,0,1.0,,1.0,-0.7044509998480917,0.3093385214007782
2024,5,153,JAX,Deantre Prince,CB,23.0,2024.0,10.0,0,0,0,1.0,,1.0,-0.7044509998480917,0.3093385214007782
2024,5,154,LAR,Brennan Jackson,DE,23.0,2025.0,10.0,0,0,0,1.0,,1.0,-0.7044509998480917,0.3093385214007782
2024,5,155,PHI,Jeremiah Trotter Jr.,LB,21.0,2025.0,34.0,0,0,0,4.0,,4.0,-0.1507999082243621,0.5758754863813229
2024,5,156,CLE,Jamari Thrash,WR,23.0,2025.0,18.0,0,0,0,1.0,,1.0,-0.7044509998480917,0.3093385214007782
2024,5,157,CAR,Chau Smith-Wade,DB,21.0,2025.0,30.0,0,0,0,5.0,,5.0,0.03375045565021443,0.6284046692607004
2024,5,158,MIA,Mohamed Kamara,DL,25.0,2025.0,8.0,0,0,0,0.0,,0.0,-0.8890013637226681,0.12062256809338522
2024,5,159,KAN,Hunter Nourzad,OL,23.0,2025.0,28.0,0,0,0,2.0,,2.0,-0.5199006359735151,0.43190661478599224
2024,5,160,BUF,Edefuan Ulofoshio,LB,24.0,2025.0,5.0,0,0,0,1.0,,1.0,-0.7044509998480917,0.3093385214007782
2024,5,161,WAS,Dominique Hampton,CB,24.0,2024.0,1.0,0,0,0,0.0,,0.0,-0.8890013637226681,0.12062256809338522
2024,5,162,ARI,Christian Jones,OL,24.0,2025.0,4.0,0,0,0,1.0,,1.0,-0.7044509998480917,0.3093385214007782
2024,5,163,GNB,Jacob Monk,OL,23.0,2025.0,17.0,0,0,0,2.0,,2.0,-0.5199006359735151,0.43190661478599224
2024,5,164,IND,Jaylin Simpson,SAF,24.0,2025.0,1.0,0,0,0,0.0,,0.0,-0.8890013637226681,0.12062256809338522
2024,5,165,BAL,Rasheen Ali,RB,23.0,2025.0,21.0,0,0,0,1.0,,1.0,-0.7044509998480917,0.3093385214007782
2024,5,166,NYG,Tyrone Tracy Jr.,RB,24.0,2025.0,32.0,2,0,0,14.0,,14.0,1.694703730521403,0.9357976653696498
2024,5,167,JAX,Keilan Robinson,RB,24.0,2024.0,6.0,0,0,0,0.0,,0.0,-0.8890013637226681,0.12062256809338522
2024,5,168,BUF,Javon Solomon,DE,23.0,2025.0,31.0,0,0,0,4.0,,4.0,-0.1507999082243621,0.5758754863813229
2024,5,169,GNB,Kitan Oladapo,DB,23.0,2025.0,26.0,0,0,0,2.0,,2.0,-0.5199006359735151,0.43190661478599224
2024,5,170,NOR,Bub Means,WR,23.0,2024.0,7.0,0,0,0,1.0,,1.0,-0.7044509998480917,0.3093385214007782
2024,5,171,NYJ,Jordan Travis,QB,24.0,,,0,0,0,,,0.0,-0.8890013637226681,0.12062256809338522
2024,5,172,PHI,Trevor Keegan,OL,24.0,2025.0,3.0,0,0,0,0.0,,0.0,-0.8890013637226681,0.12062256809338522
2024,5,173,NYJ,Isaiah Davis,RB,22.0,2025.0,33.0,0,0,0,5.0,,5.0,0.03375045565021443,0.6284046692607004
2024,5,174,DAL,Caelen Carson,DB,22.0,2025.0,14.0,0,0,0,2.0,,2.0,-0.5199006359735151,0.43190661478599224
2024,5,175,NOR,Jaylan Ford,LB,22.0,2025.0,25.0,0,0,0,2.0,,2.0,-0.5199006359735151,0.43190661478599224
2024,5,176,NYJ,Qwan'tez Stiggers,CB,22.0,2025.0,29.0,0,0,0,3.0,,3.0,-0.3353502720989386,0.5136186770428015
2024,6,177,MIN,Walter Rouse,OL,23.0,2025.0,8.0,0,0,0,0.0,,0.0,-0.8890013637226681,0.12062256809338522
2024,6,178,PIT,Logan Lee,DL,24.0,2025.0,7.0,0,0,0,0.0,,0.0,-0.8890013637226681,0.12062256809338522
2024,6,179,SEA,Sataoa Laumea,OL,23.0,2024.0,6.0,0,0,0,2.0,,2.0,-0.5199006359735151,0.43190661478599224
2024,6,180,NWE,Marcellas Dial,DB,23.0,2024.0,17.0,0,0,0,1.0,,1.0,-0.7044509998480917,0.3093385214007782
2024,6,181,LAC,Kimani Vidal,RB,23.0,2025.0,23.0,1,0,0,7.0,,7.0,0.4028511833993675,0.7101167315175098
2024,6,182,TEN,Jha'Quan Jackson,WR,24.0,2024.0,12.0,0,0,0,0.0,,0.0,-0.8890013637226681,0.12062256809338522
2024,6,183,NYG,Darius Muasau,LB,23.0,2025.0,27.0,1,0,0,8.0,,8.0,0.587401547273944,0.7587548638132295
2024,6,184,MIA,Malik Washington,WR,23.0,2025.0,31.0,0,0,0,7.0,,7.0,0.4028511833993675,0.7101167315175098
2024,6,185,PHI,Johnny Wilson,WR,23.0,2024.0,16.0,0,0,0,0.0,,0.0,-0.8890013637226681,0.12062256809338522
2024,6,186,ATL,Jase McClellan,RB,22.0,2024.0,2.0,0,0,0,0.0,,0.0,-0.8890013637226681,0.12062256809338522
2024,6,187,ATL,Casey Washington,WR,23.0,2025.0,15.0,0,0,0,1.0,,1.0,-0.7044509998480917,0.3093385214007782
2024,6,188,HOU,Jamal Hill,LB,23.0,2025.0,20.0,0,0,0,2.0,,2.0,-0.5199006359735151,0.43190661478599224
2024,6,189,DET,Mekhi Wingo,DT,21.0,2025.0,13.0,0,0,0,1.0,,1.0,-0.7044509998480917,0.3093385214007782
2024,6,190,PHI,Dylan McMahon,OL,23.0,2024.0,1.0,0,0,0,0.0,,0.0,-0.8890013637226681,0.12062256809338522
2024,6,191,ARI,Tejhaun Palmer,WR,24.0,2025.0,1.0,0,0,0,0.0,,0.0,-0.8890013637226681,0.12062256809338522
2024,6,192,SEA,D.J. James,CB,23.0,2025.0,1.0,0,0,0,0.0,,0.0,-0.8890013637226681,0.12062256809338522
2024,6,193,NWE,Joe Milton,QB,24.0,2025.0,5.0,0,0,0,2.0,,1.0,-0.7044509998480917,0.3093385214007782
2024,6,194,CIN,Tanner McLachlan,TE,25.0,2024.0,2.0,0,0,0,0.0,,0.0,-0.8890013637226681,0.12062256809338522
2024,6,195,PIT,Ryan Watts,SAF,22.0,,,0,0,0,,,0.0,-0.8890013637226681,0.12062256809338522
2024,6,196,LAR,Tyler Davis,DT,23.0,2025.0,33.0,0,0,0,3.0,,3.0,-0.3353502720989386,0.5136186770428015
2024,6,197,ATL,Zion Logue,DL,23.0,2025.0,5.0,0,0,0,0.0,,0.0,-0.8890013637226681,0.12062256809338522
2024,6,198,MIA,Patrick McMorris,DB,22.0,2024.0,6.0,0,0,0,0.0,,0.0,-0.8890013637226681,0.12062256809338522
2024,6,199,NOR,Khristian Boyd,DL,24.0,2025.0,10.0,0,0,0,0.0,,0.0,-0.8890013637226681,0.12062256809338522
2024,6,200,CAR,Jaden Crumedy,DT,24.0,2025.0,8.0,0,0,0,0.0,,0.0,-0.8890013637226681,0.12062256809338522
2024,6,201,IND,Micah Abraham,CB,23.0,,,0,0,0,,,0.0,-0.8890013637226681,0.12062256809338522
2024,6,202,GNB,Travis Glover,OT,24.0,2024.0,7.0,0,0,0,1.0,,1.0,-0.7044509998480917,0.3093385214007782
2024,6,203,MIN,Will Reichard,K,23.0,2025.0,30.0,1,1,0,8.0,,8.0,0.587401547273944,0.7587548638132295
2024,6,204,BUF,Tylan Grable,OL,24.0,2025.0,5.0,0,0,0,2.0,,2.0,-0.5199006359735151,0.43190661478599224
2024,6,205,HOU,Jawhar Jordan,RB,25.0,2025.0,4.0,0,0,0,1.0,,1.0,-0.7044509998480917,0.3093385214007782
2024,6,206,CLE,Nathaniel Watson,LB,24.0,2024.0,14.0,0,0,0,1.0,,1.0,-0.7044509998480917,0.3093385214007782
2024,6,207,SEA,Michael Jerrell,OT,25.0,2025.0,11.0,0,0,0,2.0,,2.0,-0.5199006359735151,0.43190661478599224
2024,6,208,LVR,Dylan Laube,RB,24.0,2025.0,27.0,0,0,0,0.0,,0.0,-0.8890013637226681,0.12062256809338522
2024,6,209,LAR,Joshua Karty,K,22.0,2025.0,25.0,0,0,0,2.0,,2.0,-0.5199006359735151,0.43190661478599224
2024,6,210,DET,Christian Mahogany,OL,23.0,2025.0,18.0,1,0,0,6.0,,6.0,0.21830081952479094,0.669260700389105
2024,6,211,KAN,Kamal Hadden,DB,23.0,2025.0,12.0,0,0,0,0.0,,0.0,-0.8890013637226681,0.12062256809338522
2024,6,212,JAX,Cam Little,K,21.0,2025.0,34.0,1,0,0,9.0,,9.0,0.7719519111485205,0.8073929961089494
2024,6,213,LAR,Jordan Whittington,WR,23.0,2025.0,32.0,0,0,0,5.0,,5.0,0.03375045565021443,0.6284046692607004
2024,6,214,CIN,Cedric Johnson,DE,22.0,2025.0,18.0,0,0,0,2.0,,2.0,-0.5199006359735151,0.43190661478599224
2024,6,215,SFO,Jarrett Kingston,OL,24.0,2025.0,9.0,0,0,0,0.0,,0.0,-0.8890013637226681,0.12062256809338522
2024,6,216,DAL,Ryan Flournoy,WR,24.0,2025.0,27.0,0,0,0,5.0,,5.0,0.03375045565021443,0.6284046692607004
2024,6,217,LAR,Beaux Limmer,OL,23.0,2025.0,21.0,1,0,0,7.0,,7.0,0.4028511833993675,0.7101167315175098
2024,6,218,BAL,Devin Leary,QB,24.0,,,0,0,0,,,0.0,-0.8890013637226681,0.12062256809338522
2024,6,219,BUF,Daequan Hardy,CB,23.0,,,0,0,0,,,0.0,-0.8890013637226681,0.12062256809338522
2024,6,220,TAM,Elijah Klein,G,24.0,2025.0,26.0,0,0,0,2.0,,2.0,-0.5199006359735151,0.43190661478599224
2024,7,221,BUF,Travis Clayton,OT,23.0,,,0,0,0,,,0.0,-0.8890013637226681,0.12062256809338522
2024,7,222,WAS,Javontae Jean-Baptiste,DL,24.0,2025.0,15.0,0,0,0,1.0,,1.0,-0.7044509998480917,0.3093385214007782
2024,7,223,LVR,Trey Taylor,FS,23.0,2024.0,9.0,0,0,0,1.0,,1.0,-0.7044509998480917,0.3093385214007782
2024,7,224,CIN,Daijahn Anthony,SAF,23.0,2025.0,18.0,0,0,0,1.0,,1.0,-0.7044509998480917,0.3093385214007782
2024,7,225,LAC,Brenden Rice,WR,22.0,2024.0,3.0,0,0,0,0.0,,0.0,-0.8890013637226681,0.12062256809338522
2024,7,226,ARI,Jaden Davis,DB,23.0,2025.0,3.0,0,0,0,0.0,,0.0,-0.8890013637226681,0.12062256809338522
2024,7,227,CLE,Myles Harden,DB,22.0,2025.0,20.0,0,0,0,3.0,,3.0,-0.3353502720989386,0.5136186770428015
2024,7,228,BAL,Nick Samac,C,23.0,2025.0,11.0,0,0,0,1.0,,0.0,-0.8890013637226681,0.12062256809338522
2024,7,229,LVR,M.J. Devonshire,DB,23.0,,,0,0,0,,,0.0,-0.8890013637226681,0.12062256809338522
2024,7,230,MIN,Michael Jurgens,OL,24.0,2025.0,18.0,0,0,0,2.0,,2.0,-0.5199006359735151,0.43190661478599224
2024,7,231,NWE,Jaheim Bell,TE,23.0,2024.0,15.0,0,0,0,0.0,,0.0,-0.8890013637226681,0.12062256809338522
2024,7,232,MIN,Levi Drake Rodriguez,DT,24.0,2025.0,18.0,0,0,0,3.0,,3.0,-0.3353502720989386,0.5136186770428015
2024,7,233,DAL,Nathan Thomas,OL,23.0,2025.0,17.0,0,0,0,3.0,,3.0,-0.3353502720989386,0.5136186770428015
2024,7,234,IND,Jonah Laulu,DL,24.0,2025.0,34.0,1,0,0,10.0,,0.0,-0.8890013637226681,0.12062256809338522
2024,7,235,DEN,Devaughn Vele,WR,26.0,2025.0,26.0,0,0,0,6.0,,4.0,-0.1507999082243621,0.5758754863813229
2024,7,236,JAX,Myles Cole,OLB,24.0,2024.0,8.0,0,0,0,0.0,,0.0,-0.8890013637226681,0.12062256809338522
2024,7,237,CIN,Matt Lee,C,23.0,2025.0,22.0,0,0,0,2.0,,2.0,-0.5199006359735151,0.43190661478599224
2024,7,238,HOU,Solomon Byrd,DE,24.0,2024.0,1.0,0,0,0,0.0,,0.0,-0.8890013637226681,0.12062256809338522
2024,7,239,NOR,Josiah Ezirim,OT,23.0,,,0,0,0,,,0.0,-0.8890013637226681,0.12062256809338522
2024,7,240,CAR,Michael Barrett,LB,24.0,,,0,0,0,,,0.0,-0.8890013637226681,0.12062256809338522
2024,7,241,MIA,Tahj Washington,WR,23.0,2025.0,6.0,0,0,0,0.0,,0.0,-0.8890013637226681,0.12062256809338522
2024,7,242,TEN,James Williams,SAF,21.0,2025.0,29.0,0,0,0,3.0,,3.0,-0.3353502720989386,0.5136186770428015
2024,7,243,CLE,Jowon Briggs,DE,23.0,2025.0,23.0,0,0,0,5.0,,1.0,-0.7044509998480917,0.3093385214007782
2024,7,244,DAL,Justin Rogers,DL,22.0,,,0,0,0,,,0.0,-0.8890013637226681,0.12062256809338522
2024,7,245,GNB,Michael Pratt,QB,22.0,,,0,0,0,,,0.0,-0.8890013637226681,0.12062256809338522
2024,7,246,TAM,Devin Culp,TE,24.0,2025.0,18.0,0,0,0,1.0,,1.0,-0.7044509998480917,0.3093385214007782
2024,7,247,HOU,Marcus Harris,DL,23.0,,,0,0,0,,,0.0,-0.8890013637226681,0.12062256809338522
2024,7,248,KAN,C.J. Hanson,G,23.0,2025.0,4.0,0,0,0,0.0,,0.0,-0.8890013637226681,0.12062256809338522
2024,7,249,HOU,LaDarius Henderson,OL,22.0,,,0,0,0,,,0.0,-0.8890013637226681,0.12062256809338522
2024,7,250,BAL,Sanoussi Kane,SAF,22.0,2025.0,24.0,0,0,0,1.0,,1.0,-0.7044509998480917,0.3093385214007782
2024,7,251,SFO,Tatum Bethune,LB,23.0,2025.0,25.0,0,0,0,5.0,,5.0,0.03375045565021443,0.6284046692607004
2024,7,252,TEN,Jaylen Harrell,DE,22.0,2025.0,34.0,0,0,0,3.0,,3.0,-0.3353502720989386,0.5136186770428015
2024,7,253,LAC,Cornelius Johnson,WR,23.0,,,0,0,0,,,0.0,-0.8890013637226681,0.12062256809338522
2024,7,254,LAR,KT Leveston,OL,24.0,2025.0,16.0,0,0,0,2.0,,0.0,-0.8890013637226681,0.12062256809338522
2024,7,255,GNB,Kalen King,CB,21.0,2025.0,1.0,0,0,0,0.0,,0.0,-0.8890013637226681,0.12062256809338522
2024,7,256,DEN,Nick Gargiulo,OL,24.0,,,0,0,0,,,0.0,-0.8890013637226681,0.12062256809338522
2024,7,257,NYJ,Jaylen Key,SAF,24.0,,,0,0,0,,,0.0,-0.8890013637226681,0.12062256809338522
2025,1,1,TEN,Cam Ward,QB,23.0,2025.0,17.0,1,0,0,7.0,,7.0,1.971307931624626,0.9416342412451362
2025,1,2,JAX,Travis Hunter,WR,22.0,2025.0,7.0,0,0,0,5.0,,5.0,1.134600849167931,0.8424124513618677
2025,1,3,NYG,Abdul Carter,DE,21.0,2025.0,17.0,0,0,0,4.0,,4.0,0.7162473079395835,0.791828793774319
2025,1,4,NWE,Will Campbell,OT,21.0,2025.0,13.0,1,0,0,8.0,,8.0,2.3896614728529735,0.9747081712062257
2025,1,5,CLE,Mason Graham,DT,22.0,2025.0,17.0,1,0,0,8.0,,8.0,2.3896614728529735,0.9747081712062257
2025,1,6,LVR,Ashton Jeanty,RB,21.0,2025.0,17.0,1,0,0,7.0,,7.0,1.971307931624626,0.9416342412451362
2025,1,7,NYJ,Armand Membou,OL,21.0,2025.0,17.0,1,0,0,7.0,,7.0,1.971307931624626,0.9416342412451362
2025,1,8,CAR,Tetairoa McMillan,WR,22.0,2025.0,17.0,1,0,0,9.0,,9.0,2.808015014081321,0.9922178988326849
2025,1,9,NOR,Kelvin Banks,OL,21.0,2025.0,17.0,1,0,0,6.0,,6.0,1.5529543903962786,0.8929961089494164
2025,1,10,CHI,Colston Loveland,TE,21.0,2025.0,16.0,1,0,0,7.0,,7.0,1.971307931624626,0.9416342412451362
2025,1,11,SFO,Mykel Williams,DL,21.0,2025.0,9.0,0,0,0,4.0,,4.0,0.7162473079395835,0.791828793774319
2025,1,12,DAL,Tyler Booker,OL,21.0,2025.0,14.0,1,0,0,6.0,,6.0,1.5529543903962786,0.8929961089494164
2025,1,13,MIA,Kenneth Grant,DT,21.0,2025.0,17.0,0,0,0,3.0,,3.0,0.29789376671123585,0.7023346303501945
2025,1,14,IND,Tyler Warren,TE,23.0,2025.0,17.0,1,0,1,9.0,,9.0,2.808015014081321,0.9922178988326849
2025,1,15,ATL,Jalon Walker,DE,21.0,2025.0,15.0,1,0,0,5.0,,5.0,1.134600849167931,0.8424124513618677
2025,1,16,ARI,Walter Nolen,DT,21.0,2025.0,6.0,0,0,0,1.0,,1.0,-0.5388133157454592,0.38910505836575876
2025,1,17,CIN,Shemar Stewart,DE,21.0,2025.0,8.0,0,0,0,2.0,,2.0,-0.12045977451711169,0.566147859922179
2025,1,18,SEA,Grey Zabel,OT,23.0,2025.0,17.0,1,0,0,7.0,,7.0,1.971307931624626,0.9416342412451362
2025,1,19,TAM,Emeka Egbuka,WR,22.0,2025.0,17.0,1,0,0,9.0,,9.0,2.808015014081321,0.9922178988326849
2025,1,20,DEN,Jahdae Barron,CB,23.0,2025.0,17.0,0,0,0,3.0,,3.0,0.29789376671123585,0.7023346303501945
2025,1,21,PIT,Derrick Harmon,DT,22.0,2025.0,12.0,0,0,0,4.0,,4.0,0.7162473079395835,0.791828793774319
2025,1,22,LAC,Omarion Hampton,RB,22.0,2025.0,9.0,0,0,0,5.0,,5.0,1.134600849167931,0.8424124513618677
2025,1,23,GNB,Matthew Golden,WR,22.0,2025.0,14.0,0,0,0,4.0,,4.0,0.7162473079395835,0.791828793774319
2025,1,24,MIN,Donovan Jackson,OL,22.0,2025.0,14.0,1,0,0,5.0,,5.0,1.134600849167931,0.8424124513618677
2025,1,25,NYG,Jaxson Dart,QB,22.0,2025.0,14.0,1,0,0,11.0,,11.0,3.6447220965380165,1.0
2025,1,26,ATL,James Pearce,DE,21.0,2025.0,17.0,0,0,0,3.0,,3.0,0.29789376671123585,0.7023346303501945
2025,1,27,BAL,Malaki Starks,SAF,21.0,2025.0,17.0,1,0,0,5.0,,5.0,1.134600849167931,0.8424124513618677
2025,1,28,DET,Tyleik Williams,DT,22.0,2025.0,17.0,1,0,0,4.0,,4.0,0.7162473079395835,0.791828793774319
2025,1,29,WAS,Josh Conerly,OL,21.0,2025.0,17.0,1,0,0,8.0,,8.0,2.3896614728529735,0.9747081712062257
2025,1,30,BUF,Maxwell Hairston,CB,22.0,2025.0,11.0,0,0,0,2.0,,2.0,-0.12045977451711169,0.566147859922179
2025,1,31,PHI,Jihaad Campbell,LB,21.0,2025.0,17.0,1,0,0,6.0,,6.0,1.5529543903962786,0.8929961089494164
2025,1,32,KAN,Josh Simmons,OL,22.0,2025.0,8.0,0,0,0,4.0,,4.0,0.7162473079395835,0.791828793774319
2025,2,33,CLE,Carson Schwesinger,LB,22.0,2025.0,16.0,1,0,0,8.0,,8.0,2.3896614728529735,0.9747081712062257
2025,2,34,HOU,Jayden Higgins,WR,22.0,2025.0,17.0,1,0,0,4.0,,4.0,0.7162473079395835,0.791828793774319
2025,2,35,SEA,Nick Emmanwori,SAF,21.0,2025.0,14.0,1,0,0,4.0,,4.0,0.7162473079395835,0.791828793774319
2025,2,36,CLE,Quinshon Judkins,RB,21.0,2025.0,14.0,1,0,0,4.0,,4.0,0.7162473079395835,0.791828793774319
2025,2,37,MIA,Jonah Savaiinaea,OL,21.0,2025.0,17.0,1,0,0,6.0,,6.0,1.5529543903962786,0.8929961089494164
2025,2,38,NWE,TreVeyon Henderson,RB,22.0,2025.0,17.0,0,0,0,8.0,,8.0,2.3896614728529735,0.9747081712062257
2025,2,39,CHI,Luther Burden,WR,21.0,2025.0,15.0,0,0,0,6.0,,6.0,1.5529543903962786,0.8929961089494164
2025,2,40,NOR,Tyler Shough,QB,25.0,2025.0,11.0,1,0,0,7.0,,7.0,1.971307931624626,0.9416342412451362
2025,2,41,BUF,T.J. Sanders,DT,22.0,2025.0,12.0,0,0,0,2.0,,2.0,-0.12045977451711169,0.566147859922179
2025,2,42,NYJ,Mason Taylor,TE,21.0,2025.0,13.0,1,0,0,3.0,,3.0,0.29789376671123585,0.7023346303501945
2025,2,43,SFO,Alfred Collins,DT,23.0,2025.0,16.0,0,0,0,2.0,,2.0,-0.12045977451711169,0.566147859922179
2025,2,44,DAL,Donovan Ezeiruaku,DE,21.0,2025.0,17.0,1,0,0,3.0,,3.0,0.29789376671123585,0.7023346303501945
2025,2,45,IND,JT Tuimoloau,DE,22.0,2025.0,13.0,0,0,0,1.0,,1.0,-0.5388133157454592,0.38910505836575876
2025,2,46,LAR,Terrance Ferguson,TE,22.0,2025.0,14.0,0,0,0,2.0,,2.0,-0.12045977451711169,0.566147859922179
2025,2,47,ARI,Will Johnson,CB,22.0,2025.0,12.0,1,0,0,3.0,,3.0,0.29789376671123585,0.7023346303501945
2025,2,48,HOU,Aireontae Ersery,OL,23.0,2025.0,16.0,1,0,0,7.0,,7.0,1.971307931624626,0.9416342412451362
2025,2,49,CIN,Demetrius Knight,LB,25.0,2025.0,17.0,1,0,0,6.0,,6.0,1.5529543903962786,0.8929961089494164
2025,2,50,SEA,Elijah Arroyo,TE,22.0,2025.0,13.0,0,0,0,2.0,,2.0,-0.12045977451711169,0.566147859922179
2025,2,51,CAR,Nic Scourton,DE,21.0,2025.0,17.0,0,0,0,4.0,,4.0,0.7162473079395835,0.791828793774319
2025,2,52,TEN,Oluwafemi Oladejo,DE,21.0,2025.0,6.0,0,0,0,1.0,,1.0,-0.5388133157454592,0.38910505836575876
2025,2,53,TAM,Benjamin Morrison,CB,21.0,2025.0,10.0,0,0,0,2.0,,2.0,-0.12045977451711169,0.566147859922179
2025,2,54,GNB,Anthony Belton,OT,24.0,2025.0,14.0,0,0,0,5.0,,5.0,1.134600849167931,0.8424124513618677
2025,2,55,LAC,Tre Harris,WR,23.0,2025.0,17.0,1,0,0,3.0,,3.0,0.29789376671123585,0.7023346303501945
2025,2,56,CHI,Ozzy Trapilo,OL,23.0,2025.0,14.0,0,0,0,3.0,,3.0,0.29789376671123585,0.7023346303501945
2025,2,57,DET,Tate Ratledge,OL,24.0,2025.0,17.0,1,0,0,7.0,,7.0,1.971307931624626,0.9416342412451362
2025,2,58,LVR,Jack Bech,WR,22.0,2025.0,16.0,0,0,0,2.0,,2.0,-0.12045977451711169,0.566147859922179
2025,2,59,BAL,Mike Green,DE,22.0,2025.0,17.0,0,0,0,2.0,,2.0,-0.12045977451711169,0.566147859922179
2025,2,60,DEN,RJ Harvey,RB,24.0,2025.0,17.0,0,0,0,6.0,,6.0,1.5529543903962786,0.8929961089494164
2025,2,61,WAS,Trey Amos,CB,23.0,2025.0,10.0,0,0,0,2.0,,2.0,-0.12045977451711169,0.566147859922179
2025,2,62,CHI,Shemar Turner,DE,22.0,2025.0,5.0,0,0,0,0.0,,0.0,-0.9571668569738068,0.14396887159533073
2025,2,63,KAN,Omarr Norman-Lott,DT,23.0,2025.0,5.0,0,0,0,1.0,,1.0,-0.5388133157454592,0.38910505836575876
2025,2,64,PHI,Andrew Mukuba,SAF,22.0,2025.0,11.0,1,0,0,3.0,,3.0,0.29789376671123585,0.7023346303501945
2025,3,65,NYG,Darius Alexander,DT,25.0,2025.0,16.0,0,0,0,2.0,,2.0,-0.12045977451711169,0.566147859922179
2025,3,66,KAN,Ashton Gillotte,DE,22.0,2025.0,17.0,0,0,0,3.0,,3.0,0.29789376671123585,0.7023346303501945
2025,3,67,CLE,Harold Fannin,TE,21.0,2025.0,16.0,1,0,0,5.0,,5.0,1.134600849167931,0.8424124513618677
2025,3,68,LVR,Darien Porter,CB,24.0,2025.0,17.0,1,0,0,4.0,,4.0,0.7162473079395835,0.791828793774319
2025,3,69,NWE,Kyle Williams,WR,22.0,2025.0,17.0,0,0,0,2.0,,2.0,-0.12045977451711169,0.566147859922179
2025,3,70,DET,Isaac TeSlaa,WR,23.0,2025.0,17.0,0,0,0,2.0,,2.0,-0.12045977451711169,0.566147859922179
2025,3,71,NOR,Vernon Broughton,DT,24.0,2025.0,1.0,0,0,0,0.0,,0.0,-0.9571668569738068,0.14396887159533073
2025,3,72,BUF,Landon Jackson,DE,22.0,2025.0,3.0,0,0,0,0.0,,0.0,-0.9571668569738068,0.14396887159533073
2025,3,73,NYJ,Azareye'h Thomas,CB,21.0,2025.0,12.0,0,0,0,2.0,,2.0,-0.12045977451711169,0.566147859922179
2025,3,74,DEN,Pat Bryant,WR,22.0,2025.0,15.0,0,0,0,3.0,,3.0,0.29789376671123585,0.7023346303501945
2025,3,75,SFO,Nick Martin,LB,22.0,2025.0,7.0,0,0,0,1.0,,1.0,-0.5388133157454592,0.38910505836575876
2025,3,76,DAL,Shavon Revel,CB,24.0,2025.0,7.0,0,0,0,1.0,,1.0,-0.5388133157454592,0.38910505836575876
2025,3,77,CAR,Princely Umanmielen,DE,23.0,2025.0,16.0,0,0,0,2.0,,2.0,-0.12045977451711169,0.566147859922179
2025,3,78,ARI,Jordan Burch,DE,23.0,2025.0,17.0,0,0,0,1.0,,1.0,-0.5388133157454592,0.38910505836575876
2025,3,79,HOU,Jaylin Noel,WR,23.0,2025.0,17.0,0,0,0,2.0,,2.0,-0.12045977451711169,0.566147859922179
2025,3,80,IND,Justin Walley,CB,22.0,,,0,0,0,,,0.0,-0.9571668569738068,0.14396887159533073
2025,3,81,CIN,Dylan Fairchild,OL,22.0,2025.0,15.0,1,0,0,6.0,,6.0,1.5529543903962786,0.8929961089494164
2025,3,82,TEN,Kevin Winston,SAF,21.0,2025.0,10.0,0,0,0,2.0,,2.0,-0.12045977451711169,0.566147859922179
2025,3,83,PIT,Kaleb Johnson,RB,22.0,2025.0,10.0,0,0,0,1.0,,1.0,-0.5388133157454592,0.38910505836575876
2025,3,84,TAM,Jacob Parrish,CB,21.0,2025.0,17.0,0,0,0,3.0,,3.0,0.29789376671123585,0.7023346303501945
2025,3,85,KAN,Nohl Williams,CB,22.0,2025.0,17.0,0,0,0,3.0,,3.0,0.29789376671123585,0.7023346303501945
2025,3,86,LAC,Jamaree Caldwell,DT,25.0,2025.0,17.0,0,0,0,3.0,,3.0,0.29789376671123585,0.7023346303501945
2025,3,87,GNB,Savion Williams,WR,23.0,2025.0,12.0,0,0,0,1.0,,1.0,-0.5388133157454592,0.38910505836575876
2025,3,88,JAX,Caleb Ransaw,SAF,22.0,,,0,0,0,,,0.0,-0.9571668569738068,0.14396887159533073
2025,3,89,JAX,Wyatt Milum,OL,22.0,2025.0,10.0,0,0,0,1.0,,1.0,-0.5388133157454592,0.38910505836575876
2025,3,90,LAR,Josaiah Stewart,DE,22.0,2025.0,17.0,0,0,0,2.0,,2.0,-0.12045977451711169,0.566147859922179
2025,3,91,BAL,Emery Jones,OL,21.0,2025.0,5.0,0,0,0,0.0,,0.0,-0.9571668569738068,0.14396887159533073
2025,3,92,SEA,Jalen Milroe,QB,22.0,2025.0,3.0,0,0,0,0.0,,0.0,-0.9571668569738068,0.14396887159533073
2025,3,93,NOR,Jonas Sanker,SAF,22.0,2025.0,17.0,1,0,0,7.0,,7.0,1.971307931624626,0.9416342412451362
2025,3,94,CLE,Dillon Gabriel,QB,24.0,2025.0,10.0,0,0,0,0.0,,0.0,-0.9571668569738068,0.14396887159533073
2025,3,95,NWE,Jared Wilson,OL,22.0,2025.0,13.0,1,0,0,7.0,,7.0,1.971307931624626,0.9416342412451362
2025,3,96,ATL,Xavier Watts,SAF,23.0,2025.0,17.0,1,0,0,7.0,,7.0,1.971307931624626,0.9416342412451362
2025,3,97,HOU,Jaylin Smith,CB,21.0,2025.0,4.0,0,0,0,0.0,,0.0,-0.9571668569738068,0.14396887159533073
2025,3,98,LVR,Caleb Rogers,OL,23.0,2025.0,6.0,0,0,0,2.0,,2.0,-0.12045977451711169,0.566147859922179
2025,3,99,LVR,Charles Grant,OL,23.0,2025.0,9.0,0,0,0,1.0,,1.0,-0.5388133157454592,0.38910505836575876
2025,3,100,SFO,Upton Stout,CB,23.0,2025.0,16.0,0,0,0,2.0,,2.0,-0.12045977451711169,0.566147859922179
2025,3,101,DEN,Sai'vion Jones,DE,22.0,2025.0,3.0,0,0,0,1.0,,1.0,-0.5388133157454592,0.38910505836575876
2025,3,102,MIN,Tai Felton,WR,22.0,2025.0,17.0,0,0,0,0.0,,0.0,-0.9571668569738068,0.14396887159533073
2025,4,103,TEN,Chimere Dike,WR,23.0,2025.0,17.0,1,1,1,5.0,,5.0,1.134600849167931,0.8424124513618677
2025,4,104,JAX,Bhayshul Tuten,RB,22.0,2025.0,15.0,0,0,0,3.0,,3.0,0.29789376671123585,0.7023346303501945
2025,4,105,NYG,Cam Skattebo,RB,23.0,2025.0,8.0,0,0,0,5.0,,5.0,1.134600849167931,0.8424124513618677
2025,4,106,NWE,Craig Woodson,SAF,24.0,2025.0,17.0,1,0,0,6.0,,6.0,1.5529543903962786,0.8929961089494164
2025,4,107,JAX,Jack Kiser,LB,24.0,2025.0,14.0,0,0,0,1.0,,1.0,-0.5388133157454592,0.38910505836575876
2025,4,108,LVR,Dont'e Thornton,WR,22.0,2025.0,15.0,0,0,0,1.0,,1.0,-0.5388133157454592,0.38910505836575876
2025,4,109,BUF,Deone Walker,DT,21.0,2025.0,17.0,1,0,0,8.0,,8.0,2.3896614728529735,0.9747081712062257
2025,4,110,NYJ,Arian Smith,WR,23.0,2025.0,16.0,0,0,0,1.0,,1.0,-0.5388133157454592,0.38910505836575876
2025,4,111,PHI,Ty Robinson,DT,24.0,2025.0,11.0,0,0,0,1.0,,1.0,-0.5388133157454592,0.38910505836575876
2025,4,112,NOR,Danny Stutsman,LB,22.0,2025.0,17.0,0,0,0,1.0,,1.0,-0.5388133157454592,0.38910505836575876
2025,4,113,SFO,CJ West,DT,23.0,2025.0,14.0,0,0,0,1.0,,1.0,-0.5388133157454592,0.38910505836575876
2025,4,114,CAR,Trevor Etienne,RB,21.0,2025.0,17.0,0,0,0,1.0,,1.0,-0.5388133157454592,0.38910505836575876
2025,4,115,ARI,Cody Simon,LB,23.0,2025.0,16.0,1,0,0,3.0,,3.0,0.29789376671123585,0.7023346303501945
2025,4,116,HOU,Woody Marks,RB,24.0,2025.0,16.0,0,0,0,6.0,,6.0,1.5529543903962786,0.8929961089494164
2025,4,117,LAR,Jarquez Hunter,RB,22.0,2025.0,5.0,0,0,0,0.0,,0.0,-0.9571668569738068,0.14396887159533073
2025,4,118,ATL,Billy Bowman,SAF,22.0,2025.0,6.0,0,0,0,1.0,,1.0,-0.5388133157454592,0.38910505836575876
2025,4,119,CIN,Barrett Carter,LB,22.0,2025.0,17.0,1,0,0,5.0,,5.0,1.134600849167931,0.8424124513618677
2025,4,120,TEN,Gunnar Helm,TE,23.0,2025.0,16.0,1,0,0,3.0,,3.0,0.29789376671123585,0.7023346303501945
2025,4,121,TAM,David Walker,OLB,25.0,,,0,0,0,,,0.0,-0.9571668569738068,0.14396887159533073
2025,4,122,CAR,Lathan Ransom,SAF,23.0,2025.0,16.0,0,0,0,3.0,,3.0,0.29789376671123585,0.7023346303501945
2025,4,123,PIT,Jack Sawyer,DE,23.0,2025.0,17.0,0,0,0,2.0,,2.0,-0.12045977451711169,0.566147859922179
2025,4,124,GNB,Barryn Sorrell,DE,22.0,2025.0,14.0,0,0,0,2.0,,2.0,-0.12045977451711169,0.566147859922179
2025,4,125,LAC,Kyle Kennard,DE,23.0,2025.0,5.0,0,0,0,0.0,,0.0,-0.9571668569738068,0.14396887159533073
2025,4,126,CLE,Dylan Sampson,RB,20.0,2025.0,15.0,0,0,0,3.0,,3.0,0.29789376671123585,0.7023346303501945
2025,4,127,IND,Jalen Travis,OT,23.0,2025.0,17.0,0,0,0,3.0,,3.0,0.29789376671123585,0.7023346303501945
2025,4,128,WAS,Jaylin Lane,WR,23.0,2025.0,15.0,0,0,0,4.0,,4.0,0.7162473079395835,0.791828793774319
2025,4,129,BAL,Teddye Buchanan,LB,22.0,2025.0,14.0,1,0,0,5.0,,5.0,1.134600849167931,0.8424124513618677
2025,4,130,NYJ,Malachi Moore,SAF,23.0,2025.0,17.0,1,0,0,4.0,,4.0,0.7162473079395835,0.791828793774319
2025,4,131,NOR,Quincy Riley,CB,24.0,2025.0,17.0,0,0,0,3.0,,3.0,0.29789376671123585,0.7023346303501945
2025,4,132,CHI,Ruben Hyppolite,LB,23.0,2025.0,7.0,0,0,0,1.0,,1.0,-0.5388133157454592,0.38910505836575876
2025,4,133,KAN,Jalen Royals,WR,22.0,2025.0,7.0,0,0,0,0.0,,0.0,-0.9571668569738068,0.14396887159533073
2025,4,134,DEN,Quandarrius Robinson,LB,24.0,2025.0,6.0,0,0,0,1.0,,1.0,-0.5388133157454592,0.38910505836575876
2025,4,135,LVR,Tonka Hemingway,DT,23.0,2025.0,9.0,0,0,0,1.0,,1.0,-0.5388133157454592,0.38910505836575876
2025,4,136,TEN,Elic Ayomanor,WR,22.0,2025.0,16.0,1,0,0,4.0,,4.0,0.7162473079395835,0.791828793774319
2025,4,137,NWE,Joshua Farmer,DT,22.0,2025.0,13.0,0,0,0,3.0,,3.0,0.29789376671123585,0.7023346303501945
2025,4,138,SFO,Jordan Watkins,WR,23.0,2025.0,4.0,0,0,0,0.0,,0.0,-0.9571668569738068,0.14396887159533073
2025,5,139,MIN,Tyrion Ingram-Dawkins,DE,22.0,2025.0,14.0,0,0,0,2.0,,2.0,-0.12045977451711169,0.566147859922179
2025,5,140,CAR,Cam Jackson,DT,23.0,2025.0,9.0,0,0,0,1.0,,1.0,-0.5388133157454592,0.38910505836575876
2025,5,141,BAL,Carson Vinson,OT,23.0,2025.0,7.0,0,0,0,1.0,,1.0,-0.5388133157454592,0.38910505836575876
2025,5,142,SEA,Rylie Mills,DL,24.0,2025.0,4.0,0,0,0,0.0,,0.0,-0.9571668569738068,0.14396887159533073
2025,5,143,MIA,Jordan Phillips,DL,21.0,2025.0,17.0,1,0,0,6.0,,6.0,1.5529543903962786,0.8929961089494164
2025,5,144,CLE,Shedeur Sanders,QB,23.0,2025.0,8.0,0,0,1,2.0,,2.0,-0.12045977451711169,0.566147859922179
2025,5,145,PHI,Mac McWilliams,CB,23.0,2025.0,5.0,0,0,0,0.0,,0.0,-0.9571668569738068,0.14396887159533073
2025,5,146,NWE,Bradyn Swinson,DE,23.0,2025.0,3.0,0,0,0,0.0,,0.0,-0.9571668569738068,0.14396887159533073
2025,5,147,SFO,Jordan James,RB,21.0,2025.0,3.0,0,0,0,0.0,,0.0,-0.9571668569738068,0.14396887159533073
2025,5,148,LAR,Ty Hamilton,DT,23.0,2025.0,14.0,0,0,0,1.0,,1.0,-0.5388133157454592,0.38910505836575876
2025,5,149,DAL,Jaydon Blue,RB,21.0,2025.0,5.0,0,0,0,1.0,,1.0,-0.5388133157454592,0.38910505836575876
2025,5,150,MIA,Jason Marshall,CB,23.0,2025.0,12.0,0,0,0,1.0,,1.0,-0.5388133157454592,0.38910505836575876
2025,5,151,IND,DJ Giddens,RB,22.0,2025.0,9.0,0,0,0,1.0,,1.0,-0.5388133157454592,0.38910505836575876
2025,5,152,DAL,Shemar James,LB,21.0,2025.0,14.0,0,0,0,2.0,,2.0,-0.12045977451711169,0.566147859922179
2025,5,153,CIN,Jalen Rivers,OL,22.0,2025.0,16.0,0,0,0,3.0,,3.0,0.29789376671123585,0.7023346303501945
2025,5,154,NYG,Marcus Mbow,OL,22.0,2025.0,13.0,0,0,0,2.0,,2.0,-0.12045977451711169,0.566147859922179
2025,5,155,MIA,Dante Trader,SAF,22.0,2025.0,17.0,0,0,0,2.0,,2.0,-0.12045977451711169,0.566147859922179
2025,5,156,KAN,Jeffrey Bassa,LB,22.0,2025.0,17.0,0,0,0,1.0,,1.0,-0.5388133157454592,0.38910505836575876
2025,5,157,TAM,Elijah Roberts,DT,23.0,2025.0,17.0,1,0,0,5.0,,5.0,1.134600849167931,0.8424124513618677
2025,5,158,LAC,KeAndre Lambert-Smith,WR,23.0,2025.0,10.0,0,0,0,0.0,,0.0,-0.9571668569738068,0.14396887159533073
2025,5,159,GNB,Collin Oliver,DE,22.0,2025.0,1.0,0,0,0,0.0,,0.0,-0.9571668569738068,0.14396887159533073
2025,5,160,SFO,Marques Sigle,SAF,23.0,2025.0,15.0,0,0,0,3.0,,3.0,0.29789376671123585,0.7023346303501945
2025,5,161,PHI,Smael Mondon,LB,22.0,2025.0,17.0,0,0,0,1.0,,1.0,-0.5388133157454592,0.38910505836575876
2025,5,162,NYJ,Francisco Mauigoa,LB,22.0,2025.0,12.0,0,0,0,3.0,,3.0,0.29789376671123585,0.7023346303501945
2025,5,163,CAR,Mitchell Evans,TE,22.0,2025.0,17.0,1,0,0,2.0,,2.0,-0.12045977451711169,0.566147859922179
2025,5,164,PIT,Yahya Black,DT,23.0,2025.0,17.0,0,0,0,2.0,,2.0,-0.12045977451711169,0.566147859922179
2025,5,165,LAC,Oronde Gadsden II,TE,22.0,2025.0,15.0,0,0,0,6.0,,6.0,1.5529543903962786,0.8929961089494164
2025,5,166,SEA,Tory Horton,WR,22.0,2025.0,8.0,0,0,0,2.0,,2.0,-0.12045977451711169,0.566147859922179
2025,5,167,TEN,Jackson Slater,OL,22.0,2025.0,12.0,0,0,0,1.0,,1.0,-0.5388133157454592,0.38910505836575876
2025,5,168,PHI,Drew Kendall,C,23.0,2025.0,7.0,0,0,0,1.0,,1.0,-0.5388133157454592,0.38910505836575876
2025,5,169,CHI,Zah Frazier,CB,24.0,,,0,0,0,,,0.0,-0.9571668569738068,0.14396887159533073
2025,5,170,BUF,Jordan Hancock,SAF,22.0,2025.0,13.0,0,0,0,1.0,,1.0,-0.5388133157454592,0.38910505836575876
2025,5,171,DET,Miles Frazier,G,23.0,2025.0,5.0,0,0,0,0.0,,0.0,-0.9571668569738068,0.14396887159533073
2025,5,172,LAR,Chris Paul,LB,22.0,,,0,0,0,,,0.0,-0.9571668569738068,0.14396887159533073
2025,5,173,BUF,Jackson Hawes,TE,24.0,2025.0,17.0,0,0,0,2.0,,2.0,-0.12045977451711169,0.566147859922179
2025,5,174,ARI,Denzel Burke,CB,22.0,2025.0,17.0,0,0,0,3.0,,3.0,0.29789376671123585,0.7023346303501945
2025,5,175,SEA,Robbie Ouzts,TE,23.0,2025.0,12.0,0,0,0,0.0,,0.0,-0.9571668569738068,0.14396887159533073
2025,5,176,NYJ,Tyler Baron,DE,23.0,2025.0,6.0,0,0,0,0.0,,0.0,-0.9571668569738068,0.14396887159533073
2025,6,177,BUF,Dorian Strong,CB,23.0,2025.0,4.0,0,0,0,1.0,,1.0,-0.5388133157454592,0.38910505836575876
2025,6,178,BAL,Bilhal Kone,CB,23.0,,,0,0,0,,,0.0,-0.9571668569738068,0.14396887159533073
2025,6,179,MIA,Ollie Gordon,RB,21.0,2025.0,17.0,0,0,0,2.0,,2.0,-0.12045977451711169,0.566147859922179
2025,6,180,LVR,JJ Pegues,DT,23.0,2025.0,9.0,0,0,0,1.0,,1.0,-0.5388133157454592,0.38910505836575876
2025,6,181,PHI,Kyle McCord,QB,22.0,,,0,0,0,,,0.0,-0.9571668569738068,0.14396887159533073
2025,6,182,NWE,Andres Borregales,K,22.0,2025.0,17.0,1,0,0,2.0,,2.0,-0.12045977451711169,0.566147859922179
2025,6,183,TEN,Marcus Harris,DB,24.0,2025.0,14.0,0,0,0,2.0,,2.0,-0.12045977451711169,0.566147859922179
2025,6,184,NOR,Devin Neal,RB,22.0,2025.0,10.0,0,0,0,2.0,,2.0,-0.12045977451711169,0.566147859922179
2025,6,185,PIT,Will Howard,QB,23.0,,,0,0,0,,,0.0,-0.9571668569738068,0.14396887159533073
2025,6,186,BAL,Tyler Loop,K,24.0,2025.0,17.0,1,0,0,3.0,,3.0,0.29789376671123585,0.7023346303501945
2025,6,187,HOU,Jaylen Reed,SAF,22.0,2025.0,7.0,0,0,0,1.0,,1.0,-0.5388133157454592,0.38910505836575876
2025,6,188,TEN,Kalel Mullings,RB,22.0,2025.0,9.0,0,0,0,0.0,,0.0,-0.9571668569738068,0.14396887159533073
2025,6,189,IND,Riley Leonard,QB,22.0,2025.0,5.0,0,0,0,2.0,,2.0,-0.12045977451711169,0.566147859922179
2025,6,190,IND,Tim Smith,DL,23.0,,,0,0,0,,,0.0,-0.9571668569738068,0.14396887159533073
2025,6,191,PHI,Myles Hinton,OT,23.0,,,0,0,0,,,0.0,-0.9571668569738068,0.14396887159533073
2025,6,192,SEA,Bryce Cabeldue,OT,24.0,2025.0,8.0,0,0,0,1.0,,1.0,-0.5388133157454592,0.38910505836575876
2025,6,193,CIN,Tahj Brooks,RB,23.0,2025.0,16.0,0,0,0,0.0,,0.0,-0.9571668569738068,0.14396887159533073
2025,6,194,JAX,Jalen McLeod,DE,23.0,,,0,0,0,,,0.0,-0.9571668569738068,0.14396887159533073
2025,6,195,CHI,Luke Newman,G,23.0,2025.0,9.0,0,0,0,1.0,,1.0,-0.5388133157454592,0.38910505836575876
2025,6,196,DET,Ahmed Hassanein,DE,23.0,,,0,0,0,,,0.0,-0.9571668569738068,0.14396887159533073
2025,6,197,HOU,Graham Mertz,QB,24.0,,,0,0,0,,,0.0,-0.9571668569738068,0.14396887159533073
2025,6,198,GNB,Warren Brinson,DL,23.0,2025.0,11.0,0,0,0,1.0,,1.0,-0.5388133157454592,0.38910505836575876
2025,6,199,LAC,Branson Taylor,OL,23.0,2025.0,1.0,0,0,0,0.0,,0.0,-0.9571668569738068,0.14396887159533073
2025,6,200,JAX,Rayuan Lane,FS,22.0,2025.0,17.0,0,0,0,1.0,,1.0,-0.5388133157454592,0.38910505836575876
2025,6,201,MIN,Kobe King,LB,22.0,2025.0,14.0,0,0,0,1.0,,0.0,-0.9571668569738068,0.14396887159533073
2025,6,202,MIN,Gavin Bartholomew,TE,22.0,,,0,0,0,,,0.0,-0.9571668569738068,0.14396887159533073
2025,6,203,BAL,LaJohntay Wester,WR,23.0,2025.0,17.0,0,0,0,0.0,,0.0,-0.9571668569738068,0.14396887159533073
2025,6,204,DAL,Ajani Cornelius,OL,23.0,2025.0,1.0,0,0,0,0.0,,0.0,-0.9571668569738068,0.14396887159533073
2025,6,205,WAS,Kain Medrano,LB,24.0,2025.0,9.0,0,0,0,1.0,,1.0,-0.5388133157454592,0.38910505836575876
2025,6,206,BUF,Chase Lundt,OL,25.0,2025.0,2.0,0,0,0,0.0,,0.0,-0.9571668569738068,0.14396887159533073
2025,6,207,PHI,Cameron Williams,OL,21.0,2025.0,1.0,0,0,0,0.0,,0.0,-0.9571668569738068,0.14396887159533073
2025,6,208,CAR,Jimmy Horn,WR,22.0,2025.0,13.0,0,0,0,1.0,,1.0,-0.5388133157454592,0.38910505836575876
2025,6,209,PHI,Antwaun Powell-Ryland,DE,23.0,,,0,0,0,,,0.0,-0.9571668569738068,0.14396887159533073
2025,6,210,BAL,Aeneas Peebles,DT,24.0,2025.0,6.0,0,0,0,0.0,,0.0,-0.9571668569738068,0.14396887159533073
2025,6,211,ARI,Hayden Conner,OL,23.0,2025.0,5.0,0,0,0,0.0,,0.0,-0.9571668569738068,0.14396887159533073
2025,6,212,BAL,Robert Longerbeam,DB,24.0,,,0,0,0,,,0.0,-0.9571668569738068,0.14396887159533073
2025,6,213,LVR,Tommy Mellott,QB,,,,0,0,0,,,0.0,-0.9571668569738068,0.14396887159533073
2025,6,214,LAC,R.J. Mickens,SAF,24.0,2025.0,12.0,0,0,0,3.0,,3.0,0.29789376671123585,0.7023346303501945
2025,6,215,LVR,Cam Miller,QB,24.0,,,0,0,0,,,0.0,-0.9571668569738068,0.14396887159533073
2025,6,216,DEN,Jeremy Crawshaw,P,24.0,2025.0,17.0,1,0,0,3.0,,3.0,0.29789376671123585,0.7023346303501945
2025,7,217,DAL,Jay Toia,DT,22.0,2025.0,5.0,0,0,0,0.0,,0.0,-0.9571668569738068,0.14396887159533073
2025,7,218,ATL,Jack Nelson,OT,23.0,2025.0,10.0,0,0,0,1.0,,1.0,-0.5388133157454592,0.38910505836575876
2025,7,219,NYG,Thomas Fidone,TE,22.0,2025.0,7.0,0,0,0,0.0,,0.0,-0.9571668569738068,0.14396887159533073
2025,7,220,NWE,Marcus Bryant,OL,23.0,2025.0,12.0,0,0,0,1.0,,1.0,-0.5388133157454592,0.38910505836575876
2025,7,221,JAX,Jonah Monheim,OL,23.0,2025.0,17.0,0,0,0,2.0,,2.0,-0.12045977451711169,0.566147859922179
2025,7,222,LVR,Cody Lindenberg,LB,23.0,2025.0,17.0,0,0,0,1.0,,1.0,-0.5388133157454592,0.38910505836575876
2025,7,223,SEA,Damien Martinez,RB,21.0,,,0,0,0,,,0.0,-0.9571668569738068,0.14396887159533073
2025,7,224,HOU,Kyonte Hamilton,DL,22.0,,,0,0,0,,,0.0,-0.9571668569738068,0.14396887159533073
2025,7,225,ARI,Kitan Crawford,SAF,23.0,2025.0,15.0,0,0,0,1.0,,1.0,-0.5388133157454592,0.38910505836575876
2025,7,226,PIT,Carson Bruener,LB,24.0,2025.0,17.0,0,0,0,1.0,,1.0,-0.5388133157454592,0.38910505836575876
2025,7,227,SFO,Kurtis Rourke,QB,24.0,,,0,0,0,,,0.0,-0.9571668569738068,0.14396887159533073
2025,7,228,KAN,Brashard Smith,RB,22.0,2025.0,17.0,0,0,0,3.0,,3.0,0.29789376671123585,0.7023346303501945
2025,7,229,PIT,Donte Kent,CB,23.0,,,0,0,0,,,0.0,-0.9571668569738068,0.14396887159533073
2025,7,230,DET,Dan Jackson,SAF,24.0,,,0,0,0,,,0.0,-0.9571668569738068,0.14396887159533073
2025,7,231,MIA,Quinn Ewers,QB,22.0,2025.0,4.0,0,0,0,2.0,,2.0,-0.12045977451711169,0.566147859922179
2025,7,232,IND,Hunter Wohler,SAF,22.0,,,0,0,0,,,0.0,-0.9571668569738068,0.14396887159533073
2025,7,233,CHI,Kyle Monangai,RB,23.0,2025.0,17.0,0,0,0,6.0,,6.0,1.5529543903962786,0.8929961089494164
2025,7,234,SEA,Mason Richman,OL,23.0,2025.0,2.0,0,0,0,0.0,,0.0,-0.9571668569738068,0.14396887159533073
2025,7,235,TAM,Tez Johnson,WR,23.0,2025.0,16.0,0,0,0,3.0,,3.0,0.29789376671123585,0.7023346303501945
2025,7,236,JAX,LeQuint Allen,RB,21.0,2025.0,17.0,0,0,0,1.0,,1.0,-0.5388133157454592,0.38910505836575876
2025,7,237,GNB,Micah Robinson,CB,23.0,2025.0,9.0,0,0,0,1.0,,0.0,-0.9571668569738068,0.14396887159533073
2025,7,238,SEA,Ricky White,WR,23.0,2025.0,2.0,0,0,0,0.0,,0.0,-0.9571668569738068,0.14396887159533073
2025,7,239,DAL,Phil Mafah,RB,22.0,2025.0,1.0,0,0,0,0.0,,0.0,-0.9571668569738068,0.14396887159533073
2025,7,240,BUF,Kaden Prather,WR,23.0,,,0,0,0,,,0.0,-0.9571668569738068,0.14396887159533073
2025,7,241,DEN,Caleb Lohner,TE,24.0,,,0,0,0,,,0.0,-0.9571668569738068,0.14396887159533073
2025,7,242,LAR,Konata Mumpfield,WR,22.0,2025.0,17.0,0,0,0,1.0,,1.0,-0.5388133157454592,0.38910505836575876
2025,7,243,BAL,Garrett Dellinger,G,23.0,2025.0,1.0,0,0,0,0.0,,0.0,-0.9571668569738068,0.14396887159533073
2025,7,244,DET,Dominic Lovett,WR,22.0,2025.0,12.0,0,0,0,0.0,,0.0,-0.9571668569738068,0.14396887159533073
2025,7,245,WAS,Jacory Croskey-Merritt,RB,24.0,2025.0,17.0,0,0,0,6.0,,6.0,1.5529543903962786,0.8929961089494164
2025,7,246,NYG,Korie Black,CB,23.0,2025.0,11.0,0,0,0,1.0,,1.0,-0.5388133157454592,0.38910505836575876
2025,7,247,DAL,Tommy Akingbesote,DT,22.0,,,0,0,0,,,0.0,-0.9571668569738068,0.14396887159533073
2025,7,248,NOR,Moliki Matavao,TE,22.0,2025.0,6.0,0,0,0,0.0,,0.0,-0.9571668569738068,0.14396887159533073
2025,7,249,SFO,Connor Colby,OL,22.0,2025.0,13.0,0,0,0,3.0,,3.0,0.29789376671123585,0.7023346303501945
2025,7,250,GNB,John Williams,OL,23.0,,,0,0,0,,,0.0,-0.9571668569738068,0.14396887159533073
2025,7,251,NWE,Julian Ashby,LS,23.0,2025.0,17.0,0,0,0,1.0,,1.0,-0.5388133157454592,0.38910505836575876
2025,7,252,SFO,Junior Bergen,WR,,,,0,0,0,,,0.0,-0.9571668569738068,0.14396887159533073
2025,7,253,MIA,Zeek Biggers,DL,21.0,2025.0,9.0,0,0,0,1.0,,1.0,-0.5388133157454592,0.38910505836575876
2025,7,254,NOR,Fadil Diggs,DE,23.0,2025.0,5.0,0,0,0,0.0,,0.0,-0.9571668569738068,0.14396887159533073
2025,7,255,HOU,Luke Lachey,TE,24.0,,,0,0,0,,,0.0,-0.9571668569738068,0.14396887159533073
2025,7,256,LAC,Trikweze Bridges,SAF,24.0,2025.0,16.0,0,0,0,1.0,,0.0,-0.9571668569738068,0.14396887159533073
2025,7,257,NWE,Kobee Minor,DB,23.0,2025.0,4.0,0,0,0,0.0,,0.0,-0.9571668569738068,0.14396887159533073
