season,team,round,pick,pfr_player_name,wf_grade,grade_points,grade_z,match_method
2021,JAX,1,1,Trevor Lawrence,A+,4.3,1.3550960601998654,name+round
2021,NYJ,1,2,Zach Wilson,B,3.0,0.16629761447476168,name+round
2021,SFO,1,3,Trey Lance,A-,3.7,0.8064198544805871,name+round
2021,ATL,1,4,Kyle Pitts,B+,3.3,0.4406357173344009,name+round
2021,CIN,1,5,Ja'Marr Chase,B,3.0,0.16629761447476168,name+round
2021,MIA,1,6,Jaylen Waddle,B,3.0,0.16629761447476168,name+round
2021,DET,1,7,Penei Sewell,A+,4.3,1.3550960601998654,name+round
2021,CAR,1,8,Jaycee Horn,B+,3.3,0.4406357173344009,name+round
2021,DEN,1,9,Patrick Surtain II,B,3.0,0.16629761447476168,name+round
2021,PHI,1,10,DeVonta Smith,A+,4.3,1.3550960601998654,name+round
2021,CHI,1,11,Justin Fields,A+,4.3,1.3550960601998654,name+round
2021,DAL,1,12,Micah Parsons,C+,2.3,-0.47382462553106364,name+round
2021,LAC,1,13,Rashawn Slater,A-,3.7,0.8064198544805871,name+round
2021,NYJ,1,14,Alijah Vera-Tucker,C,2.0,-0.7481627283907029,name+round
2021,NWE,1,15,Mac Jones,D,1.0,-1.6626230712561674,name+round
2021,ARI,1,16,Zaven Collins,B+,3.3,0.4406357173344009,name+round
2021,LVR,1,17,Alex Leatherwood,B+,3.3,0.4406357173344009,name+round
2021,MIA,1,18,Jaelan Phillips,B-,2.7,-0.10804048838487751,name+round
2021,WAS,1,19,Jamin Davis,B-,2.7,-0.10804048838487751,name+round
2021,NYG,1,20,Kadarius Toney,B,3.0,0.16629761447476168,name+round
2021,IND,1,21,Kwity Paye,B,3.0,0.16629761447476168,name+round
2021,TEN,1,22,Caleb Farley,B-,2.7,-0.10804048838487751,name+round
2021,MIN,1,23,Christian Darrisaw,B,3.0,0.16629761447476168,name+round
2021,PIT,1,24,Najee Harris,D-,0.7,-1.9369611741158066,name+round
2021,JAX,1,25,Travis Etienne,F,0.0,-2.5770834141216317,name+round
2021,CLE,1,26,Greg Newsome II,B,3.0,0.16629761447476168,name+round
2021,BAL,1,27,Rashod Bateman,D,1.0,-1.6626230712561674,name+round
2021,NOR,1,28,Payton Turner,C-,1.7,-1.0225008312503423,name+round
2021,GNB,1,29,Eric Stokes,C,2.0,-0.7481627283907029,name+round
2021,BUF,1,30,Gregory Rousseau,B,3.0,0.16629761447476168,name+round
2021,BAL,1,31,Odafe Oweh,A,4.0,1.0807579573402262,surname+round
2021,TAM,1,32,Joe Tryon-Shoyinka,A,4.0,1.0807579573402262,name+round
2021,JAX,2,33,Tyson Campbell,A-,3.7,0.8064198544805871,name+round
2021,NYJ,2,34,Elijah Moore,B,3.0,0.16629761447476168,name+round
2021,DEN,2,35,Javonte Williams,C,2.0,-0.7481627283907029,name+round
2021,MIA,2,36,Jevon Holland,B,3.0,0.16629761447476168,name+round
2021,PHI,2,37,Landon Dickerson,C,2.0,-0.7481627283907029,name+round
2021,NWE,2,38,Christian Barmore,A,4.0,1.0807579573402262,name+round
2021,CHI,2,39,Teven Jenkins,A,4.0,1.0807579573402262,name+round
2021,ATL,2,40,Richie Grant,B,3.0,0.16629761447476168,name+round
2021,DET,2,41,Levi Onwuzurike,B,3.0,0.16629761447476168,name+round
2021,MIA,2,42,Liam Eichenberg,A-,3.7,0.8064198544805871,name+round
2021,LVR,2,43,Tre'von Moehrig,A+,4.3,1.3550960601998654,compact+round
2021,DAL,2,44,Kelvin Joseph,C-,1.7,-1.0225008312503423,name+round
2021,JAX,2,45,Walker Little,B-,2.7,-0.10804048838487751,name+round
2021,CIN,2,46,Jackson Carman,A+,4.3,1.3550960601998654,name+round
2021,LAC,2,47,Asante Samuel Jr.,C,2.0,-0.7481627283907029,name+round
2021,SFO,2,48,Aaron Banks,B-,2.7,-0.10804048838487751,name+round
2021,ARI,2,49,Rondale Moore,B,3.0,0.16629761447476168,name+round
2021,NYG,2,50,Azeez Ojulari,A,4.0,1.0807579573402262,name+round
2021,WAS,2,51,Samuel Cosmi,C,2.0,-0.7481627283907029,surname+round
2021,CLE,2,52,Jeremiah Owusu-Koramoah,A,4.0,1.0807579573402262,name+round
2021,TEN,2,53,Dillon Radunz,B,3.0,0.16629761447476168,name+round
2021,IND,2,54,Dayo Odeyingbo,C-,1.7,-1.0225008312503423,name+round
2021,PIT,2,55,Pat Freiermuth,C+,2.3,-0.47382462553106364,name+round
2021,SEA,2,56,D'Wayne Eskridge,F,0.0,-2.5770834141216317,compact+round
2021,LAR,2,57,Tutu Atwell,B-,2.7,-0.10804048838487751,name+round
2021,KAN,2,58,Nick Bolton,B,3.0,0.16629761447476168,name+round
2021,CAR,2,59,Terrace Marshall Jr.,A,4.0,1.0807579573402262,name+round
2021,NOR,2,60,Pete Werner,B-,2.7,-0.10804048838487751,name+round
2021,BUF,2,61,Boogie Basham,A,4.0,1.0807579573402262,surname+round
2021,GNB,2,62,Josh Myers,A,4.0,1.0807579573402262,name+round
2021,KAN,2,63,Creed Humphrey,A,4.0,1.0807579573402262,name+round
2021,TAM,2,64,Kyle Trask,C-,1.7,-1.0225008312503423,name+round
2021,JAX,3,65,Andre Cisco,A-,3.7,0.8064198544805871,name+round
2021,MIN,3,66,Kellen Mond,B+,3.3,0.4406357173344009,name+round
2021,HOU,3,67,Davis Mills,C-,1.7,-1.0225008312503423,name+round
2021,ATL,3,68,Jalen Mayfield,B+,3.3,0.4406357173344009,name+round
2021,CIN,3,69,Joseph Ossai,B,3.0,0.16629761447476168,name+round
2021,CAR,3,70,Brady Christensen,B+,3.3,0.4406357173344009,fuzzy
2021,NYG,3,71,Aaron Robinson,A+,4.3,1.3550960601998654,name+round
2021,DET,3,72,Alim McNeill,C-,1.7,-1.0225008312503423,name+round
2021,PHI,3,73,Milton Williams,B+,3.3,0.4406357173344009,name+round
2021,WAS,3,74,Benjamin St-Juste,F,0.0,-2.5770834141216317,name+round
2021,DAL,3,75,Osa Odighizuwa,B,3.0,0.16629761447476168,name+round
2021,NOR,3,76,Paulson Adebo,B,3.0,0.16629761447476168,name+round
2021,LAC,3,77,Josh Palmer,D,1.0,-1.6626230712561674,name+round
2021,MIN,3,78,Chazz Surratt,B+,3.3,0.4406357173344009,name+round
2021,LVR,3,79,Malcolm Koonce,F,0.0,-2.5770834141216317,name+round
2021,LVR,3,80,Divine Deablo,D,1.0,-1.6626230712561674,name+round
2021,MIA,3,81,Hunter Long,B-,2.7,-0.10804048838487751,name+round
2021,WAS,3,82,Dyami Brown,B+,3.3,0.4406357173344009,name+round
2021,CAR,3,83,Tommy Tremble,C,2.0,-0.7481627283907029,name+round
2021,DAL,3,84,Chauncey Golston,C,2.0,-0.7481627283907029,name+round
2021,GNB,3,85,Amari Rodgers,B,3.0,0.16629761447476168,name+round
2021,MIN,3,86,Wyatt Davis,B+,3.3,0.4406357173344009,name+round
2021,PIT,3,87,Kendrick Green,B,3.0,0.16629761447476168,name+round
2021,SFO,3,88,Trey Sermon,D,1.0,-1.6626230712561674,name+round
2021,HOU,3,89,Nico Collins,F,0.0,-2.5770834141216317,name+round
2021,MIN,3,90,Patrick Jones II,B+,3.3,0.4406357173344009,name+round
2021,CLE,3,91,Anthony Schwartz,D,1.0,-1.6626230712561674,name+round
2021,TEN,3,92,Monty Rice,B,3.0,0.16629761447476168,name+round
2021,BUF,3,93,Spencer Brown,A,4.0,1.0807579573402262,name+round
2021,BAL,3,94,Ben Cleveland,B-,2.7,-0.10804048838487751,name+round
2021,TAM,3,95,Robert Hainsey,B,3.0,0.16629761447476168,name+round
2021,NWE,3,96,Ronnie Perkins,B,3.0,0.16629761447476168,name+round
2021,LAC,3,97,Tre' McKitty,A-,3.7,0.8064198544805871,name+round
2021,DEN,3,98,Quinn Meinerz,B,3.0,0.16629761447476168,name+round
2021,DAL,3,99,Nahshon Wright,F,0.0,-2.5770834141216317,name+round
2021,TEN,3,100,Elijah Molden,C,2.0,-0.7481627283907029,name+round
2021,DET,3,101,Ifeatu Melifonwu,B,3.0,0.16629761447476168,name+round
2021,SFO,3,102,Ambry Thomas,B-,2.7,-0.10804048838487751,name+round
2021,LAR,3,103,Ernest Jones,D,1.0,-1.6626230712561674,name+round
2021,BAL,3,104,Brandon Stephens,C+,2.3,-0.47382462553106364,name+round
2021,DEN,3,105,Baron Browning,B,3.0,0.16629761447476168,name+round
2021,JAX,4,106,Jay Tufele,A-,3.7,0.8064198544805871,name+round
2021,NYJ,4,107,Michael Carter,A,4.0,1.0807579573402262,name+round
2021,ATL,4,108,Darren Hall,C-,1.7,-1.0225008312503423,name+round
2021,TEN,4,109,Dez Fitzpatrick,C-,1.7,-1.0225008312503423,name+round
2021,CLE,4,110,James Hudson,A,4.0,1.0807579573402262,name+round
2021,CIN,4,111,Cameron Sample,B+,3.3,0.4406357173344009,name+round
2021,DET,4,112,Amon-Ra St. Brown,B,3.0,0.16629761447476168,name+round
2021,DET,4,113,Derrick Barnes,F,0.0,-2.5770834141216317,name+round
2021,ATL,4,114,Drew Dalman,B+,3.3,0.4406357173344009,name+round
2021,DAL,4,115,Jabril Cox,A+,4.3,1.3550960601998654,name+round
2021,NYG,4,116,Elerson Smith,B-,2.7,-0.10804048838487751,name+round
2021,LAR,4,117,Bobby Brown,B,3.0,0.16629761447476168,name+round
2021,LAC,4,118,Chris Rumph,C,2.0,-0.7481627283907029,name+round
2021,MIN,4,119,Kene Nwangwu,F,0.0,-2.5770834141216317,name+round
2021,NWE,4,120,Rhamondre Stevenson,B,3.0,0.16629761447476168,name+round
2021,JAX,4,121,Jordan Smith,F,0.0,-2.5770834141216317,name+round
2021,CIN,4,122,Tyler Shelvin,B+,3.3,0.4406357173344009,name+round
2021,PHI,4,123,Zech McPhearson,A-,3.7,0.8064198544805871,name+round
2021,WAS,4,124,John Bates,D,1.0,-1.6626230712561674,name+round
2021,MIN,4,125,Camryn Bynum,B,3.0,0.16629761447476168,name+round
2021,CAR,4,126,Chuba Hubbard,B+,3.3,0.4406357173344009,name+round
2021,IND,4,127,Kylen Granson,D,1.0,-1.6626230712561674,name+round
2021,PIT,4,128,Dan Moore,A+,4.3,1.3550960601998654,name+round
2021,TAM,4,129,Jaelon Darden,A-,3.7,0.8064198544805871,name+round
2021,LAR,4,130,Robert Rochell,A-,3.7,0.8064198544805871,name+round
2021,BAL,4,131,Tylan Wallace,A-,3.7,0.8064198544805871,name+round
2021,CLE,4,132,Tommy Togiai,B+,3.3,0.4406357173344009,name+round
2021,NOR,4,133,Ian Book,F,0.0,-2.5770834141216317,name+round
2021,MIN,4,134,Janarius Robinson,A-,3.7,0.8064198544805871,name+round
2021,TEN,4,135,Rashad Weaver,A+,4.3,1.3550960601998654,name+round
2021,ARI,4,136,Marco Wilson,C,2.0,-0.7481627283907029,name+round
2021,SEA,4,137,Tre Brown,B+,3.3,0.4406357173344009,name+round
2021,DAL,4,138,Josh Ball,C-,1.7,-1.0225008312503423,name+round
2021,CIN,4,139,D'Ante Smith,A,4.0,1.0807579573402262,name+round
2021,PIT,4,140,Buddy Johnson,B+,3.3,0.4406357173344009,name+round
2021,LAR,4,141,Jacob Harris,F,0.0,-2.5770834141216317,name+round
2021,GNB,4,142,Royce Newman,B,3.0,0.16629761447476168,name+round
2021,LVR,4,143,Tyree Gillespie,D,1.0,-1.6626230712561674,name+round
2021,KAN,4,144,Joshua Kaindoh,A-,3.7,0.8064198544805871,surname+round
2021,JAX,5,145,Luke Farrell,D,1.0,-1.6626230712561674,name+round
2021,NYJ,5,146,Jamien Sherwood,D,1.0,-1.6626230712561674,name+round
2021,HOU,5,147,Brevin Jordan,A+,4.3,1.3550960601998654,name+round
2021,ATL,5,148,Ta'Quon Graham,C,2.0,-0.7481627283907029,name+round
2021,CIN,5,149,Evan McPherson,C,2.0,-0.7481627283907029,name+round
2021,PHI,5,150,Kenneth Gainwell,A+,4.3,1.3550960601998654,name+round
2021,CHI,5,151,Larry Borom,C+,2.3,-0.47382462553106364,name+round
2021,DEN,5,152,Caden Sterns,A,4.0,1.0807579573402262,name+round
2021,CLE,5,153,Tony Fields,B+,3.3,0.4406357173344009,name+round
2021,NYJ,5,154,Michael Carter II,D,1.0,-1.6626230712561674,name+round
2021,SFO,5,155,Jaylon Moore,B,3.0,0.16629761447476168,name+round
2021,PIT,5,156,Isaiahh Loudermilk,F,0.0,-2.5770834141216317,name+round
2021,MIN,5,157,Ihmir Smith-Marsette,B,3.0,0.16629761447476168,name+round
2021,CAR,5,158,Daviyon Nixon,A+,4.3,1.3550960601998654,name+round
2021,LAC,5,159,Brenden Jaimes,C,2.0,-0.7481627283907029,name+round
2021,BAL,5,160,Shaun Wade,A,4.0,1.0807579573402262,name+round
2021,BUF,5,161,Tommy Doyle,A,4.0,1.0807579573402262,name+round
2021,KAN,5,162,Noah Gray,C-,1.7,-1.0225008312503423,name+round
2021,WAS,5,163,Darrick Forrest,B,3.0,0.16629761447476168,name+round
2021,DEN,5,164,Jamar Johnson,F,0.0,-2.5770834141216317,name+round
2021,IND,5,165,Shawn Davis,B+,3.3,0.4406357173344009,name+round
2021,CAR,5,166,Keith Taylor,B-,2.7,-0.10804048838487751,name+round
2021,LVR,5,167,Nate Hobbs,C,2.0,-0.7481627283907029,name+round
2021,MIN,5,168,Zach Davidson,C,2.0,-0.7481627283907029,name+round
2021,CLE,5,169,Richard LeCounte,C,2.0,-0.7481627283907029,name+round
2021,HOU,5,170,Garret Wallow,B+,3.3,0.4406357173344009,name+round
2021,BAL,5,171,Daelin Hayes,A,4.0,1.0807579573402262,name+round
2021,SFO,5,172,Deommodore Lenoir,B,3.0,0.16629761447476168,name+round
2021,GNB,5,173,Tedarrell Slaton,A+,4.3,1.3550960601998654,name+round
2021,LAR,5,174,Earnest Brown IV,D,1.0,-1.6626230712561674,name+round
2021,NYJ,5,175,Jason Pinnock,B+,3.3,0.4406357173344009,name+round
2021,TAM,5,176,K.J. Britt,B,3.0,0.16629761447476168,name+round
2021,NWE,5,177,Cameron McGrone,B,3.0,0.16629761447476168,name+round
2021,GNB,5,178,Shemar Jean-Charles,C+,2.3,-0.47382462553106364,name+round
2021,DAL,5,179,Simi Fehoko,A,4.0,1.0807579573402262,name+round
2021,SFO,5,180,Talanoa Hufanga,B+,3.3,0.4406357173344009,name+round
2021,KAN,5,181,Cornell Powell,B,3.0,0.16629761447476168,name+round
2021,ATL,5,182,Adetokunbo Ogundeji,C,2.0,-0.7481627283907029,name+round
2021,ATL,5,183,Avery Williams,C+,2.3,-0.47382462553106364,name+round
2021,BAL,5,184,Ben Mason,B+,3.3,0.4406357173344009,name+round
2021,LAC,6,185,Nick Niemann,B,3.0,0.16629761447476168,name+round
2021,NYJ,6,186,Hamsah Nasirildeen,A,4.0,1.0807579573402262,name+round
2021,ATL,6,187,Frank Darby,B-,2.7,-0.10804048838487751,name+round
2021,NWE,6,188,Joshuah Bledsoe,A-,3.7,0.8064198544805871,name+round
2021,PHI,6,189,Marlon Tuipulotu,A+,4.3,1.3550960601998654,name+round
2021,CIN,6,190,Trey Hill,A+,4.3,1.3550960601998654,name+round
2021,PHI,6,191,Tarron Jackson,C+,2.3,-0.47382462553106364,name+round
2021,DAL,6,192,Quinton Bohanna,C+,2.3,-0.47382462553106364,name+round
2021,CAR,6,193,Deonte Brown,B,3.0,0.16629761447476168,name+round
2021,SFO,6,194,Elijah Mitchell,B,3.0,0.16629761447476168,name+round
2021,HOU,6,195,Roy Lopez,C-,1.7,-1.0225008312503423,name+round
2021,NYG,6,196,Gary Brightwell,C-,1.7,-1.0225008312503423,name+round
2021,NWE,6,197,William Sherman,C-,1.7,-1.0225008312503423,name+round
2021,LAC,6,198,Larry Rountree,A-,3.7,0.8064198544805871,name+round
2021,MIN,6,199,Jaylen Twyman,C-,1.7,-1.0225008312503423,name+round
2021,NYJ,6,200,Brandin Echols,B,3.0,0.16629761447476168,name+round
2021,NYG,6,201,Rodarius Williams,A+,4.3,1.3550960601998654,name+round
2021,CIN,6,202,Chris Evans,B-,2.7,-0.10804048838487751,name+round
2021,BUF,6,203,Marquez Stevenson,A,4.0,1.0807579573402262,name+round
2021,CAR,6,204,Shi Smith,A,4.0,1.0807579573402262,name+round
2021,TEN,6,205,Racey McMath,B,3.0,0.16629761447476168,name+round
2021,NOR,6,206,Landon Young,B+,3.3,0.4406357173344009,name+round
2021,NYJ,6,207,Jonathan Marshall,B+,3.3,0.4406357173344009,name+round
2021,SEA,6,208,Stone Forsythe,A-,3.7,0.8064198544805871,name+round
2021,JAX,6,209,Jalen Camp,B,3.0,0.16629761447476168,name+round
2021,ARI,6,210,Victor Dimukeje,A-,3.7,0.8064198544805871,name+round
2021,CLE,6,211,Demetric Felton,B-,2.7,-0.10804048838487751,name+round
2021,BUF,6,212,Damar Hamlin,B,3.0,0.16629761447476168,name+round
2021,BUF,6,213,Rachad Wildgoose,C,2.0,-0.7481627283907029,name+round
2021,GNB,6,214,Cole Van Lanen,C-,1.7,-1.0225008312503423,name+round
2021,TEN,6,215,Brady Breeze,B-,2.7,-0.10804048838487751,name+round
2021,PIT,6,216,Quincy Roche,A-,3.7,0.8064198544805871,name+round
2021,CHI,6,217,Khalil Herbert,A-,3.7,0.8064198544805871,name+round
2021,IND,6,218,Sam Ehlinger,C,2.0,-0.7481627283907029,name+round
2021,DEN,6,219,Seth Williams,A,4.0,1.0807579573402262,name+round
2021,GNB,6,220,Isaiah McDuffie,A-,3.7,0.8064198544805871,name+round
2021,CHI,6,221,Dazz Newsome,B,3.0,0.16629761447476168,name+round
2021,CAR,6,222,Thomas Fletcher,C,2.0,-0.7481627283907029,name+round
2021,ARI,6,223,Tay Gowan,B+,3.3,0.4406357173344009,name+round
2021,PHI,6,224,JaCoby Stevens,B+,3.3,0.4406357173344009,name+round
2021,WAS,6,225,Camaron Cheeseman,F,0.0,-2.5770834141216317,name+round
2021,KAN,6,226,Trey Smith,A+,4.3,1.3550960601998654,name+round
2021,DAL,6,227,Israel Mukuamu,A+,4.3,1.3550960601998654,name+round
2021,CHI,6,228,Thomas Graham,B+,3.3,0.4406357173344009,name+round
2021,IND,7,229,Mike Strachan,B,3.0,0.16629761447476168,name+round
2021,LVR,7,230,Jimmy Morrissey,A,4.0,1.0807579573402262,fuzzy
2021,MIA,7,231,Larnel Coleman,B,3.0,0.16629761447476168,name+round
2021,CAR,7,232,Phil Hoskins,C+,2.3,-0.47382462553106364,name+round
2021,LAR,7,233,Jake Funk,B,3.0,0.16629761447476168,name+round
2021,PHI,7,234,Patrick Johnson,C+,2.3,-0.47382462553106364,name+round
2021,CIN,7,235,Wyatt Hubert,B,3.0,0.16629761447476168,name+round
2021,BUF,7,236,Jack Anderson,B,3.0,0.16629761447476168,name+round
2021,DEN,7,237,Kary Vincent Jr.,A,4.0,1.0807579573402262,name+round
2021,DAL,7,238,Matt Farniok,B,3.0,0.16629761447476168,name+round
2021,DEN,7,239,Jonathon Cooper,B,3.0,0.16629761447476168,name+round
2021,WAS,7,240,William Bradley-King,B+,3.3,0.4406357173344009,name+round
2021,LAC,7,241,Mark Webb,B,3.0,0.16629761447476168,name+round
2021,NWE,7,242,Tre Nixon,B+,3.3,0.4406357173344009,name+round
2021,ARI,7,243,James Wiggins,A-,3.7,0.8064198544805871,name+round
2021,MIA,7,244,Gerrid Doaks,C+,2.3,-0.47382462553106364,name+round
2021,PIT,7,245,Tre Norwood,B-,2.7,-0.10804048838487751,name+round
2021,WAS,7,246,Shaka Toney,A,4.0,1.0807579573402262,name+round
2021,ARI,7,247,Michal Menet,A,4.0,1.0807579573402262,surname+round
2021,IND,7,248,Will Fries,C+,2.3,-0.47382462553106364,name+round
2021,LAR,7,249,Ben Skowronek,B,3.0,0.16629761447476168,name+round
2021,CHI,7,250,Khyiris Tonga,B,3.0,0.16629761447476168,surname+round
2021,TAM,7,251,Chris Wilcox,B+,3.3,0.4406357173344009,name+round
2021,LAR,7,252,Chris Garrett,C+,2.3,-0.47382462553106364,name+round
2021,DEN,7,253,Marquiss Spencer,B+,3.3,0.4406357173344009,name+round
2021,PIT,7,254,Pressley Harvin III,B,3.0,0.16629761447476168,name+round
2021,NOR,7,255,Kawaan Baker,B+,3.3,0.4406357173344009,name+round
2021,GNB,7,256,Kylin Hill,A,4.0,1.0807579573402262,name+round
2021,DET,7,257,Jermar Jefferson,B,3.0,0.16629761447476168,name+round
2021,WAS,7,258,Dax Milne,A,4.0,1.0807579573402262,name+round
2021,TAM,7,259,Grant Stuard,A,4.0,1.0807579573402262,name+round
2022,JAX,1,1,Travon Walker,B+,3.3,0.35860447610033963,name+round
2022,DET,1,2,Aidan Hutchinson,B+,3.3,0.35860447610033963,name+round
2022,HOU,1,3,Derek Stingley Jr.,B+,3.3,0.35860447610033963,name+round
2022,NYJ,1,4,Sauce Gardner,B,3.0,0.05223152151896301,surname+round
2022,NYG,1,5,Kayvon Thibodeaux,B+,3.3,0.35860447610033963,name+round
2022,CAR,1,6,Ikem Ekwonu,A-,3.7,0.767101748875509,name+round
2022,NYG,1,7,Evan Neal,B-,2.7,-0.2541414330624136,name+round
2022,ATL,1,8,Drake London,B-,2.7,-0.2541414330624136,name+round
2022,SEA,1,9,Charles Cross,A-,3.7,0.767101748875509,name+round
2022,NYJ,1,10,Garrett Wilson,A-,3.7,0.767101748875509,name+round
2022,NOR,1,11,Chris Olave,B+,3.3,0.35860447610033963,name+round
2022,DET,1,12,Jameson Williams,B,3.0,0.05223152151896301,name+round
2022,PHI,1,13,Jordan Davis,A-,3.7,0.767101748875509,name+round
2022,BAL,1,14,Kyle Hamilton,C,2.0,-0.9690116604189596,name+round
2022,HOU,1,15,Kenyon Green,D,1.0,-1.9902548423568822,name+round
2022,WAS,1,16,Jahan Dotson,C,2.0,-0.9690116604189596,name+round
2022,LAC,1,17,Zion Johnson,C-,1.7,-1.2753846150003365,name+round
2022,TEN,1,18,Treylon Burks,B,3.0,0.05223152151896301,name+round
2022,NOR,1,19,Trevor Penning,A-,3.7,0.767101748875509,name+round
2022,PIT,1,20,Kenny Pickett,D-,0.7,-2.2966277969382594,name+round
2022,KAN,1,21,Trent McDuffie,A,4.0,1.0734747034568857,name+round
2022,GNB,1,22,Quay Walker,B+,3.3,0.35860447610033963,name+round
2022,BUF,1,23,Kaiir Elam,B,3.0,0.05223152151896301,name+round
2022,DAL,1,24,Tyler Smith,B,3.0,0.05223152151896301,name+round
2022,BAL,1,25,Tyler Linderbaum,A-,3.7,0.767101748875509,name+round
2022,NYJ,1,26,Jermaine Johnson II,A+,4.3,1.3798476580382621,name+round
2022,JAX,1,27,Devin Lloyd,A,4.0,1.0734747034568857,name+round
2022,GNB,1,28,Devonte Wyatt,C,2.0,-0.9690116604189596,name+round
2022,NWE,1,29,Cole Strange,MILLEN,-0.7,-3.7263682516513503,name+round
2022,KAN,1,30,George Karlaftis III,A,4.0,1.0734747034568857,name+round
2022,CIN,1,31,Daxton Hill,A-,3.7,0.767101748875509,name+round
2022,MIN,1,32,Lewis Cine,B+,3.3,0.35860447610033963,name+round
2022,TAM,2,33,Logan Hall,A-,3.7,0.767101748875509,name+round
2022,GNB,2,34,Christian Watson,A,4.0,1.0734747034568857,name+round
2022,TEN,2,35,Roger McCreary,B-,2.7,-0.2541414330624136,name+round
2022,NYJ,2,36,Breece Hall,A,4.0,1.0734747034568857,name+round
2022,HOU,2,37,Jalen Pitre,B-,2.7,-0.2541414330624136,name+round
2022,ATL,2,38,Arnold Ebiketie,C,2.0,-0.9690116604189596,name+round
2022,CHI,2,39,Kyler Gordon,C+,2.3,-0.662638705837583,name+round
2022,SEA,2,40,Boye Mafe,B,3.0,0.05223152151896301,name+round
2022,SEA,2,41,Kenneth Walker III,B+,3.3,0.35860447610033963,name+round
2022,MIN,2,42,Andrew Booth,A,4.0,1.0734747034568857,name+round
2022,NYG,2,43,Wan'Dale Robinson,B,3.0,0.05223152151896301,name+round
2022,HOU,2,44,John Metchie,D,1.0,-1.9902548423568822,name+round
2022,BAL,2,45,David Ojabo,A+,4.3,1.3798476580382621,name+round
2022,DET,2,46,Josh Paschal,C,2.0,-0.9690116604189596,name+round
2022,WAS,2,47,Phidarian Mathis,C,2.0,-0.9690116604189596,name+round
2022,CHI,2,48,Jaquan Brisker,C-,1.7,-1.2753846150003365,name+round
2022,NOR,2,49,Alontae Taylor,B,3.0,0.05223152151896301,name+round
2022,NWE,2,50,Tyquan Thornton,MILLEN,-0.7,-3.7263682516513503,name+round
2022,PHI,2,51,Cam Jurgens,B,3.0,0.05223152151896301,name+round
2022,PIT,2,52,George Pickens,A-,3.7,0.767101748875509,name+round
2022,IND,2,53,Alec Pierce,A-,3.7,0.767101748875509,name+round
2022,KAN,2,54,Skyy Moore,A,4.0,1.0734747034568857,name+round
2022,ARI,2,55,Trey McBride,D,1.0,-1.9902548423568822,name+round
2022,DAL,2,56,Sam Williams,A-,3.7,0.767101748875509,name+round
2022,TAM,2,57,Luke Goedeke,B+,3.3,0.35860447610033963,name+round
2022,ATL,2,58,Troy Andersen,C,2.0,-0.9690116604189596,name+round
2022,MIN,2,59,Ed Ingram,A-,3.7,0.767101748875509,name+round
2022,CIN,2,60,Cam Taylor-Britt,B+,3.3,0.35860447610033963,name+round
2022,SFO,2,61,Drake Jackson,B+,3.3,0.35860447610033963,name+round
2022,KAN,2,62,Bryan Cook,C,2.0,-0.9690116604189596,name+round
2022,BUF,2,63,James Cook,B,3.0,0.05223152151896301,name+round
2022,DEN,2,64,Nik Bonitto,B+,3.3,0.35860447610033963,name+round
2022,JAX,3,65,Luke Fortner,A-,3.7,0.767101748875509,name+round
2022,MIN,3,66,Brian Asamoah,C-,1.7,-1.2753846150003365,name+round
2022,NYG,3,67,Joshua Ezeudu,D,1.0,-1.9902548423568822,surname+round
2022,CLE,3,68,Martin Emerson,C-,1.7,-1.2753846150003365,name+round
2022,TEN,3,69,Nicholas Petit-Frere,B+,3.3,0.35860447610033963,surname+round
2022,JAX,3,70,Chad Muma,C,2.0,-0.9690116604189596,name+round
2022,CHI,3,71,Velus Jones Jr.,B,3.0,0.05223152151896301,name+round
2022,SEA,3,72,Abraham Lucas,B,3.0,0.05223152151896301,name+round
2022,IND,3,73,Jelani Woods,B+,3.3,0.35860447610033963,name+round
2022,ATL,3,74,Desmond Ridder,B-,2.7,-0.2541414330624136,name+round
2022,HOU,3,75,Christian Harris,A-,3.7,0.767101748875509,name+round
2022,BAL,3,76,Travis Jones,A+,4.3,1.3798476580382621,name+round
2022,IND,3,77,Bernhard Raimann,A,4.0,1.0734747034568857,name+round
2022,CLE,3,78,Alex Wright,C-,1.7,-1.2753846150003365,name+round
2022,LAC,3,79,JT Woods,D,1.0,-1.9902548423568822,compact+round
2022,DEN,3,80,Greg Dulcich,A-,3.7,0.767101748875509,name+round
2022,NYG,3,81,Cordale Flott,D,1.0,-1.9902548423568822,name+round
2022,ATL,3,82,DeAngelo Malone,B+,3.3,0.35860447610033963,name+round
2022,PHI,3,83,Nakobe Dean,A+,4.3,1.3798476580382621,name+round
2022,PIT,3,84,DeMarvin Leal,A,4.0,1.0734747034568857,name+round
2022,NWE,3,85,Marcus Jones,B,3.0,0.05223152151896301,name+round
2022,TEN,3,86,Malik Willis,A+,4.3,1.3798476580382621,name+round
2022,ARI,3,87,Cameron Thomas,B+,3.3,0.35860447610033963,name+round
2022,DAL,3,88,Jalen Tolbert,B+,3.3,0.35860447610033963,name+round
2022,BUF,3,89,Terrel Bernard,B+,3.3,0.35860447610033963,name+round
2022,LVR,3,90,Dylan Parham,A,4.0,1.0734747034568857,name+round
2022,TAM,3,91,Rachaad White,B,3.0,0.05223152151896301,name+round
2022,GNB,3,92,Sean Rhyan,B+,3.3,0.35860447610033963,name+round
2022,SFO,3,93,Tyrion Davis-Price,D,1.0,-1.9902548423568822,name+round
2022,CAR,3,94,Matt Corral,A+,4.3,1.3798476580382621,name+round
2022,CIN,3,95,Zachary Carter,A-,3.7,0.767101748875509,name+round
2022,IND,3,96,Nick Cross,C,2.0,-0.9690116604189596,name+round
2022,DET,3,97,Kerby Joseph,C+,2.3,-0.662638705837583,name+round
2022,WAS,3,98,Brian Robinson Jr.,C+,2.3,-0.662638705837583,name+round
2022,CLE,3,99,David Bell,B,3.0,0.05223152151896301,name+round
2022,ARI,3,100,Myjai Sanders,B+,3.3,0.35860447610033963,name+round
2022,NYJ,3,101,Jeremy Ruckert,C,2.0,-0.9690116604189596,name+round
2022,MIA,3,102,Channing Tindall,B,3.0,0.05223152151896301,name+round
2022,KAN,3,103,Leo Chenal,B,3.0,0.05223152151896301,name+round
2022,LAR,3,104,Logan Bruss,B+,3.3,0.35860447610033963,name+round
2022,SFO,3,105,Danny Gray,B-,2.7,-0.2541414330624136,name+round
2022,TAM,4,106,Cade Otton,B+,3.3,0.35860447610033963,name+round
2022,HOU,4,107,Dameon Pierce,A-,3.7,0.767101748875509,name+round
2022,CLE,4,108,Perrion Winfrey,A+,4.3,1.3798476580382621,name+round
2022,SEA,4,109,Coby Bryant,B,3.0,0.05223152151896301,name+round
2022,BAL,4,110,Daniel Faalele,B+,3.3,0.35860447610033963,name+round
2022,NYJ,4,111,Max Mitchell,B+,3.3,0.35860447610033963,name+round
2022,NYG,4,112,Daniel Bellinger,B-,2.7,-0.2541414330624136,name+round
2022,WAS,4,113,Percy Butler,C+,2.3,-0.662638705837583,name+round
2022,NYG,4,114,Dane Belton,C+,2.3,-0.662638705837583,name+round
2022,DEN,4,115,Damarri Mathis,B+,3.3,0.35860447610033963,name+round
2022,DEN,4,116,Eyioma Uwazurike,C,2.0,-0.9690116604189596,name+round
2022,NYJ,4,117,Micheal Clemons,B+,3.3,0.35860447610033963,name+round
2022,MIN,4,118,Akayleb Evans,B,3.0,0.05223152151896301,name+round
2022,BAL,4,119,Jalyn Armour-Davis,A-,3.7,0.767101748875509,name+round
2022,CAR,4,120,Brandon Smith,B+,3.3,0.35860447610033963,name+round
2022,NWE,4,121,Jack Jones,C+,2.3,-0.662638705837583,name+round
2022,LVR,4,122,Zamir White,B+,3.3,0.35860447610033963,name+round
2022,LAC,4,123,Isaiah Spiller,A-,3.7,0.767101748875509,name+round
2022,CLE,4,124,Cade York,MILLEN,-0.7,-3.7263682516513503,name+round
2022,MIA,4,125,Erik Ezukanma,C,2.0,-0.9690116604189596,name+round
2022,LVR,4,126,Neil Farrell,B-,2.7,-0.2541414330624136,name+round
2022,NWE,4,127,Pierre Strong,C-,1.7,-1.2753846150003365,name+round
2022,BAL,4,128,Charlie Kolar,A-,3.7,0.767101748875509,name+round
2022,DAL,4,129,Jake Ferguson,B-,2.7,-0.2541414330624136,name+round
2022,BAL,4,130,Jordan Stout,MILLEN,-0.7,-3.7263682516513503,name+round
2022,TEN,4,131,Hassan Haskins,C-,1.7,-1.2753846150003365,name+round
2022,GNB,4,132,Romeo Doubs,A-,3.7,0.767101748875509,name+round
2022,TAM,4,133,Jake Camarda,MILLEN,-0.7,-3.7263682516513503,name+round
2022,SFO,4,134,Spencer Burford,B+,3.3,0.35860447610033963,name+round
2022,KAN,4,135,Joshua Williams,A,4.0,1.0734747034568857,name+round
2022,CIN,4,136,Cordell Volson,D,1.0,-1.9902548423568822,name+round
2022,NWE,4,137,Bailey Zappe,D,1.0,-1.9902548423568822,name+round
2022,PIT,4,138,Calvin Austin III,A-,3.7,0.767101748875509,name+round
2022,BAL,4,139,Isaiah Likely,C,2.0,-0.9690116604189596,name+round
2022,GNB,4,140,Zach Tom,A+,4.3,1.3798476580382621,name+round
2022,BAL,4,141,Damarion Williams,C+,2.3,-0.662638705837583,name+round
2022,LAR,4,142,Cobie Durant,C,2.0,-0.9690116604189596,name+round
2022,TEN,4,143,Chig Okonkwo,B,3.0,0.05223152151896301,name+round
2022,WAS,5,144,Sam Howell,A+,4.3,1.3798476580382621,name+round
2022,KAN,5,145,Darian Kinnard,A+,4.3,1.3798476580382621,name+round
2022,NYG,5,146,Micah McFadden,C,2.0,-0.9690116604189596,name+round
2022,NYG,5,147,DJ Davidson,C-,1.7,-1.2753846150003365,compact+round
2022,BUF,5,148,Khalil Shakir,A,4.0,1.0734747034568857,name+round
2022,WAS,5,149,Cole Turner,B-,2.7,-0.2541414330624136,name+round
2022,HOU,5,150,Thomas Booker,B+,3.3,0.35860447610033963,name+round
2022,ATL,5,151,Tyler Allgeier,A-,3.7,0.767101748875509,name+round
2022,DEN,5,152,Delarrin Turner-Yell,B,3.0,0.05223152151896301,name+round
2022,SEA,5,153,Riq Woolen,A+,4.3,1.3798476580382621,surname+round
2022,JAX,5,154,Snoop Conner,D,1.0,-1.9902548423568822,name+round
2022,DAL,5,155,Matt Waletzko,B+,3.3,0.35860447610033963,name+round
2022,CLE,5,156,Jerome Ford,C,2.0,-0.9690116604189596,name+round
2022,TAM,5,157,Zyon McCollum,A,4.0,1.0734747034568857,name+round
2022,SEA,5,158,Tyreke Smith,B+,3.3,0.35860447610033963,name+round
2022,IND,5,159,Eric Johnson,B+,3.3,0.35860447610033963,name+round
2022,LAC,5,160,Otito Ogbonnia,A-,3.7,0.767101748875509,name+round
2022,NOR,5,161,D'Marco Jackson,B+,3.3,0.35860447610033963,name+round
2022,DEN,5,162,Montrell Washington,C,2.0,-0.9690116604189596,name+round
2022,TEN,5,163,Kyle Philips,B,3.0,0.05223152151896301,fuzzy
2022,LAR,5,164,Kyren Williams,B-,2.7,-0.2541414330624136,name+round
2022,MIN,5,165,Esezi Otomewo,B-,2.7,-0.2541414330624136,name+round
2022,CIN,5,166,Tycen Anderson,A-,3.7,0.767101748875509,name+round
2022,DAL,5,167,DaRon Bland,B,3.0,0.05223152151896301,name+round
2022,CHI,5,168,Braxton Jones,A,4.0,1.0734747034568857,name+round
2022,MIN,5,169,Ty Chandler,C-,1.7,-1.2753846150003365,name+round
2022,HOU,5,170,Teagan Quitoriano,D,1.0,-1.9902548423568822,name+round
2022,DEN,5,171,Luke Wattenberg,C,2.0,-0.9690116604189596,name+round
2022,SFO,5,172,Samuel Womack,C,2.0,-0.9690116604189596,name+round
2022,NYG,5,173,Marcus McKethan,B,3.0,0.05223152151896301,name+round
2022,CHI,5,174,Dominique Robinson,A,4.0,1.0734747034568857,name+round
2022,LVR,5,175,Matthew Butler,B+,3.3,0.35860447610033963,name+round
2022,DAL,5,176,Damone Clark,A+,4.3,1.3798476580382621,name+round
2022,DET,5,177,James Mitchell,A-,3.7,0.767101748875509,name+round
2022,DAL,5,178,John Ridgeway,A,4.0,1.0734747034568857,name+round
2022,GNB,5,179,Kingsley Enagbare,A-,3.7,0.767101748875509,name+round
2022,BUF,6,180,Matt Araiza,B+,3.3,0.35860447610033963,name+round
2022,PHI,6,181,Kyron Johnson,C,2.0,-0.9690116604189596,name+round
2022,NYG,6,182,Darrian Beavers,A,4.0,1.0734747034568857,name+round
2022,NWE,6,183,Kevin Harris,D,1.0,-1.9902548423568822,name+round
2022,MIN,6,184,Vederian Lowe,B,3.0,0.05223152151896301,name+round
2022,BUF,6,185,Christian Benford,C,2.0,-0.9690116604189596,name+round
2022,CHI,6,186,Zachary Thomas,B,3.0,0.05223152151896301,name+round
2022,SFO,6,187,Nick Zakelj,B+,3.3,0.35860447610033963,name+round
2022,DET,6,188,Malcolm Rodriguez,B+,3.3,0.35860447610033963,name+round
2022,CAR,6,189,Amare Barno,A,4.0,1.0734747034568857,name+round
2022,ATL,6,190,Justin Shaffer,B+,3.3,0.35860447610033963,name+round
2022,MIN,6,191,Jalen Nailor,B,3.0,0.05223152151896301,name+round
2022,IND,6,192,Andrew Ogletree,A-,3.7,0.767101748875509,name+round
2022,DAL,6,193,Devin Harper,B+,3.3,0.35860447610033963,name+round
2022,NOR,6,194,Jordan Jackson,B+,3.3,0.35860447610033963,name+round
2022,LAC,6,195,Jamaree Salyer,A,4.0,1.0734747034568857,name+round
2022,BAL,6,196,Tyler Badie,A-,3.7,0.767101748875509,name+round
2022,JAX,6,197,Gregory Junior,B,3.0,0.05223152151896301,name+round
2022,PHI,6,198,Grant Calcaterra,B,3.0,0.05223152151896301,name+round
2022,CAR,6,199,Cade Mays,B+,3.3,0.35860447610033963,name+round
2022,NWE,6,200,Sam Roberts,D,1.0,-1.9902548423568822,name+round
2022,ARI,6,201,Keaontay Ingram,A-,3.7,0.767101748875509,surname+round
2022,CLE,6,202,Michael Woods II,C,2.0,-0.9690116604189596,surname+round
2022,CHI,6,203,Trestan Ebner,B,3.0,0.05223152151896301,name+round
2022,TEN,6,204,Theo Jackson,C+,2.3,-0.662638705837583,name+round
2022,HOU,6,205,Austin Deculus,A-,3.7,0.767101748875509,name+round
2022,DEN,6,206,Matt Henningsen,B,3.0,0.05223152151896301,name+round
2022,CHI,6,207,Doug Kramer,C+,2.3,-0.662638705837583,name+round
2022,PIT,6,208,Connor Heyward,B,3.0,0.05223152151896301,name+round
2022,BUF,6,209,Luke Tenuta,C-,1.7,-1.2753846150003365,name+round
2022,NWE,6,210,Chasen Hines,A+,4.3,1.3798476580382621,name+round
2022,LAR,6,211,Quentin Lake,B,3.0,0.05223152151896301,name+round
2022,LAR,6,212,Derion Kendrick,A,4.0,1.0734747034568857,name+round
2022,ATL,6,213,John FitzPatrick,B+,3.3,0.35860447610033963,name+round
2022,LAC,6,214,Ja'Sir Taylor,B,3.0,0.05223152151896301,name+round
2022,ARI,6,215,Lecitus Smith,B+,3.3,0.35860447610033963,name+round
2022,IND,6,216,Curtis Brooks,B,3.0,0.05223152151896301,name+round
2022,DET,6,217,James Houston,A-,3.7,0.767101748875509,name+round
2022,TAM,6,218,Ko Kieft,C,2.0,-0.9690116604189596,name+round
2022,TEN,6,219,Chance Campbell,C,2.0,-0.9690116604189596,name+round
2022,SFO,6,220,Kalia Davis,B+,3.3,0.35860447610033963,name+round
2022,SFO,6,221,Tariq Castro-Fields,A-,3.7,0.767101748875509,name+round
2022,JAX,7,222,Montaric Brown,B,3.0,0.05223152151896301,name+round
2022,CLE,7,223,Isaiah Thomas,B+,3.3,0.35860447610033963,name+round
2022,MIA,7,224,Cameron Goode,B+,3.3,0.35860447610033963,name+round
2022,PIT,7,225,Mark Robinson,B,3.0,0.05223152151896301,name+round
2022,CHI,7,226,Ja'Tyre Carter,B+,3.3,0.35860447610033963,name+round
2022,MIN,7,227,Nick Muse,B,3.0,0.05223152151896301,name+round
2022,GNB,7,228,Tariq Carpenter,B+,3.3,0.35860447610033963,name+round
2022,SEA,7,229,Bo Melton,A,4.0,1.0734747034568857,name+round
2022,WAS,7,230,Chris Paul,B,3.0,0.05223152151896301,name+round
2022,BUF,7,231,Baylon Spector,A-,3.7,0.767101748875509,name+round
2022,DEN,7,232,Faion Hicks,B,3.0,0.05223152151896301,name+round
2022,SEA,7,233,Dareke Young,B,3.0,0.05223152151896301,name+round
2022,GNB,7,234,Jonathan Ford,B,3.0,0.05223152151896301,name+round
2022,LAR,7,235,Daniel Hardy,A,4.0,1.0734747034568857,name+round
2022,LAC,7,236,Deane Leonard,B,3.0,0.05223152151896301,name+round
2022,DET,7,237,Chase Lucas,A,4.0,1.0734747034568857,name+round
2022,LVR,7,238,Thayer Munford,B+,3.3,0.35860447610033963,name+round
2022,IND,7,239,Rodney Thomas II,C+,2.3,-0.662638705837583,name+round
2022,WAS,7,240,Christian Holmes,B,3.0,0.05223152151896301,name+round
2022,PIT,7,241,Chris Oladokun,B,3.0,0.05223152151896301,name+round
2022,CAR,7,242,Kalon Barnes,A+,4.3,1.3798476580382621,name+round
2022,KAN,7,243,Jaylen Watson,A+,4.3,1.3798476580382621,name+round
2022,ARI,7,244,Christian Matthew,B-,2.7,-0.2541414330624136,name+round
2022,NWE,7,245,Andrew Stueber,B+,3.3,0.35860447610033963,fuzzy
2022,CLE,7,246,Dawson Deaton,B+,3.3,0.35860447610033963,name+round
2022,MIA,7,247,Skylar Thompson,C,2.0,-0.9690116604189596,name+round
2022,TAM,7,248,Andre Anthony,B,3.0,0.05223152151896301,name+round
2022,GNB,7,249,Rasheed Walker,A+,4.3,1.3798476580382621,name+round
2022,LVR,7,250,Brittain Brown,C,2.0,-0.9690116604189596,name+round
2022,KAN,7,251,Isiah Pacheco,C,2.0,-0.9690116604189596,surname+round
2022,CIN,7,252,Jeff Gunter,B+,3.3,0.35860447610033963,surname+round
2022,LAR,7,253,Russ Yeast,B,3.0,0.05223152151896301,name+round
2022,CHI,7,254,Elijah Hicks,B-,2.7,-0.2541414330624136,name+round
2022,CHI,7,255,Trenton Gill,B,3.0,0.05223152151896301,name+round
2022,ARI,7,256,Jesse Luketa,A,4.0,1.0734747034568857,name+round
2022,ARI,7,257,Marquis Hayes,A,4.0,1.0734747034568857,name+round
2022,GNB,7,258,Samori Toure,A-,3.7,0.767101748875509,name+round
2022,KAN,7,259,Nazeeh Johnson,B-,2.7,-0.2541414330624136,name+round
2022,LAC,7,260,Zander Horvath,B,3.0,0.05223152151896301,name+round
2022,LAR,7,261,AJ Arcuri,B-,2.7,-0.2541414330624136,compact+round
2022,SFO,7,262,Brock Purdy,B,3.0,0.05223152151896301,name+round
2023,CAR,1,1,Bryce Young,B+,3.3,0.3092170448850351,name+round
2023,HOU,1,2,C.J. Stroud,A+,4.3,1.3003954437120668,name+round
2023,HOU,1,3,Will Anderson,A+,4.3,1.3003954437120668,name+round
2023,IND,1,4,Anthony Richardson,A-,3.7,0.7056884044158481,name+round
2023,SEA,1,5,Devon Witherspoon,D,1.0,-1.9704932724171376,name+round
2023,ARI,1,6,Paris Johnson,A,4.0,1.0030419240639574,name+round
2023,LVR,1,7,Tyree Wilson,B,3.0,0.011863525236925772,name+round
2023,ATL,1,8,Bijan Robinson,C,2.0,-0.9793148735901058,name+round
2023,PHI,1,9,Jalen Carter,A,4.0,1.0030419240639574,name+round
2023,CHI,1,10,Darnell Wright,A,4.0,1.0030419240639574,name+round
2023,TEN,1,11,Peter Skoronski,A+,4.3,1.3003954437120668,name+round
2023,DET,1,12,Jahmyr Gibbs,A-,3.7,0.7056884044158481,name+round
2023,GNB,1,13,Lukas Van Ness,B+,3.3,0.3092170448850351,name+round
2023,PIT,1,14,Broderick Jones,B,3.0,0.011863525236925772,name+round
2023,NYJ,1,15,Will McDonald,D,1.0,-1.9704932724171376,name+round
2023,WAS,1,16,Emmanuel Forbes,B,3.0,0.011863525236925772,name+round
2023,NWE,1,17,Christian Gonzalez,A+,4.3,1.3003954437120668,name+round
2023,DET,1,18,Jack Campbell,B-,2.7,-0.28548999441118356,name+round
2023,TAM,1,19,Calijah Kancey,B-,2.7,-0.28548999441118356,name+round
2023,SEA,1,20,Jaxon Smith-Njigba,A+,4.3,1.3003954437120668,name+round
2023,LAC,1,21,Quentin Johnston,A-,3.7,0.7056884044158481,fuzzy
2023,BAL,1,22,Zay Flowers,A+,4.3,1.3003954437120668,name+round
2023,MIN,1,23,Jordan Addison,A,4.0,1.0030419240639574,name+round
2023,NYG,1,24,Deonte Banks,B-,2.7,-0.28548999441118356,name+round
2023,BUF,1,25,Dalton Kincaid,A+,4.3,1.3003954437120668,name+round
2023,DAL,1,26,Mazi Smith,C-,1.7,-1.2766683932382155,name+round
2023,JAX,1,27,Anton Harrison,A-,3.7,0.7056884044158481,name+round
2023,CIN,1,28,Myles Murphy,B+,3.3,0.3092170448850351,name+round
2023,NOR,1,29,Bryan Bresee,C,2.0,-0.9793148735901058,name+round
2023,PHI,1,30,Nolan Smith,A+,4.3,1.3003954437120668,name+round
2023,KAN,1,31,Felix Anudike-Uzomah,B-,2.7,-0.28548999441118356,name+round
2023,PIT,2,32,Joey Porter Jr.,A+,4.3,1.3003954437120668,name+round
2023,TEN,2,33,Will Levis,B,3.0,0.011863525236925772,name+round
2023,DET,2,34,Sam LaPorta,B,3.0,0.011863525236925772,name+round
2023,LVR,2,35,Michael Mayer,A,4.0,1.0030419240639574,name+round
2023,LAR,2,36,Steve Avila,B+,3.3,0.3092170448850351,name+round
2023,SEA,2,37,Derick Hall,C+,2.3,-0.6819613539419965,name+round
2023,ATL,2,38,Matthew Bergeron,B+,3.3,0.3092170448850351,name+round
2023,CAR,2,39,Jonathan Mingo,B+,3.3,0.3092170448850351,name+round
2023,NOR,2,40,Isaiah Foskey,A-,3.7,0.7056884044158481,name+round
2023,ARI,2,41,BJ Ojulari,B+,3.3,0.3092170448850351,compact+round
2023,GNB,2,42,Luke Musgrave,A-,3.7,0.7056884044158481,name+round
2023,NYJ,2,43,Joe Tippmann,A,4.0,1.0030419240639574,fuzzy
2023,IND,2,44,Julius Brents,A-,3.7,0.7056884044158481,name+round
2023,DET,2,45,Brian Branch,A+,4.3,1.3003954437120668,name+round
2023,NWE,2,46,Keion White,A,4.0,1.0030419240639574,name+round
2023,WAS,2,47,Quan Martin,B+,3.3,0.3092170448850351,name+round
2023,TAM,2,48,Cody Mauch,B,3.0,0.011863525236925772,name+round
2023,PIT,2,49,Keeanu Benton,B+,3.3,0.3092170448850351,name+round
2023,GNB,2,50,Jayden Reed,D,1.0,-1.9704932724171376,name+round
2023,MIA,2,51,Cam Smith,B,3.0,0.011863525236925772,name+round
2023,SEA,2,52,Zach Charbonnet,D,1.0,-1.9704932724171376,name+round
2023,CHI,2,53,Gervon Dexter,B+,3.3,0.3092170448850351,name+round
2023,LAC,2,54,Tuli Tuipulotu,A,4.0,1.0030419240639574,name+round
2023,KAN,2,55,Rashee Rice,C-,1.7,-1.2766683932382155,name+round
2023,CHI,2,56,Tyrique Stevenson,B,3.0,0.011863525236925772,name+round
2023,NYG,2,57,John Michael Schmitz,A,4.0,1.0030419240639574,name+round
2023,DAL,2,58,Luke Schoonmaker,C+,2.3,-0.6819613539419965,name+round
2023,BUF,2,59,O'Cyrus Torrence,A+,4.3,1.3003954437120668,name+round
2023,CIN,2,60,DJ Turner,A-,3.7,0.7056884044158481,compact+round
2023,JAX,2,61,Brenton Strange,MILLEN,-0.7,-3.6554965504230914,name+round
2023,HOU,2,62,Juice Scruggs,C-,1.7,-1.2766683932382155,name+round
2023,DEN,2,63,Marvin Mims,C,2.0,-0.9793148735901058,name+round
2023,CHI,3,64,Zacch Pickens,B+,3.3,0.3092170448850351,name+round
2023,PHI,3,65,Tyler Steen,A+,4.3,1.3003954437120668,name+round
2023,PHI,3,66,Sydney Brown,B,3.0,0.011863525236925772,name+round
2023,DEN,3,67,Drew Sanders,A,4.0,1.0030419240639574,name+round
2023,DET,3,68,Hendon Hooker,A+,4.3,1.3003954437120668,name+round
2023,HOU,3,69,Tank Dell,MILLEN,-0.7,-3.6554965504230914,name+round
2023,LVR,3,70,Byron Young,B,3.0,0.011863525236925772,order-zip
2023,NOR,3,71,Kendre Miller,A,4.0,1.0030419240639574,name+round
2023,ARI,3,72,Garrett Williams,B,3.0,0.011863525236925772,name+round
2023,NYG,3,73,Jalin Hyatt,A+,4.3,1.3003954437120668,name+round
2023,CLE,3,74,Cedric Tillman,A,4.0,1.0030419240639574,name+round
2023,ATL,3,75,Zach Harrison,B+,3.3,0.3092170448850351,name+round
2023,NWE,3,76,Marte Mapu,MILLEN,-0.7,-3.6554965504230914,name+round
2023,LAR,3,77,Byron Young,A-,3.7,0.7056884044158481,order-zip
2023,GNB,3,78,Tucker Kraft,B,3.0,0.011863525236925772,name+round
2023,IND,3,79,Josh Downs,A,4.0,1.0030419240639574,name+round
2023,CAR,3,80,DJ Johnson,C+,2.3,-0.6819613539419965,compact+round
2023,TEN,3,81,Tyjae Spears,C-,1.7,-1.2766683932382155,name+round
2023,TAM,3,82,YaYa Diaby,B,3.0,0.011863525236925772,name+round
2023,DEN,3,83,Riley Moss,C-,1.7,-1.2766683932382155,name+round
2023,MIA,3,84,De'Von Achane,B+,3.3,0.3092170448850351,compact+round
2023,LAC,3,85,Daiyan Henley,A,4.0,1.0030419240639574,name+round
2023,BAL,3,86,Trenton Simpson,A,4.0,1.0030419240639574,name+round
2023,SFO,3,87,Ji'Ayir Brown,A+,4.3,1.3003954437120668,name+round
2023,JAX,3,88,Tank Bigsby,D,1.0,-1.9704932724171376,name+round
2023,LAR,3,89,Kobie Turner,MILLEN,-0.7,-3.6554965504230914,name+round
2023,DAL,3,90,DeMarvion Overshown,A-,3.7,0.7056884044158481,name+round
2023,BUF,3,91,Dorian Williams,D,1.0,-1.9704932724171376,name+round
2023,KAN,3,92,Wanya Morris,B+,3.3,0.3092170448850351,name+round
2023,PIT,3,93,Darnell Washington,B+,3.3,0.3092170448850351,name+round
2023,ARI,3,94,Michael Wilson,D,1.0,-1.9704932724171376,name+round
2023,CIN,3,95,Jordan Battle,C+,2.3,-0.6819613539419965,name+round
2023,DET,3,96,Brodric Martin,D,1.0,-1.9704932724171376,name+round
2023,WAS,3,97,Ricky Stromberg,D,1.0,-1.9704932724171376,name+round
2023,CLE,3,98,Siaki Ika,A-,3.7,0.7056884044158481,name+round
2023,SFO,3,99,Jake Moody,D,1.0,-1.9704932724171376,name+round
2023,LVR,3,100,Tre Tucker,C-,1.7,-1.2766683932382155,name+round
2023,SFO,3,101,Cameron Latu,B-,2.7,-0.28548999441118356,name+round
2023,MIN,3,102,Mekhi Blackmon,B+,3.3,0.3092170448850351,name+round
2023,NOR,4,103,Nick Saldiveri,C-,1.7,-1.2766683932382155,name+round
2023,LVR,4,104,Jakorian Bennett,B-,2.7,-0.28548999441118356,name+round
2023,PHI,4,105,Kelee Ringo,A+,4.3,1.3003954437120668,name+round
2023,IND,4,106,Blake Freeland,A,4.0,1.0030419240639574,name+round
2023,NWE,4,107,Jake Andrews,C-,1.7,-1.2766683932382155,name+round
2023,SEA,4,108,Anthony Bradford,B+,3.3,0.3092170448850351,name+round
2023,HOU,4,109,Dylan Horton,B,3.0,0.011863525236925772,name+round
2023,IND,4,110,Adetomiwa Adebawore,A+,4.3,1.3003954437120668,surname+round
2023,CLE,4,111,Dawand Jones,A+,4.3,1.3003954437120668,name+round
2023,NWE,4,112,Chad Ryland,MILLEN,-0.7,-3.6554965504230914,name+round
2023,ATL,4,113,Clark Phillips,A,4.0,1.0030419240639574,name+round
2023,CAR,4,114,Chandler Zavala,B,3.0,0.011863525236925772,name+round
2023,CHI,4,115,Roschon Johnson,B,3.0,0.011863525236925772,name+round
2023,GNB,4,116,Colby Wooden,B+,3.3,0.3092170448850351,name+round
2023,NWE,4,117,Sidy Sow,D,1.0,-1.9704932724171376,name+round
2023,WAS,4,118,Braeden Daniels,B,3.0,0.011863525236925772,name+round
2023,KAN,4,119,Chamarri Conner,C-,1.7,-1.2766683932382155,fuzzy
2023,NYJ,4,120,Carter Warren,B-,2.7,-0.28548999441118356,name+round
2023,JAX,4,121,Ventrell Miller,B+,3.3,0.3092170448850351,name+round
2023,ARI,4,122,Jon Gaines,B,3.0,0.011863525236925772,name+round
2023,SEA,4,123,Cameron Young,B,3.0,0.011863525236925772,name+round
2023,BAL,4,124,Tavius Robinson,D,1.0,-1.9704932724171376,name+round
2023,LAC,4,125,Derius Davis,B,3.0,0.011863525236925772,name+round
2023,CLE,4,126,Isaiah McGuire,C+,2.3,-0.6819613539419965,name+round
2023,NOR,4,127,Jake Haener,C+,2.3,-0.6819613539419965,name+round
2023,LAR,4,128,Stetson Bennett,A+,4.3,1.3003954437120668,name+round
2023,DAL,4,129,Viliami Fehoko,B,3.0,0.011863525236925772,surname+round
2023,JAX,4,130,Tyler Lacy,B,3.0,0.011863525236925772,name+round
2023,CIN,4,131,Charlie Jones,A,4.0,1.0030419240639574,name+round
2023,PIT,4,132,Nick Herbig,B+,3.3,0.3092170448850351,name+round
2023,CHI,4,133,Tyler Scott,A-,3.7,0.7056884044158481,name+round
2023,MIN,4,134,Jay Ward,B,3.0,0.011863525236925772,name+round
2023,LVR,4,135,Aidan O'Connell,A-,3.7,0.7056884044158481,name+round
2023,JAX,5,136,Yasir Abdullah,C+,2.3,-0.6819613539419965,name+round
2023,WAS,5,137,K.J. Henry,B+,3.3,0.3092170448850351,name+round
2023,IND,5,138,Darius Rush,A+,4.3,1.3003954437120668,name+round
2023,ARI,5,139,Clayton Tune,B,3.0,0.011863525236925772,name+round
2023,CLE,5,140,Dorian Thompson-Robinson,A-,3.7,0.7056884044158481,name+round
2023,MIN,5,141,Jaquelin Roy,C,2.0,-0.9793148735901058,name+round
2023,CLE,5,142,Cameron Mitchell,A,4.0,1.0030419240639574,surname+round
2023,NYJ,5,143,Israel Abanikanda,C,2.0,-0.9793148735901058,name+round
2023,NWE,5,144,Atonio Mafi,B,3.0,0.011863525236925772,name+round
2023,CAR,5,145,Jammie Robinson,B,3.0,0.011863525236925772,name+round
2023,NOR,5,146,Jordan Howden,B,3.0,0.011863525236925772,name+round
2023,TEN,5,147,Josh Whyle,B,3.0,0.011863525236925772,name+round
2023,CHI,5,148,Noah Sewell,A+,4.3,1.3003954437120668,name+round
2023,GNB,5,149,Sean Clifford,D,1.0,-1.9704932724171376,name+round
2023,BUF,5,150,Justin Shorter,C,2.0,-0.9793148735901058,name+round
2023,SEA,5,151,Mike Morris,A-,3.7,0.7056884044158481,name+round
2023,DET,5,152,Colby Sorsdal,C+,2.3,-0.6819613539419965,name+round
2023,TAM,5,153,SirVocea Dennis,C,2.0,-0.9793148735901058,name+round
2023,SEA,5,154,Olusegun Oluwatimi,A,4.0,1.0030419240639574,name+round
2023,SFO,5,155,Darrell Luter,B,3.0,0.011863525236925772,name+round
2023,LAC,5,156,Jordan McFadden,A-,3.7,0.7056884044158481,name+round
2023,BAL,5,157,Kyu Blu Kelly,B,3.0,0.011863525236925772,name+round
2023,IND,5,158,Daniel Scott,A-,3.7,0.7056884044158481,name+round
2023,GNB,5,159,Dontayvion Wicks,B,3.0,0.011863525236925772,name+round
2023,JAX,5,160,Antonio Johnson,A,4.0,1.0030419240639574,name+round
2023,LAR,5,161,Nick Hampton,B+,3.3,0.3092170448850351,name+round
2023,IND,5,162,Will Mallory,C,2.0,-0.9793148735901058,name+round
2023,CIN,5,163,Chase Brown,B+,3.3,0.3092170448850351,name+round
2023,MIN,5,164,Jaren Hall,B+,3.3,0.3092170448850351,name+round
2023,CHI,5,165,Terell Smith,C,2.0,-0.9793148735901058,name+round
2023,KAN,5,166,BJ Thompson,B-,2.7,-0.28548999441118356,compact+round
2023,HOU,5,167,Henry To'oTo'o,A+,4.3,1.3003954437120668,compact+round
2023,ARI,5,168,Owen Pappoe,B,3.0,0.011863525236925772,name+round
2023,DAL,5,169,Asim Richards,C,2.0,-0.9793148735901058,name+round
2023,LVR,5,170,Christopher Smith,B,3.0,0.011863525236925772,name+round
2023,TAM,5,171,Payne Durham,B,3.0,0.011863525236925772,name+round
2023,NYG,5,172,Eric Gray,B+,3.3,0.3092170448850351,name+round
2023,SFO,5,173,Robert Beal,B-,2.7,-0.28548999441118356,name+round
2023,LAR,5,174,Warren McClendon,C,2.0,-0.9793148735901058,name+round
2023,LAR,5,175,Davis Allen,B,3.0,0.011863525236925772,name+round
2023,IND,5,176,Evan Hull,B-,2.7,-0.28548999441118356,name+round
2023,LAR,5,177,Puka Nacua,C-,1.7,-1.2766683932382155,name+round
2023,DAL,6,178,Eric Scott,C,2.0,-0.9793148735901058,name+round
2023,GNB,6,179,Karl Brooks,C+,2.3,-0.6819613539419965,name+round
2023,ARI,6,180,Kei'Trel Clark,A-,3.7,0.7056884044158481,surname+round
2023,TAM,6,181,Josh Hayes,C+,2.3,-0.6819613539419965,name+round
2023,LAR,6,182,Tre'Vius Tomlinson,A+,4.3,1.3003954437120668,surname+round
2023,DEN,6,183,JL Skinner,B-,2.7,-0.28548999441118356,compact+round
2023,NYJ,6,184,Zaire Barnes,C,2.0,-0.9793148735901058,name+round
2023,JAX,6,185,Parker Washington,B-,2.7,-0.28548999441118356,name+round
2023,TEN,6,186,Jaelyn Duncan,A+,4.3,1.3003954437120668,name+round
2023,NWE,6,187,Kayshon Boutte,A,4.0,1.0030419240639574,name+round
2023,PHI,6,188,Tanner McKee,A,4.0,1.0030419240639574,name+round
2023,LAR,6,189,Ochaun Mathis,C,2.0,-0.9793148735901058,name+round
2023,CLE,6,190,Luke Wypler,A+,4.3,1.3003954437120668,name+round
2023,TAM,6,191,Trey Palmer,B+,3.3,0.3092170448850351,name+round
2023,NWE,6,192,Bryce Baringer,B,3.0,0.011863525236925772,name+round
2023,WAS,6,193,Chris Rodriguez,B-,2.7,-0.28548999441118356,name+round
2023,KAN,6,194,Keondre Coburn,C+,2.3,-0.6819613539419965,name+round
2023,NOR,6,195,A.T. Perry,B,3.0,0.011863525236925772,name+round
2023,TAM,6,196,Jose Ramirez,B,3.0,0.011863525236925772,name+round
2023,MIA,6,197,Elijah Higgins,B-,2.7,-0.28548999441118356,name+round
2023,SEA,6,198,Jerrick Reed,B+,3.3,0.3092170448850351,name+round
2023,BAL,6,199,Malaesala Aumavae-Laulu,C-,1.7,-1.2766683932382155,name+round
2023,LAC,6,200,Scott Matlock,C,2.0,-0.9793148735901058,name+round
2023,HOU,6,201,Jarrett Patterson,A+,4.3,1.3003954437120668,name+round
2023,JAX,6,202,Christian Braswell,C,2.0,-0.9793148735901058,name+round
2023,LVR,6,203,Amari Burney,A,4.0,1.0030419240639574,name+round
2023,NYJ,6,204,Jarrick Bernard-Converse,A+,4.3,1.3003954437120668,name+round
2023,HOU,6,205,Xavier Hutchinson,A,4.0,1.0030419240639574,name+round
2023,CIN,6,206,Andrei Iosivas,A,4.0,1.0030419240639574,name+round
2023,GNB,6,207,Anders Carlson,B,3.0,0.011863525236925772,name+round
2023,JAX,6,208,Erick Hallett,B-,2.7,-0.28548999441118356,name+round
2023,NYG,6,209,Tre Hawkins,B,3.0,0.011863525236925772,name+round
2023,NWE,6,210,DeMario Douglas,B,3.0,0.011863525236925772,name+round
2023,IND,6,211,Titus Leo,B-,2.7,-0.28548999441118356,name+round
2023,DAL,6,212,Deuce Vaughn,A-,3.7,0.7056884044158481,name+round
2023,ARI,6,213,Dante Stills,B,3.0,0.011863525236925772,name+round
2023,NWE,6,214,Ameer Speed,C,2.0,-0.9793148735901058,name+round
2023,LAR,6,215,Zach Evans,A,4.0,1.0030419240639574,name+round
2023,SFO,6,216,Dee Winters,B+,3.3,0.3092170448850351,name+round
2023,CIN,6,217,Brad Robbins,B,3.0,0.011863525236925772,name+round
2023,CHI,7,218,Travis Bell,C,2.0,-0.9793148735901058,name+round
2023,DET,7,219,Antoine Green,B-,2.7,-0.28548999441118356,name+round
2023,NYJ,7,220,Zack Kuntz,B+,3.3,0.3092170448850351,name+round
2023,IND,7,221,Jaylon Jones,A+,4.3,1.3003954437120668,name+round
2023,MIN,7,222,DeWayne McBride,B,3.0,0.011863525236925772,name+round
2023,LAR,7,223,Ethan Evans,B,3.0,0.011863525236925772,name+round
2023,ATL,7,224,DeMarcco Hellams,B-,2.7,-0.28548999441118356,surname+round
2023,ATL,7,225,Jovaughn Gwyn,C+,2.3,-0.6819613539419965,fuzzy
2023,JAX,7,226,Cooper Hodges,B,3.0,0.011863525236925772,name+round
2023,JAX,7,227,Raymond Vohasek,C,2.0,-0.9793148735901058,name+round
2023,TEN,7,228,Colton Dowell,B-,2.7,-0.28548999441118356,name+round
2023,BAL,7,229,Andrew Vorhees,A+,4.3,1.3003954437120668,name+round
2023,BUF,7,230,Nick Broeker,A,4.0,1.0030419240639574,name+round
2023,LVR,7,231,Nesta Jade Silvera,B+,3.3,0.3092170448850351,name+round
2023,GNB,7,232,Carrington Valentine,B,3.0,0.011863525236925772,name+round
2023,WAS,7,233,Andre Jones,C+,2.3,-0.6819613539419965,name+round
2023,LAR,7,234,Jason Taylor,B+,3.3,0.3092170448850351,name+round
2023,GNB,7,235,Lew Nichols,C+,2.3,-0.6819613539419965,name+round
2023,IND,7,236,Jake Witt,B,3.0,0.011863525236925772,name+round
2023,SEA,7,237,Kenny McIntosh,A-,3.7,0.7056884044158481,name+round
2023,MIA,7,238,Ryan Hayes,A,4.0,1.0030419240639574,name+round
2023,LAC,7,239,Max Duggan,A,4.0,1.0030419240639574,name+round
2023,JAX,7,240,Derek Parish,C+,2.3,-0.6819613539419965,name+round
2023,PIT,7,241,Cory Trice,B+,3.3,0.3092170448850351,name+round
2023,GNB,7,242,Anthony Johnson,B+,3.3,0.3092170448850351,name+round
2023,NYG,7,243,Jordon Riley,B,3.0,0.011863525236925772,name+round
2023,DAL,7,244,Jalen Brooks,C+,2.3,-0.6819613539419965,name+round
2023,NWE,7,245,Isaiah Bolden,B,3.0,0.011863525236925772,name+round
2023,CIN,7,246,DJ Ivey,B+,3.3,0.3092170448850351,compact+round
2023,SFO,7,247,Brayden Willis,B+,3.3,0.3092170448850351,name+round
2023,HOU,7,248,Brandon Hill,C+,2.3,-0.6819613539419965,name+round
2023,PHI,7,249,Moro Ojomo,A-,3.7,0.7056884044158481,name+round
2023,KAN,7,250,Nic Jones,B-,2.7,-0.28548999441118356,name+round
2023,PIT,7,251,Spencer Anderson,C+,2.3,-0.6819613539419965,name+round
2023,BUF,7,252,Alex Austin,B+,3.3,0.3092170448850351,name+round
2023,SFO,7,253,Ronnie Bell,B,3.0,0.011863525236925772,name+round
2023,NYG,7,254,Gervarrius Owens,B-,2.7,-0.28548999441118356,name+round
2023,SFO,7,255,Jalen Graham,B-,2.7,-0.28548999441118356,name+round
2023,GNB,7,256,Grant Dubose,B-,2.7,-0.28548999441118356,name+round
2023,DEN,7,257,Alex Forsyth,A,4.0,1.0030419240639574,name+round
2023,CHI,7,258,Kendall Williamson,B+,3.3,0.3092170448850351,name+round
2023,LAR,7,259,Desjuan Johnson,B-,2.7,-0.28548999441118356,name+round
2024,CHI,1,1,Caleb Williams,A,4.0,0.9054443490639221,name+round
2024,WAS,1,2,Jayden Daniels,A,4.0,0.9054443490639221,name+round
2024,NWE,1,3,Drake Maye,A-,3.7,0.6180431168167903,name+round
2024,ARI,1,4,Marvin Harrison Jr.,B+,3.3,0.23484147382061377,name+round
2024,LAC,1,5,Joe Alt,C+,2.3,-0.7231626336698265,name+round
2024,NYG,1,6,Malik Nabers,A,4.0,0.9054443490639221,name+round
2024,TEN,1,7,JC Latham,C,2.0,-1.0105638659169585,compact+round
2024,ATL,1,8,Michael Penix,MILLEN,-0.7,-3.597174956141147,name+round
2024,CHI,1,9,Rome Odunze,B+,3.3,0.23484147382061377,name+round
2024,MIN,1,10,J.J. McCarthy,C,2.0,-1.0105638659169585,name+round
2024,NYJ,1,11,Olumuyiwa Fashanu,C,2.0,-1.0105638659169585,surname+round
2024,DEN,1,12,Bo Nix,MILLEN,-0.7,-3.597174956141147,name+round
2024,LVR,1,13,Brock Bowers,A,4.0,0.9054443490639221,name+round
2024,NOR,1,14,Taliese Fuaga,A-,3.7,0.6180431168167903,name+round
2024,IND,1,15,Laiatu Latu,A+,4.3,1.192845581311054,name+round
2024,SEA,1,16,Byron Murphy,A+,4.3,1.192845581311054,name+round
2024,MIN,1,17,Dallas Turner,C,2.0,-1.0105638659169585,name+round
2024,CIN,1,18,Amarius Mims,A,4.0,0.9054443490639221,name+round
2024,LAR,1,19,Jared Verse,B-,2.7,-0.33996099067365004,name+round
2024,PIT,1,20,Troy Fautanu,B-,2.7,-0.33996099067365004,name+round
2024,MIA,1,21,Chop Robinson,B,3.0,-0.05255975842651813,name+round
2024,PHI,1,22,Quinyon Mitchell,A,4.0,0.9054443490639221,name+round
2024,JAX,1,23,Brian Thomas,A+,4.3,1.192845581311054,name+round
2024,DET,1,24,Terrion Arnold,A+,4.3,1.192845581311054,name+round
2024,GNB,1,25,Jordan Morgan,B,3.0,-0.05255975842651813,name+round
2024,TAM,1,26,Graham Barton,A,4.0,0.9054443490639221,name+round
2024,ARI,1,27,Darius Robinson,B+,3.3,0.23484147382061377,name+round
2024,KAN,1,28,Xavier Worthy,C+,2.3,-0.7231626336698265,name+round
2024,DAL,1,29,Tyler Guyton,A+,4.3,1.192845581311054,name+round
2024,BAL,1,30,Nate Wiggins,B,3.0,-0.05255975842651813,name+round
2024,SFO,1,31,Ricky Pearsall,C,2.0,-1.0105638659169585,name+round
2024,CAR,1,32,Xavier Legette,A-,3.7,0.6180431168167903,name+round
2024,BUF,2,33,Keon Coleman,A+,4.3,1.192845581311054,name+round
2024,LAC,2,34,Ladd McConkey,B+,3.3,0.23484147382061377,name+round
2024,ATL,2,35,Ruke Orhorhoro,MILLEN,-0.7,-3.597174956141147,name+round
2024,WAS,2,36,Jer'Zhan Newton,B,3.0,-0.05255975842651813,surname+round
2024,NWE,2,37,Ja'Lynn Polk,A,4.0,0.9054443490639221,name+round
2024,TEN,2,38,T'Vondre Sweat,C,2.0,-1.0105638659169585,name+round
2024,LAR,2,39,Braden Fiske,A-,3.7,0.6180431168167903,name+round
2024,PHI,2,40,Cooper DeJean,A+,4.3,1.192845581311054,name+round
2024,NOR,2,41,Kool-Aid McKinstry,A+,4.3,1.192845581311054,name+round
2024,HOU,2,42,Kamari Lassiter,B,3.0,-0.05255975842651813,name+round
2024,ARI,2,43,Max Melton,C,2.0,-1.0105638659169585,name+round
2024,LVR,2,44,Jackson Powers-Johnson,A+,4.3,1.192845581311054,name+round
2024,GNB,2,45,Edgerrin Cooper,C,2.0,-1.0105638659169585,name+round
2024,CAR,2,46,Jonathon Brooks,B,3.0,-0.05255975842651813,name+round
2024,NYG,2,47,Tyler Nubin,B,3.0,-0.05255975842651813,name+round
2024,JAX,2,48,Maason Smith,C,2.0,-1.0105638659169585,name+round
2024,CIN,2,49,Kris Jenkins,A,4.0,0.9054443490639221,name+round
2024,WAS,2,50,Mike Sainristil,B,3.0,-0.05255975842651813,fuzzy
2024,PIT,2,51,Zach Frazier,A,4.0,0.9054443490639221,name+round
2024,IND,2,52,Adonai Mitchell,B,3.0,-0.05255975842651813,name+round
2024,WAS,2,53,Ben Sinnott,D,1.0,-1.9685679734073986,name+round
2024,CLE,2,54,Michael Hall,C-,1.7,-1.2979650981640904,name+round
2024,MIA,2,55,Patrick Paul,A,4.0,0.9054443490639221,name+round
2024,DAL,2,56,Marshawn Kneeland,B,3.0,-0.05255975842651813,name+round
2024,TAM,2,57,Chris Braswell,B+,3.3,0.23484147382061377,name+round
2024,GNB,2,58,Javon Bullard,B,3.0,-0.05255975842651813,name+round
2024,HOU,2,59,Blake Fisher,B+,3.3,0.23484147382061377,name+round
2024,BUF,2,60,Cole Bishop,B+,3.3,0.23484147382061377,name+round
2024,DET,2,61,Ennis Rakestraw,A+,4.3,1.192845581311054,name+round
2024,BAL,2,62,Roger Rosengarten,B,3.0,-0.05255975842651813,name+round
2024,KAN,2,63,Kingsley Suamataia,A+,4.3,1.192845581311054,name+round
2024,SFO,2,64,Renardo Green,C,2.0,-1.0105638659169585,name+round
2024,NYJ,3,65,Malachi Corley,A,4.0,0.9054443490639221,name+round
2024,ARI,3,66,Trey Benson,A-,3.7,0.6180431168167903,name+round
2024,WAS,3,67,Brandon Coleman,C+,2.3,-0.7231626336698265,name+round
2024,NWE,3,68,Caedan Wallace,C-,1.7,-1.2979650981640904,name+round
2024,LAC,3,69,Junior Colson,A+,4.3,1.192845581311054,name+round
2024,NYG,3,70,Andru Phillips,D,1.0,-1.9685679734073986,name+round
2024,ARI,3,71,Isaiah Adams,C+,2.3,-0.7231626336698265,name+round
2024,CAR,3,72,Trevin Wallace,B+,3.3,0.23484147382061377,name+round
2024,DAL,3,73,Cooper Beebe,A-,3.7,0.6180431168167903,name+round
2024,ATL,3,74,Bralen Trice,B,3.0,-0.05255975842651813,name+round
2024,CHI,3,75,Kiran Amegadjie,A,4.0,0.9054443490639221,name+round
2024,DEN,3,76,Jonah Elliss,B,3.0,-0.05255975842651813,name+round
2024,LVR,3,77,Delmar Glaze,D,1.0,-1.9685679734073986,name+round
2024,HOU,3,78,Calen Bullock,A-,3.7,0.6180431168167903,name+round
2024,IND,3,79,Matt Goncalves,B,3.0,-0.05255975842651813,name+round
2024,CIN,3,80,Jermaine Burton,B,3.0,-0.05255975842651813,name+round
2024,SEA,3,81,Christian Haynes,A-,3.7,0.6180431168167903,name+round
2024,ARI,3,82,Tip Reiman,MILLEN,-0.7,-3.597174956141147,name+round
2024,LAR,3,83,Blake Corum,B-,2.7,-0.33996099067365004,name+round
2024,PIT,3,84,Roman Wilson,A+,4.3,1.192845581311054,name+round
2024,CLE,3,85,Zak Zinter,B+,3.3,0.23484147382061377,name+round
2024,SFO,3,86,Dominick Puni,B+,3.3,0.23484147382061377,name+round
2024,DAL,3,87,Marist Liufau,A,4.0,0.9054443490639221,name+round
2024,GNB,3,88,MarShawn Lloyd,B,3.0,-0.05255975842651813,name+round
2024,TAM,3,89,Tykee Smith,B+,3.3,0.23484147382061377,name+round
2024,ARI,3,90,Elijah Jones,C,2.0,-1.0105638659169585,name+round
2024,GNB,3,91,Ty'Ron Hopper,C,2.0,-1.0105638659169585,name+round
2024,TAM,3,92,Jalen McMillan,A,4.0,0.9054443490639221,name+round
2024,BAL,3,93,Adisa Isaac,A-,3.7,0.6180431168167903,name+round
2024,PHI,3,94,Jalyx Hunt,A,4.0,0.9054443490639221,name+round
2024,BUF,3,95,DeWayne Carter,B+,3.3,0.23484147382061377,name+round
2024,JAX,3,96,Jarrian Jones,C,2.0,-1.0105638659169585,name+round
2024,CIN,3,97,McKinnley Jackson,C,2.0,-1.0105638659169585,name+round
2024,PIT,3,98,Payton Wilson,B,3.0,-0.05255975842651813,name+round
2024,LAR,3,99,Kamren Kinchens,B+,3.3,0.23484147382061377,name+round
2024,WAS,3,100,Luke McCaffrey,B-,2.7,-0.33996099067365004,name+round
2024,CAR,4,101,Ja'Tavion Sanders,A,4.0,0.9054443490639221,name+round
2024,DEN,4,102,Troy Franklin,A+,4.3,1.192845581311054,name+round
2024,NWE,4,103,Layden Robinson,A,4.0,0.9054443490639221,name+round
2024,ARI,4,104,Dadrion Taylor-Demerson,D,1.0,-1.9685679734073986,name+round
2024,LAC,4,105,Justin Eboigbe,B+,3.3,0.23484147382061377,name+round
2024,TEN,4,106,Cedric Gray,B+,3.3,0.23484147382061377,name+round
2024,NYG,4,107,Theo Johnson,B,3.0,-0.05255975842651813,name+round
2024,MIN,4,108,Khyree Jackson,B-,2.7,-0.33996099067365004,name+round
2024,ATL,4,109,Brandon Dorlus,A+,4.3,1.192845581311054,name+round
2024,NWE,4,110,Javon Baker,B,3.0,-0.05255975842651813,name+round
2024,GNB,4,111,Evan Williams,B,3.0,-0.05255975842651813,name+round
2024,LVR,4,112,Decamerion Richardson,B,3.0,-0.05255975842651813,name+round
2024,BAL,4,113,Devontez Walker,A+,4.3,1.192845581311054,name+round
2024,JAX,4,114,Javon Foster,C,2.0,-1.0105638659169585,name+round
2024,CIN,4,115,Erick All,B+,3.3,0.23484147382061377,name+round
2024,JAX,4,116,Jordan Jefferson,B,3.0,-0.05255975842651813,name+round
2024,IND,4,117,Tanor Bortolini,A+,4.3,1.192845581311054,name+round
2024,SEA,4,118,Tyrice Knight,B+,3.3,0.23484147382061377,name+round
2024,PIT,4,119,Mason McCormick,C-,1.7,-1.2979650981640904,name+round
2024,MIA,4,120,Jaylen Wright,MILLEN,-0.7,-3.597174956141147,name+round
2024,SEA,4,121,AJ Barner,B,3.0,-0.05255975842651813,compact+round
2024,CHI,4,122,Tory Taylor,MILLEN,-0.7,-3.597174956141147,name+round
2024,HOU,4,123,Cade Stover,B-,2.7,-0.33996099067365004,name+round
2024,SFO,4,124,Malik Mustapha,C-,1.7,-1.2979650981640904,name+round
2024,TAM,4,125,Bucky Irving,B+,3.3,0.23484147382061377,name+round
2024,DET,4,126,Giovanni Manu,MILLEN,-0.7,-3.597174956141147,name+round
2024,PHI,4,127,Will Shipley,A,4.0,0.9054443490639221,name+round
2024,BUF,4,128,Ray Davis,B+,3.3,0.23484147382061377,name+round
2024,SFO,4,129,Isaac Guerendo,C+,2.3,-0.7231626336698265,name+round
2024,BAL,4,130,T.J. Tampa,A+,4.3,1.192845581311054,name+round
2024,KAN,4,131,Jared Wiley,B,3.0,-0.05255975842651813,name+round
2024,DET,4,132,Sione Vaki,C,2.0,-1.0105638659169585,name+round
2024,KAN,4,133,Jaden Hicks,A+,4.3,1.192845581311054,name+round
2024,NYJ,4,134,Braelon Allen,B,3.0,-0.05255975842651813,name+round
2024,SFO,4,135,Jacob Cowing,B+,3.3,0.23484147382061377,name+round
2024,SEA,5,136,Nehemiah Pritchett,A+,4.3,1.192845581311054,name+round
2024,LAC,5,137,Tarheeb Still,D,1.0,-1.9685679734073986,name+round
2024,ARI,5,138,Xavier Thomas,B+,3.3,0.23484147382061377,name+round
2024,WAS,5,139,Jordan Magee,C,2.0,-1.0105638659169585,name+round
2024,LAC,5,140,Cam Hart,A+,4.3,1.192845581311054,name+round
2024,BUF,5,141,Sedrick Van Pran-Granger,A,4.0,0.9054443490639221,fuzzy
2024,IND,5,142,Anthony Gould,B,3.0,-0.05255975842651813,name+round
2024,ATL,5,143,JD Bertrand,B+,3.3,0.23484147382061377,name+round
2024,CHI,5,144,Austin Booker,A,4.0,0.9054443490639221,name+round
2024,DEN,5,145,Kris Abrams-Draine,A,4.0,0.9054443490639221,name+round
2024,TEN,5,146,Jarvis Brownlee,A+,4.3,1.192845581311054,name+round
2024,DEN,5,147,Audric Estime,A,4.0,0.9054443490639221,surname+round
2024,LVR,5,148,Tommy Eichenberg,B+,3.3,0.23484147382061377,name+round
2024,CIN,5,149,Josh Newton,A,4.0,0.9054443490639221,name+round
2024,NOR,5,150,Spencer Rattler,A+,4.3,1.192845581311054,name+round
2024,IND,5,151,Jaylon Carlies,C+,2.3,-0.7231626336698265,name+round
2024,PHI,5,152,Ainias Smith,A,4.0,0.9054443490639221,name+round
2024,JAX,5,153,Deantre Prince,B,3.0,-0.05255975842651813,name+round
2024,LAR,5,154,Brennan Jackson,B+,3.3,0.23484147382061377,name+round
2024,PHI,5,155,Jeremiah Trotter Jr.,A,4.0,0.9054443490639221,name+round
2024,CLE,5,156,Jamari Thrash,B-,2.7,-0.33996099067365004,name+round
2024,CAR,5,157,Chau Smith-Wade,A,4.0,0.9054443490639221,name+round
2024,MIA,5,158,Mohamed Kamara,A,4.0,0.9054443490639221,surname+round
2024,KAN,5,159,Hunter Nourzad,B,3.0,-0.05255975842651813,name+round
2024,BUF,5,160,Edefuan Ulofoshio,B,3.0,-0.05255975842651813,name+round
2024,WAS,5,161,Dominique Hampton,B,3.0,-0.05255975842651813,name+round
2024,ARI,5,162,Christian Jones,A+,4.3,1.192845581311054,name+round
2024,GNB,5,163,Jacob Monk,D,1.0,-1.9685679734073986,name+round
2024,IND,5,164,Jaylin Simpson,A+,4.3,1.192845581311054,name+round
2024,BAL,5,165,Rasheen Ali,B,3.0,-0.05255975842651813,name+round
2024,NYG,5,166,Tyrone Tracy Jr.,B,3.0,-0.05255975842651813,name+round
2024,JAX,5,167,Keilan Robinson,D,1.0,-1.9685679734073986,name+round
2024,BUF,5,168,Javon Solomon,B+,3.3,0.23484147382061377,name+round
2024,GNB,5,169,Kitan Oladapo,B,3.0,-0.05255975842651813,name+round
2024,NOR,5,170,Bub Means,B,3.0,-0.05255975842651813,name+round
2024,NYJ,5,171,Jordan Travis,B,3.0,-0.05255975842651813,name+round
2024,PHI,5,172,Trevor Keegan,A-,3.7,0.6180431168167903,name+round
2024,NYJ,5,173,Isaiah Davis,C-,1.7,-1.2979650981640904,name+round
2024,DAL,5,174,Caelen Carson,A-,3.7,0.6180431168167903,name+round
2024,NOR,5,175,Jaylan Ford,D,1.0,-1.9685679734073986,name+round
2024,NYJ,5,176,Qwan'tez Stiggers,B-,2.7,-0.33996099067365004,surname+round
2024,MIN,6,177,Walter Rouse,B+,3.3,0.23484147382061377,name+round
2024,PIT,6,178,Logan Lee,B,3.0,-0.05255975842651813,name+round
2024,SEA,6,179,Sataoa Laumea,B+,3.3,0.23484147382061377,name+round
2024,NWE,6,180,Marcellas Dial,A+,4.3,1.192845581311054,name+round
2024,LAC,6,181,Kimani Vidal,B+,3.3,0.23484147382061377,name+round
2024,TEN,6,182,Jha'Quan Jackson,B,3.0,-0.05255975842651813,name+round
2024,NYG,6,183,Darius Muasau,C,2.0,-1.0105638659169585,name+round
2024,MIA,6,184,Malik Washington,A,4.0,0.9054443490639221,name+round
2024,PHI,6,185,Johnny Wilson,B,3.0,-0.05255975842651813,name+round
2024,ATL,6,186,Jase McClellan,C+,2.3,-0.7231626336698265,name+round
2024,ATL,6,187,Casey Washington,C-,1.7,-1.2979650981640904,name+round
2024,HOU,6,188,Jamal Hill,B,3.0,-0.05255975842651813,name+round
2024,DET,6,189,Mekhi Wingo,A,4.0,0.9054443490639221,name+round
2024,PHI,6,190,Dylan McMahon,B,3.0,-0.05255975842651813,name+round
2024,ARI,6,191,Tejhaun Palmer,C,2.0,-1.0105638659169585,name+round
2024,SEA,6,192,D.J. James,B-,2.7,-0.33996099067365004,name+round
2024,NWE,6,193,Joe Milton,C-,1.7,-1.2979650981640904,name+round
2024,CIN,6,194,Tanner McLachlan,A,4.0,0.9054443490639221,name+round
2024,PIT,6,195,Ryan Watts,B,3.0,-0.05255975842651813,name+round
2024,LAR,6,196,Tyler Davis,B+,3.3,0.23484147382061377,name+round
2024,ATL,6,197,Zion Logue,C,2.0,-1.0105638659169585,name+round
2024,MIA,6,198,Patrick McMorris,B+,3.3,0.23484147382061377,name+round
2024,NOR,6,199,Khristian Boyd,A-,3.7,0.6180431168167903,name+round
2024,CAR,6,200,Jaden Crumedy,B+,3.3,0.23484147382061377,name+round
2024,IND,6,201,Micah Abraham,B-,2.7,-0.33996099067365004,name+round
2024,GNB,6,202,Travis Glover,B,3.0,-0.05255975842651813,name+round
2024,MIN,6,203,Will Reichard,B,3.0,-0.05255975842651813,name+round
2024,BUF,6,204,Tylan Grable,A-,3.7,0.6180431168167903,name+round
2024,HOU,6,205,Jawhar Jordan,A,4.0,0.9054443490639221,name+round
2024,CLE,6,206,Nathaniel Watson,A-,3.7,0.6180431168167903,name+round
2024,SEA,6,207,Michael Jerrell,C,2.0,-1.0105638659169585,surname+round
2024,LVR,6,208,Dylan Laube,A,4.0,0.9054443490639221,name+round
2024,LAR,6,209,Joshua Karty,C,2.0,-1.0105638659169585,name+round
2024,DET,6,210,Christian Mahogany,A+,4.3,1.192845581311054,name+round
2024,KAN,6,211,Kamal Hadden,B,3.0,-0.05255975842651813,name+round
2024,JAX,6,212,Cam Little,D,1.0,-1.9685679734073986,name+round
2024,LAR,6,213,Jordan Whittington,B+,3.3,0.23484147382061377,name+round
2024,CIN,6,214,Cedric Johnson,A,4.0,0.9054443490639221,name+round
2024,SFO,6,215,Jarrett Kingston,B,3.0,-0.05255975842651813,name+round
2024,DAL,6,216,Ryan Flournoy,A-,3.7,0.6180431168167903,name+round
2024,LAR,6,217,Beaux Limmer,A+,4.3,1.192845581311054,name+round
2024,BAL,6,218,Devin Leary,C,2.0,-1.0105638659169585,name+round
2024,BUF,6,219,Daequan Hardy,B,3.0,-0.05255975842651813,name+round
2024,TAM,6,220,Elijah Klein,C,2.0,-1.0105638659169585,name+round
2024,BUF,7,221,Travis Clayton,B+,3.3,0.23484147382061377,name+round
2024,WAS,7,222,Javontae Jean-Baptiste,B,3.0,-0.05255975842651813,name+round
2024,LVR,7,223,Trey Taylor,B,3.0,-0.05255975842651813,name+round
2024,CIN,7,224,Daijahn Anthony,B,3.0,-0.05255975842651813,name+round
2024,LAC,7,225,Brenden Rice,A+,4.3,1.192845581311054,name+round
2024,ARI,7,226,Jaden Davis,C,2.0,-1.0105638659169585,name+round
2024,CLE,7,227,Myles Harden,B+,3.3,0.23484147382061377,name+round
2024,BAL,7,228,Nick Samac,B,3.0,-0.05255975842651813,name+round
2024,LVR,7,229,M.J. Devonshire,A+,4.3,1.192845581311054,surname+round
2024,MIN,7,230,Michael Jurgens,C,2.0,-1.0105638659169585,name+round
2024,NWE,7,231,Jaheim Bell,A+,4.3,1.192845581311054,name+round
2024,MIN,7,232,Levi Drake Rodriguez,C,2.0,-1.0105638659169585,name+round
2024,DAL,7,233,Nathan Thomas,B,3.0,-0.05255975842651813,name+round
2024,IND,7,234,Jonah Laulu,C,2.0,-1.0105638659169585,name+round
2024,DEN,7,235,Devaughn Vele,B,3.0,-0.05255975842651813,name+round
2024,JAX,7,236,Myles Cole,B,3.0,-0.05255975842651813,name+round
2024,CIN,7,237,Matt Lee,A,4.0,0.9054443490639221,name+round
2024,HOU,7,238,Solomon Byrd,B+,3.3,0.23484147382061377,name+round
2024,NOR,7,239,Josiah Ezirim,B+,3.3,0.23484147382061377,name+round
2024,CAR,7,240,Michael Barrett,B,3.0,-0.05255975842651813,name+round
2024,MIA,7,241,Tahj Washington,A,4.0,0.9054443490639221,name+round
2024,TEN,7,242,James Williams,B+,3.3,0.23484147382061377,name+round
2024,CLE,7,243,Jowon Briggs,B,3.0,-0.05255975842651813,name+round
2024,DAL,7,244,Justin Rogers,B+,3.3,0.23484147382061377,name+round
2024,GNB,7,245,Michael Pratt,A,4.0,0.9054443490639221,name+round
2024,TAM,7,246,Devin Culp,B,3.0,-0.05255975842651813,name+round
2024,HOU,7,247,Marcus Harris,B,3.0,-0.05255975842651813,name+round
2024,KAN,7,248,C.J. Hanson,B,3.0,-0.05255975842651813,name+round
2024,HOU,7,249,LaDarius Henderson,A,4.0,0.9054443490639221,name+round
2024,BAL,7,250,Sanoussi Kane,B,3.0,-0.05255975842651813,name+round
2024,SFO,7,251,Tatum Bethune,B-,2.7,-0.33996099067365004,name+round
2024,TEN,7,252,Jaylen Harrell,A,4.0,0.9054443490639221,name+round
2024,LAC,7,253,Cornelius Johnson,A-,3.7,0.6180431168167903,name+round
2024,LAR,7,254,KT Leveston,B,3.0,-0.05255975842651813,name+round
2024,GNB,7,255,Kalen King,A-,3.7,0.6180431168167903,name+round
2024,DEN,7,256,Nick Gargiulo,A-,3.7,0.6180431168167903,name+round
2024,NYJ,7,257,Jaylen Key,B,3.0,-0.05255975842651813,name+round
2025,TEN,1,1,Cam Ward,A,4.0,0.8675016049447908,name+round
2025,JAX,1,2,Travis Hunter,C-,1.7,-1.3600405266054507,name+round
2025,NYG,1,3,Abdul Carter,A-,3.7,0.5769526312643246,name+round
2025,NWE,1,4,Will Campbell,A+,4.3,1.1580505786252568,name+round
2025,CLE,1,5,Mason Graham,A,4.0,0.8675016049447908,name+round
2025,LVR,1,6,Ashton Jeanty,C-,1.7,-1.3600405266054507,name+round
2025,NYJ,1,7,Armand Membou,A+,4.3,1.1580505786252568,name+round
2025,CAR,1,8,Tetairoa McMillan,C,2.0,-1.0694915529249844,name+round
2025,NOR,1,9,Kelvin Banks,A,4.0,0.8675016049447908,name+round
2025,CHI,1,10,Colston Loveland,D,1.0,-2.0379881318598723,name+round
2025,SFO,1,11,Mykel Williams,B-,2.7,-0.391543947670563,name+round
2025,DAL,1,12,Tyler Booker,MILLEN,-0.7,-3.684432316049181,name+round
2025,MIA,1,13,Kenneth Grant,B+,3.3,0.18955399969036923,name+round
2025,IND,1,14,Tyler Warren,A+,4.3,1.1580505786252568,name+round
2025,ATL,1,15,Jalon Walker,A+,4.3,1.1580505786252568,name+round
2025,ARI,1,16,Walter Nolen,A-,3.7,0.5769526312643246,name+round
2025,CIN,1,17,Shemar Stewart,D,1.0,-2.0379881318598723,name+round
2025,SEA,1,18,Grey Zabel,A,4.0,0.8675016049447908,name+round
2025,TAM,1,19,Emeka Egbuka,MILLEN,-0.7,-3.684432316049181,name+round
2025,DEN,1,20,Jahdae Barron,A+,4.3,1.1580505786252568,name+round
2025,PIT,1,21,Derrick Harmon,A,4.0,0.8675016049447908,name+round
2025,LAC,1,22,Omarion Hampton,B,3.0,-0.10099497399009687,name+round
2025,GNB,1,23,Matthew Golden,A,4.0,0.8675016049447908,name+round
2025,MIN,1,24,Donovan Jackson,B,3.0,-0.10099497399009687,name+round
2025,NYG,1,25,Jaxson Dart,C+,2.3,-0.7789425792445184,name+round
2025,ATL,1,26,James Pearce,A,4.0,0.8675016049447908,name+round
2025,BAL,1,27,Malaki Starks,A+,4.3,1.1580505786252568,name+round
2025,DET,1,28,Tyleik Williams,D,1.0,-2.0379881318598723,name+round
2025,WAS,1,29,Josh Conerly,A,4.0,0.8675016049447908,name+round
2025,BUF,1,30,Maxwell Hairston,A-,3.7,0.5769526312643246,name+round
2025,PHI,1,31,Jihaad Campbell,A+,4.3,1.1580505786252568,name+round
2025,KAN,1,32,Josh Simmons,A-,3.7,0.5769526312643246,name+round
2025,CLE,2,33,Carson Schwesinger,A-,3.7,0.5769526312643246,name+round
2025,HOU,2,34,Jayden Higgins,B,3.0,-0.10099497399009687,name+round
2025,SEA,2,35,Nick Emmanwori,A+,4.3,1.1580505786252568,name+round
2025,CLE,2,36,Quinshon Judkins,A,4.0,0.8675016049447908,name+round
2025,MIA,2,37,Jonah Savaiinaea,A-,3.7,0.5769526312643246,name+round
2025,NWE,2,38,TreVeyon Henderson,A,4.0,0.8675016049447908,surname+round
2025,CHI,2,39,Luther Burden,A+,4.3,1.1580505786252568,name+round
2025,NOR,2,40,Tyler Shough,C-,1.7,-1.3600405266054507,name+round
2025,BUF,2,41,T.J. Sanders,A,4.0,0.8675016049447908,name+round
2025,NYJ,2,42,Mason Taylor,A-,3.7,0.5769526312643246,name+round
2025,SFO,2,43,Alfred Collins,B+,3.3,0.18955399969036923,name+round
2025,DAL,2,44,Donovan Ezeiruaku,A+,4.3,1.1580505786252568,name+round
2025,IND,2,45,JT Tuimoloau,B+,3.3,0.18955399969036923,compact+round
2025,LAR,2,46,Terrance Ferguson,C-,1.7,-1.3600405266054507,name+round
2025,ARI,2,47,Will Johnson,A+,4.3,1.1580505786252568,name+round
2025,HOU,2,48,Aireontae Ersery,A+,4.3,1.1580505786252568,name+round
2025,CIN,2,49,Demetrius Knight,B-,2.7,-0.391543947670563,name+round
2025,SEA,2,50,Elijah Arroyo,A,4.0,0.8675016049447908,name+round
2025,CAR,2,51,Nic Scourton,A,4.0,0.8675016049447908,name+round
2025,TEN,2,52,Oluwafemi Oladejo,B,3.0,-0.10099497399009687,surname+round
2025,TAM,2,53,Benjamin Morrison,A-,3.7,0.5769526312643246,name+round
2025,GNB,2,54,Anthony Belton,B,3.0,-0.10099497399009687,name+round
2025,LAC,2,55,Tre Harris,B+,3.3,0.18955399969036923,name+round
2025,CHI,2,56,Ozzy Trapilo,A,4.0,0.8675016049447908,name+round
2025,DET,2,57,Tate Ratledge,B+,3.3,0.18955399969036923,name+round
2025,LVR,2,58,Jack Bech,B+,3.3,0.18955399969036923,name+round
2025,BAL,2,59,Mike Green,A+,4.3,1.1580505786252568,name+round
2025,DEN,2,60,RJ Harvey,D,1.0,-2.0379881318598723,compact+round
2025,WAS,2,61,Trey Amos,A+,4.3,1.1580505786252568,name+round
2025,CHI,2,62,Shemar Turner,B,3.0,-0.10099497399009687,name+round
2025,KAN,2,63,Omarr Norman-Lott,B+,3.3,0.18955399969036923,surname+round
2025,PHI,2,64,Andrew Mukuba,D,1.0,-2.0379881318598723,name+round
2025,NYG,3,65,Darius Alexander,A-,3.7,0.5769526312643246,name+round
2025,KAN,3,66,Ashton Gillotte,C,2.0,-1.0694915529249844,name+round
2025,CLE,3,67,Harold Fannin,C,2.0,-1.0694915529249844,name+round
2025,LVR,3,68,Darien Porter,B,3.0,-0.10099497399009687,name+round
2025,NWE,3,69,Kyle Williams,B+,3.3,0.18955399969036923,name+round
2025,DET,3,70,Isaac TeSlaa,MILLEN,-0.7,-3.684432316049181,name+round
2025,NOR,3,71,Vernon Broughton,C-,1.7,-1.3600405266054507,name+round
2025,BUF,3,72,Landon Jackson,A+,4.3,1.1580505786252568,name+round
2025,NYJ,3,73,Azareye'h Thomas,A+,4.3,1.1580505786252568,name+round
2025,DEN,3,74,Pat Bryant,MILLEN,-0.7,-3.684432316049181,name+round
2025,SFO,3,75,Nick Martin,C-,1.7,-1.3600405266054507,name+round
2025,DAL,3,76,Shavon Revel,A+,4.3,1.1580505786252568,name+round
2025,CAR,3,77,Princely Umanmielen,B+,3.3,0.18955399969036923,name+round
2025,ARI,3,78,Jordan Burch,A,4.0,0.8675016049447908,name+round
2025,HOU,3,79,Jaylin Noel,B,3.0,-0.10099497399009687,name+round
2025,IND,3,80,Justin Walley,B+,3.3,0.18955399969036923,name+round
2025,CIN,3,81,Dylan Fairchild,B+,3.3,0.18955399969036923,name+round
2025,TEN,3,82,Kevin Winston,B+,3.3,0.18955399969036923,name+round
2025,PIT,3,83,Kaleb Johnson,A+,4.3,1.1580505786252568,name+round
2025,TAM,3,84,Jacob Parrish,B,3.0,-0.10099497399009687,name+round
2025,KAN,3,85,Nohl Williams,B+,3.3,0.18955399969036923,name+round
2025,LAC,3,86,Jamaree Caldwell,B+,3.3,0.18955399969036923,name+round
2025,GNB,3,87,Savion Williams,B+,3.3,0.18955399969036923,name+round
2025,JAX,3,88,Caleb Ransaw,A-,3.7,0.5769526312643246,name+round
2025,JAX,3,89,Wyatt Milum,A,4.0,0.8675016049447908,name+round
2025,LAR,3,90,Josaiah Stewart,B+,3.3,0.18955399969036923,name+round
2025,BAL,3,91,Emery Jones,A+,4.3,1.1580505786252568,name+round
2025,SEA,3,92,Jalen Milroe,B,3.0,-0.10099497399009687,name+round
2025,NOR,3,93,Jonas Sanker,B-,2.7,-0.391543947670563,name+round
2025,CLE,3,94,Dillon Gabriel,MILLEN,-0.7,-3.684432316049181,name+round
2025,NWE,3,95,Jared Wilson,A+,4.3,1.1580505786252568,name+round
2025,ATL,3,96,Xavier Watts,A+,4.3,1.1580505786252568,name+round
2025,HOU,3,97,Jaylin Smith,C+,2.3,-0.7789425792445184,name+round
2025,LVR,3,98,Caleb Rogers,A+,4.3,1.1580505786252568,name+round
2025,LVR,3,99,Charles Grant,B+,3.3,0.18955399969036923,name+round
2025,SFO,3,100,Upton Stout,C-,1.7,-1.3600405266054507,name+round
2025,DEN,3,101,Sai'vion Jones,A-,3.7,0.5769526312643246,name+round
2025,MIN,3,102,Tai Felton,B,3.0,-0.10099497399009687,name+round
2025,TEN,4,103,Chimere Dike,B+,3.3,0.18955399969036923,name+round
2025,JAX,4,104,Bhayshul Tuten,A-,3.7,0.5769526312643246,name+round
2025,NYG,4,105,Cam Skattebo,A+,4.3,1.1580505786252568,name+round
2025,NWE,4,106,Craig Woodson,MILLEN,-0.7,-3.684432316049181,name+round
2025,JAX,4,107,Jack Kiser,B-,2.7,-0.391543947670563,name+round
2025,LVR,4,108,Dont'e Thornton,C,2.0,-1.0694915529249844,name+round
2025,BUF,4,109,Deone Walker,A,4.0,0.8675016049447908,name+round
2025,NYJ,4,110,Arian Smith,A,4.0,0.8675016049447908,name+round
2025,PHI,4,111,Ty Robinson,B,3.0,-0.10099497399009687,name+round
2025,NOR,4,112,Danny Stutsman,A,4.0,0.8675016049447908,name+round
2025,SFO,4,113,CJ West,B+,3.3,0.18955399969036923,compact+round
2025,CAR,4,114,Trevor Etienne,C-,1.7,-1.3600405266054507,name+round
2025,ARI,4,115,Cody Simon,C+,2.3,-0.7789425792445184,name+round
2025,HOU,4,116,Woody Marks,B-,2.7,-0.391543947670563,name+round
2025,LAR,4,117,Jarquez Hunter,B-,2.7,-0.391543947670563,name+round
2025,ATL,4,118,Billy Bowman,B,3.0,-0.10099497399009687,name+round
2025,CIN,4,119,Barrett Carter,C,2.0,-1.0694915529249844,name+round
2025,TEN,4,120,Gunnar Helm,B+,3.3,0.18955399969036923,name+round
2025,TAM,4,121,David Walker,A-,3.7,0.5769526312643246,name+round
2025,CAR,4,122,Lathan Ransom,B+,3.3,0.18955399969036923,name+round
2025,PIT,4,123,Jack Sawyer,A+,4.3,1.1580505786252568,name+round
2025,GNB,4,124,Barryn Sorrell,B,3.0,-0.10099497399009687,name+round
2025,LAC,4,125,Kyle Kennard,A-,3.7,0.5769526312643246,name+round
2025,CLE,4,126,Dylan Sampson,B+,3.3,0.18955399969036923,name+round
2025,IND,4,127,Jalen Travis,B+,3.3,0.18955399969036923,name+round
2025,WAS,4,128,Jaylin Lane,B+,3.3,0.18955399969036923,name+round
2025,BAL,4,129,Teddye Buchanan,C,2.0,-1.0694915529249844,name+round
2025,NYJ,4,130,Malachi Moore,A-,3.7,0.5769526312643246,name+round
2025,NOR,4,131,Quincy Riley,B+,3.3,0.18955399969036923,name+round
2025,CHI,4,132,Ruben Hyppolite,C,2.0,-1.0694915529249844,name+round
2025,KAN,4,133,Jalen Royals,A+,4.3,1.1580505786252568,name+round
2025,DEN,4,134,Quandarrius Robinson,B-,2.7,-0.391543947670563,surname+round
2025,LVR,4,135,Tonka Hemingway,D,1.0,-2.0379881318598723,name+round
2025,TEN,4,136,Elic Ayomanor,A+,4.3,1.1580505786252568,name+round
2025,NWE,4,137,Joshua Farmer,A+,4.3,1.1580505786252568,name+round
2025,SFO,4,138,Jordan Watkins,MILLEN,-0.7,-3.684432316049181,name+round
2025,MIN,5,139,Tyrion Ingram-Dawkins,A,4.0,0.8675016049447908,name+round
2025,CAR,5,140,Cam Jackson,B+,3.3,0.18955399969036923,name+round
2025,BAL,5,141,Carson Vinson,A,4.0,0.8675016049447908,name+round
2025,SEA,5,142,Rylie Mills,C+,2.3,-0.7789425792445184,name+round
2025,MIA,5,143,Jordan Phillips,B+,3.3,0.18955399969036923,name+round
2025,CLE,5,144,Shedeur Sanders,A+,4.3,1.1580505786252568,name+round
2025,PHI,5,145,Mac McWilliams,B,3.0,-0.10099497399009687,name+round
2025,NWE,5,146,Bradyn Swinson,A+,4.3,1.1580505786252568,name+round
2025,SFO,5,147,Jordan James,B+,3.3,0.18955399969036923,name+round
2025,LAR,5,148,Ty Hamilton,A+,4.3,1.1580505786252568,name+round
2025,DAL,5,149,Jaydon Blue,A,4.0,0.8675016049447908,name+round
2025,MIA,5,150,Jason Marshall,B+,3.3,0.18955399969036923,name+round
2025,IND,5,151,DJ Giddens,B+,3.3,0.18955399969036923,compact+round
2025,DAL,5,152,Shemar James,B+,3.3,0.18955399969036923,name+round
2025,CIN,5,153,Jalen Rivers,A-,3.7,0.5769526312643246,name+round
2025,NYG,5,154,Marcus Mbow,A,4.0,0.8675016049447908,name+round
2025,MIA,5,155,Dante Trader,C-,1.7,-1.3600405266054507,name+round
2025,KAN,5,156,Jeffrey Bassa,A,4.0,0.8675016049447908,surname+round
2025,TAM,5,157,Elijah Roberts,B+,3.3,0.18955399969036923,name+round
2025,LAC,5,158,KeAndre Lambert-Smith,A+,4.3,1.1580505786252568,name+round
2025,GNB,5,159,Collin Oliver,B,3.0,-0.10099497399009687,name+round
2025,SFO,5,160,Marques Sigle,B+,3.3,0.18955399969036923,name+round
2025,PHI,5,161,Smael Mondon,A+,4.3,1.1580505786252568,name+round
2025,NYJ,5,162,Francisco Mauigoa,B+,3.3,0.18955399969036923,name+round
2025,CAR,5,163,Mitchell Evans,B,3.0,-0.10099497399009687,name+round
2025,PIT,5,164,Yahya Black,B+,3.3,0.18955399969036923,name+round
2025,LAC,5,165,Oronde Gadsden II,B+,3.3,0.18955399969036923,fuzzy
2025,SEA,5,166,Tory Horton,A-,3.7,0.5769526312643246,name+round
2025,TEN,5,167,Jackson Slater,B+,3.3,0.18955399969036923,name+round
2025,PHI,5,168,Drew Kendall,A-,3.7,0.5769526312643246,name+round
2025,CHI,5,169,Zah Frazier,B+,3.3,0.18955399969036923,name+round
2025,BUF,5,170,Jordan Hancock,B+,3.3,0.18955399969036923,name+round
2025,DET,5,171,Miles Frazier,A,4.0,0.8675016049447908,name+round
2025,LAR,5,172,Chris Paul,B,3.0,-0.10099497399009687,name+round
2025,BUF,5,173,Jackson Hawes,B,3.0,-0.10099497399009687,name+round
2025,ARI,5,174,Denzel Burke,C+,2.3,-0.7789425792445184,name+round
2025,SEA,5,175,Robbie Ouzts,D,1.0,-2.0379881318598723,name+round
2025,NYJ,5,176,Tyler Baron,B+,3.3,0.18955399969036923,name+round
2025,BUF,6,177,Dorian Strong,A,4.0,0.8675016049447908,name+round
2025,BAL,6,178,Bilhal Kone,A,4.0,0.8675016049447908,name+round
2025,MIA,6,179,Ollie Gordon,B+,3.3,0.18955399969036923,name+round
2025,LVR,6,180,JJ Pegues,B-,2.7,-0.391543947670563,compact+round
2025,PHI,6,181,Kyle McCord,B+,3.3,0.18955399969036923,name+round
2025,NWE,6,182,Andres Borregales,B,3.0,-0.10099497399009687,name+round
2025,TEN,6,183,Marcus Harris,B-,2.7,-0.391543947670563,name+round
2025,NOR,6,184,Devin Neal,B,3.0,-0.10099497399009687,name+round
2025,PIT,6,185,Will Howard,B,3.0,-0.10099497399009687,name+round
2025,BAL,6,186,Tyler Loop,B,3.0,-0.10099497399009687,name+round
2025,HOU,6,187,Jaylen Reed,B,3.0,-0.10099497399009687,name+round
2025,TEN,6,188,Kalel Mullings,C,2.0,-1.0694915529249844,name+round
2025,IND,6,189,Riley Leonard,B+,3.3,0.18955399969036923,name+round
2025,IND,6,190,Tim Smith,B+,3.3,0.18955399969036923,name+round
2025,PHI,6,191,Myles Hinton,B+,3.3,0.18955399969036923,name+round
2025,SEA,6,192,Bryce Cabeldue,A,4.0,0.8675016049447908,name+round
2025,CIN,6,193,Tahj Brooks,C,2.0,-1.0694915529249844,name+round
2025,JAX,6,194,Jalen McLeod,B,3.0,-0.10099497399009687,name+round
2025,CHI,6,195,Luke Newman,C-,1.7,-1.3600405266054507,name+round
2025,DET,6,196,Ahmed Hassanein,B,3.0,-0.10099497399009687,name+round
2025,HOU,6,197,Graham Mertz,C-,1.7,-1.3600405266054507,name+round
2025,GNB,6,198,Warren Brinson,B+,3.3,0.18955399969036923,name+round
2025,LAC,6,199,Branson Taylor,B-,2.7,-0.391543947670563,name+round
2025,JAX,6,200,Rayuan Lane,B,3.0,-0.10099497399009687,name+round
2025,MIN,6,201,Kobe King,B,3.0,-0.10099497399009687,name+round
2025,MIN,6,202,Gavin Bartholomew,B-,2.7,-0.391543947670563,name+round
2025,BAL,6,203,LaJohntay Wester,C,2.0,-1.0694915529249844,fuzzy
2025,DAL,6,204,Ajani Cornelius,B,3.0,-0.10099497399009687,name+round
2025,WAS,6,205,Kain Medrano,C,2.0,-1.0694915529249844,name+round
2025,BUF,6,206,Chase Lundt,B+,3.3,0.18955399969036923,name+round
2025,PHI,6,207,Cameron Williams,A,4.0,0.8675016049447908,name+round
2025,CAR,6,208,Jimmy Horn,C-,1.7,-1.3600405266054507,name+round
2025,PHI,6,209,Antwaun Powell-Ryland,B,3.0,-0.10099497399009687,name+round
2025,BAL,6,210,Aeneas Peebles,C,2.0,-1.0694915529249844,name+round
2025,ARI,6,211,Hayden Conner,B,3.0,-0.10099497399009687,name+round
2025,BAL,6,212,Robert Longerbeam,A-,3.7,0.5769526312643246,name+round
2025,LVR,6,213,Tommy Mellott,B,3.0,-0.10099497399009687,name+round
2025,LAC,6,214,R.J. Mickens,B+,3.3,0.18955399969036923,name+round
2025,LVR,6,215,Cam Miller,C,2.0,-1.0694915529249844,name+round
2025,DEN,6,216,Jeremy Crawshaw,B,3.0,-0.10099497399009687,name+round
2025,DAL,7,217,Jay Toia,B+,3.3,0.18955399969036923,name+round
2025,ATL,7,218,Jack Nelson,A,4.0,0.8675016049447908,name+round
2025,NYG,7,219,Thomas Fidone,B+,3.3,0.18955399969036923,name+round
2025,NWE,7,220,Marcus Bryant,B,3.0,-0.10099497399009687,name+round
2025,JAX,7,221,Jonah Monheim,A+,4.3,1.1580505786252568,name+round
2025,LVR,7,222,Cody Lindenberg,B,3.0,-0.10099497399009687,name+round
2025,SEA,7,223,Damien Martinez,B+,3.3,0.18955399969036923,name+round
2025,HOU,7,224,Kyonte Hamilton,B,3.0,-0.10099497399009687,name+round
2025,ARI,7,225,Kitan Crawford,B,3.0,-0.10099497399009687,name+round
2025,PIT,7,226,Carson Bruener,B-,2.7,-0.391543947670563,name+round
2025,SFO,7,227,Kurtis Rourke,B-,2.7,-0.391543947670563,name+round
2025,KAN,7,228,Brashard Smith,B+,3.3,0.18955399969036923,name+round
2025,PIT,7,229,Donte Kent,C,2.0,-1.0694915529249844,name+round
2025,DET,7,230,Dan Jackson,C,2.0,-1.0694915529249844,name+round
2025,MIA,7,231,Quinn Ewers,A,4.0,0.8675016049447908,name+round
2025,IND,7,232,Hunter Wohler,B,3.0,-0.10099497399009687,name+round
2025,CHI,7,233,Kyle Monangai,B,3.0,-0.10099497399009687,name+round
2025,SEA,7,234,Mason Richman,B-,2.7,-0.391543947670563,name+round
2025,TAM,7,235,Tez Johnson,A,4.0,0.8675016049447908,name+round
2025,JAX,7,236,LeQuint Allen,A,4.0,0.8675016049447908,name+round
2025,GNB,7,237,Micah Robinson,C,2.0,-1.0694915529249844,name+round
2025,SEA,7,238,Ricky White,B,3.0,-0.10099497399009687,name+round
2025,DAL,7,239,Phil Mafah,C+,2.3,-0.7789425792445184,name+round
2025,BUF,7,240,Kaden Prather,A+,4.3,1.1580505786252568,name+round
2025,DEN,7,241,Caleb Lohner,B,3.0,-0.10099497399009687,name+round
2025,LAR,7,242,Konata Mumpfield,B,3.0,-0.10099497399009687,name+round
2025,BAL,7,243,Garrett Dellinger,A,4.0,0.8675016049447908,fuzzy
2025,DET,7,244,Dominic Lovett,B,3.0,-0.10099497399009687,name+round
2025,WAS,7,245,Jacory Croskey-Merritt,A,4.0,0.8675016049447908,surname+round
2025,NYG,7,246,Korie Black,B+,3.3,0.18955399969036923,name+round
2025,DAL,7,247,Tommy Akingbesote,C,2.0,-1.0694915529249844,name+round
2025,NOR,7,248,Moliki Matavao,B,3.0,-0.10099497399009687,fuzzy
2025,SFO,7,249,Connor Colby,B,3.0,-0.10099497399009687,name+round
2025,GNB,7,250,John Williams,B,3.0,-0.10099497399009687,name+round
2025,NWE,7,251,Julian Ashby,B+,3.3,0.18955399969036923,name+round
2025,SFO,7,252,Junior Bergen,C,2.0,-1.0694915529249844,name+round
2025,MIA,7,253,Zeek Biggers,B,3.0,-0.10099497399009687,name+round
2025,NOR,7,254,Fadil Diggs,A+,4.3,1.1580505786252568,name+round
2025,HOU,7,255,Luke Lachey,B,3.0,-0.10099497399009687,name+round
2025,LAC,7,256,Trikweze Bridges,B-,2.7,-0.391543947670563,name+round
2025,NWE,7,257,Kobee Minor,C,2.0,-1.0694915529249844,name+round
2026,LVR,1,1,Fernando Mendoza,A,4.0,0.9992173758599981,name+round
2026,NYJ,1,2,David Bailey,A,4.0,0.9992173758599981,name+round
2026,ARI,1,3,Jeremiyah Love,D,1.0,-1.697305539043952,name+round
2026,TEN,1,4,Carnell Tate,B,3.0,0.10037640422534812,name+round
2026,NYG,1,5,Arvell Reese,C-,1.7,-1.068116858899697,name+round
2026,KAN,1,6,Mansoor Delane,MILLEN,-0.7,-3.225335190822857,name+round
2026,WAS,1,7,Sonny Styles,A,4.0,0.9992173758599981,name+round
2026,NOR,1,8,Jordyn Tyson,A,4.0,0.9992173758599981,name+round
2026,CLE,1,9,Spencer Fano,A+,4.3,1.268869667350393,name+round
2026,NYG,1,10,Francis Mauigoa,D,1.0,-1.697305539043952,name+round
2026,DAL,1,11,Caleb Downs,B,3.0,0.10037640422534812,name+round
2026,MIA,1,12,Kadyn Proctor,A-,3.7,0.7295650843696033,name+round
2026,LAR,1,13,Ty Simpson,MILLEN,-0.7,-3.225335190822857,name+round
2026,BAL,1,14,Olaivavega Ioane,A,4.0,0.9992173758599981,surname+round
2026,TAM,1,15,Rueben Bain Jr.,A,4.0,0.9992173758599981,name+round
2026,NYJ,1,16,Kenyon Sadiq,A,4.0,0.9992173758599981,name+round
2026,DET,1,17,Blake Miller,B+,3.3,0.370028695715743,name+round
2026,MIN,1,18,Caleb Banks,C,2.0,-0.7984645674093019,name+round
2026,CAR,1,19,Monroe Freeling,A-,3.7,0.7295650843696033,name+round
2026,PHI,1,20,Makai Lemon,C,2.0,-0.7984645674093019,name+round
2026,PIT,1,21,Max Iheanachor,A-,3.7,0.7295650843696033,name+round
2026,LAC,1,22,Akheem Mesidor,C-,1.7,-1.068116858899697,name+round
2026,DAL,1,23,Malachi Lawrence,A-,3.7,0.7295650843696033,name+round
2026,CLE,1,24,KC Concepcion,A-,3.7,0.7295650843696033,compact+round
2026,CHI,1,25,Dillon Thieneman,B,3.0,0.10037640422534812,name+round
2026,HOU,1,26,Keylan Rutledge,C-,1.7,-1.068116858899697,name+round
2026,MIA,1,27,Chris Johnson,D,1.0,-1.697305539043952,name+round
2026,NWE,1,28,Caleb Lomu,A,4.0,0.9992173758599981,name+round
2026,KAN,1,29,Peter Woods,B+,3.3,0.370028695715743,name+round
2026,NYJ,1,30,Omar Cooper Jr.,A,4.0,0.9992173758599981,name+round
2026,TEN,1,31,Keldric Faulk,A+,4.3,1.268869667350393,name+round
2026,SEA,1,32,Jadarian Price,B,3.0,0.10037640422534812,name+round
2026,SFO,2,33,De'Zhaun Stribling,MILLEN,-0.7,-3.225335190822857,name+round
2026,ARI,2,34,Chase Bisontis,B+,3.3,0.370028695715743,name+round
2026,BUF,2,35,T.J. Parker,B,3.0,0.10037640422534812,name+round
2026,HOU,2,36,Kayden McDonald,A,4.0,0.9992173758599981,name+round
2026,NYG,2,37,Colton Hood,A,4.0,0.9992173758599981,name+round
2026,LVR,2,38,Treydan Stukes,MILLEN,-0.7,-3.225335190822857,name+round
2026,CLE,2,39,Denzel Boston,A+,4.3,1.268869667350393,name+round
2026,KAN,2,40,R Mason Thomas,B+,3.3,0.370028695715743,name+round
2026,CIN,2,41,Cashius Howell,A-,3.7,0.7295650843696033,name+round
2026,NOR,2,42,Christen Miller,C+,2.3,-0.528812275918907,name+round
2026,MIA,2,43,Jacob Rodriguez,A+,4.3,1.268869667350393,name+round
2026,DET,2,44,Derrick Moore,MILLEN,-0.7,-3.225335190822857,name+round
2026,BAL,2,45,Zion Young,A+,4.3,1.268869667350393,name+round
2026,TAM,2,46,Josiah Trotter,D,1.0,-1.697305539043952,name+round
2026,PIT,2,47,Germie Bernard,A,4.0,0.9992173758599981,name+round
2026,ATL,2,48,Avieon Terrell,A+,4.3,1.268869667350393,name+round
2026,CAR,2,49,Lee Hunter,A,4.0,0.9992173758599981,name+round
2026,NYJ,2,50,D'Angelo Ponds,B,3.0,0.10037640422534812,name+round
2026,MIN,2,51,Jake Golday,C-,1.7,-1.068116858899697,name+round
2026,GNB,2,52,Brandon Cisse,A,4.0,0.9992173758599981,name+round
2026,IND,2,53,CJ Allen,A+,4.3,1.268869667350393,compact+round
2026,PHI,2,54,Eli Stowers,A,4.0,0.9992173758599981,name+round
2026,NWE,2,55,Gabe Jacas,A,4.0,0.9992173758599981,name+round
2026,JAX,2,56,Nate Boerkircher,MILLEN,-0.7,-3.225335190822857,fuzzy
2026,CHI,2,57,Logan Jones,B,3.0,0.10037640422534812,name+round
2026,CLE,2,58,Emmanuel McNeil-Warren,B+,3.3,0.370028695715743,name+round
2026,HOU,2,59,Marlin Klein,C-,1.7,-1.068116858899697,name+round
2026,TEN,2,60,Anthony Hill Jr.,B+,3.3,0.370028695715743,name+round
2026,LAR,2,61,Max Klare,B+,3.3,0.370028695715743,name+round
2026,BUF,2,62,Davison Igbinosun,D,1.0,-1.697305539043952,name+round
2026,LAC,2,63,Jake Slaughter,B+,3.3,0.370028695715743,name+round
2026,SEA,2,64,Bud Clark,B,3.0,0.10037640422534812,name+round
2026,ARI,3,65,Carson Beck,B,3.0,0.10037640422534812,name+round
2026,DEN,3,66,Tyler Onyedim,B,3.0,0.10037640422534812,name+round
2026,LVR,3,67,Keyron Crawford,B-,2.7,-0.16927588726504672,name+round
2026,PHI,3,68,Markel Bell,B+,3.3,0.370028695715743,surname+round
2026,CHI,3,69,Sam Roush,C,2.0,-0.7984645674093019,name+round
2026,SFO,3,70,Romello Height,B,3.0,0.10037640422534812,name+round
2026,WAS,3,71,Antonio Williams,A-,3.7,0.7295650843696033,name+round
2026,CIN,3,72,Tacario Davis,C,2.0,-0.7984645674093019,name+round
2026,NOR,3,73,Oscar Delp,B,3.0,0.10037640422534812,name+round
2026,NYG,3,74,Malachi Fields,B,3.0,0.10037640422534812,name+round
2026,MIA,3,75,Caleb Douglas,D,1.0,-1.697305539043952,name+round
2026,PIT,3,76,Drew Allar,C,2.0,-0.7984645674093019,name+round
2026,GNB,3,77,Chris McClellan,B,3.0,0.10037640422534812,name+round
2026,IND,3,78,A.J. Haulcy,B-,2.7,-0.16927588726504672,name+round
2026,ATL,3,79,Zachariah Branch,B-,2.7,-0.16927588726504672,surname+round
2026,BAL,3,80,Ja'Kobi Lane,C+,2.3,-0.528812275918907,name+round
2026,JAX,3,81,Albert Regis,MILLEN,-0.7,-3.225335190822857,name+round
2026,MIN,3,82,Domonique Orange,C-,1.7,-1.068116858899697,surname+round
2026,CAR,3,83,Chris Brazzell II,A-,3.7,0.7295650843696033,name+round
2026,TAM,3,84,Ted Hurst,B,3.0,0.10037640422534812,name+round
2026,PIT,3,85,Daylen Everette,B-,2.7,-0.16927588726504672,name+round
2026,CLE,3,86,Austin Barber,C,2.0,-0.7984645674093019,name+round
2026,MIA,3,87,Will Kacmarek,MILLEN,-0.7,-3.225335190822857,name+round
2026,JAX,3,88,Emmanuel Pregnon,A+,4.3,1.268869667350393,name+round
2026,CHI,3,89,Zavion Thomas,C,2.0,-0.7984645674093019,name+round
2026,SFO,3,90,Kaelon Black,B,3.0,0.10037640422534812,name+round
2026,LVR,3,91,Trey Zuhn III,C,2.0,-0.7984645674093019,name+round
2026,DAL,3,92,Jaishawn Barham,A,4.0,0.9992173758599981,name+round
2026,LAR,3,93,Keagen Trost,D-,0.7,-1.9669578305343471,surname+round
2026,MIA,3,94,Chris Bell,A+,4.3,1.268869667350393,name+round
2026,NWE,3,95,Eli Raridon,C,2.0,-0.7984645674093019,name+round
2026,PIT,3,96,Gennings Dunker,A+,4.3,1.268869667350393,name+round
2026,MIN,3,97,Caleb Tiernan,A,4.0,0.9992173758599981,name+round
2026,MIN,3,98,Jakobe Thomas,C,2.0,-0.7984645674093019,name+round
2026,SEA,3,99,Julian Neal,C+,2.3,-0.528812275918907,name+round
2026,JAX,3,100,Jalen Huskey,D,1.0,-1.697305539043952,name+round
2026,LVR,4,101,Jermod McCoy,A+,4.3,1.268869667350393,name+round
2026,BUF,4,102,Jude Bowry,B+,3.3,0.370028695715743,name+round
2026,NYJ,4,103,Darrell Jackson Jr.,B+,3.3,0.370028695715743,name+round
2026,ARI,4,104,Kaleb Proctor,B,3.0,0.10037640422534812,name+round
2026,LAC,4,105,Brenen Thompson,B+,3.3,0.370028695715743,name+round
2026,HOU,4,106,Febechi Nwaiwu,C,2.0,-0.7984645674093019,name+round
2026,SFO,4,107,Gracen Halton,A-,3.7,0.7295650843696033,surname+round
2026,DEN,4,108,Jonah Coleman,A,4.0,0.9992173758599981,name+round
2026,KAN,4,109,Jadon Canady,B-,2.7,-0.16927588726504672,name+round
2026,NYJ,4,110,Cade Klubnik,B,3.0,0.10037640422534812,name+round
2026,DEN,4,111,Kage Casey,B+,3.3,0.370028695715743,name+round
2026,DAL,4,112,Drew Shelton,A+,4.3,1.268869667350393,name+round
2026,IND,4,113,Jalen Farmer,B+,3.3,0.370028695715743,name+round
2026,DAL,4,114,Devin Moore,B+,3.3,0.370028695715743,name+round
2026,BAL,4,115,Elijah Sarratt,A+,4.3,1.268869667350393,name+round
2026,TAM,4,116,Keionte Scott,A-,3.7,0.7295650843696033,name+round
2026,LAC,4,117,Travis Burke,B,3.0,0.10037640422534812,name+round
2026,DET,4,118,Jimmy Rolder,B,3.0,0.10037640422534812,name+round
2026,JAX,4,119,Wesley Williams,C+,2.3,-0.528812275918907,name+round
2026,GNB,4,120,Dani Dennis-Sutton,A-,3.7,0.7295650843696033,name+round
2026,PIT,4,121,Kaden Wetjen,B,3.0,0.10037640422534812,name+round
2026,LVR,4,122,Mike Washington Jr.,B,3.0,0.10037640422534812,name+round
2026,HOU,4,123,Wade Woodaz,D,1.0,-1.697305539043952,name+round
2026,CHI,4,124,Malik Muhammad,B+,3.3,0.370028695715743,name+round
2026,BUF,4,125,Skyler Bell,A-,3.7,0.7295650843696033,name+round
2026,BUF,4,126,Kaleb Elarms-Orr,B+,3.3,0.370028695715743,name+round
2026,SFO,4,127,Carver Willis,C+,2.3,-0.528812275918907,name+round
2026,CIN,4,128,Connor Lew,A,4.0,0.9992173758599981,name+round
2026,CAR,4,129,Will Lee III,A-,3.7,0.7295650843696033,name+round
2026,MIA,4,130,Trey Moore,B-,2.7,-0.16927588726504672,name+round
2026,LAC,4,131,Genesis Smith,B,3.0,0.10037640422534812,name+round
2026,NOR,4,132,Jeremiah Wright,C+,2.3,-0.528812275918907,name+round
2026,BAL,4,133,Matthew Hibner,B-,2.7,-0.16927588726504672,surname+round
2026,ATL,4,134,Kendal Daniels,C-,1.7,-1.068116858899697,name+round
2026,IND,4,135,Bryce Boettcher,C+,2.3,-0.528812275918907,name+round
2026,NOR,4,136,Bryce Lance,B+,3.3,0.370028695715743,name+round
2026,DAL,4,137,LT Overton,A,4.0,0.9992173758599981,compact+round
2026,MIA,4,138,Kyle Louis,B-,2.7,-0.16927588726504672,name+round
2026,SFO,4,139,Ephesians Prysock,C,2.0,-0.7984645674093019,name+round
2026,CIN,4,140,Colbie Young,D,1.0,-1.697305539043952,name+round
2026,HOU,5,141,Kamari Ramsey,A,4.0,0.9992173758599981,name+round
2026,TEN,5,142,Fernando Carmona,A-,3.7,0.7295650843696033,name+round
2026,ARI,5,143,Reggie Virgil,C-,1.7,-1.068116858899697,name+round
2026,CAR,5,144,Sam Hecht,B-,2.7,-0.16927588726504672,name+round
2026,LAC,5,145,Nick Barrett,B,3.0,0.10037640422534812,name+round
2026,CLE,5,146,Parker Brailsford,D,1.0,-1.697305539043952,name+round
2026,WAS,5,147,Joshua Josephs,A,4.0,0.9992173758599981,name+round
2026,SEA,5,148,Beau Stephens,B+,3.3,0.370028695715743,name+round
2026,CLE,5,149,Justin Jefferson,D,1.0,-1.697305539043952,name+round
2026,LVR,5,150,Dalton Johnson,B,3.0,0.10037640422534812,name+round
2026,CAR,5,151,Zakee Wheatley,A,4.0,0.9992173758599981,name+round
2026,DEN,5,152,Justin Joly,A+,4.3,1.268869667350393,name+round
2026,GNB,5,153,Jager Burton,B,3.0,0.10037640422534812,name+round
2026,SFO,5,154,Jaden Dugger,MILLEN,-0.7,-3.225335190822857,name+round
2026,TAM,5,155,DeMonte Capehart,A,4.0,0.9992173758599981,name+round
2026,IND,5,156,George Gumbs Jr.,B+,3.3,0.370028695715743,name+round
2026,DET,5,157,Keith Abney II,A,4.0,0.9992173758599981,name+round
2026,MIA,5,158,Michael Taaffe,B,3.0,0.10037640422534812,name+round
2026,MIN,5,159,Max Bredeson,B,3.0,0.10037640422534812,name+round
2026,TAM,5,160,Billy Schrauth,A,4.0,0.9992173758599981,name+round
2026,KAN,5,161,Emmett Johnson,A,4.0,0.9992173758599981,name+round
2026,BAL,5,162,Chandler Rivers,B+,3.3,0.370028695715743,name+round
2026,MIN,5,163,Charles Demmings,B+,3.3,0.370028695715743,name+round
2026,JAX,5,164,Tanner Koziol,B,3.0,0.10037640422534812,name+round
2026,TEN,5,165,Nicholas Singleton,A,4.0,0.9992173758599981,name+round
2026,CHI,5,166,Keyshaun Elliott,B,3.0,0.10037640422534812,name+round
2026,BUF,5,167,Jalon Kilgore,A+,4.3,1.268869667350393,name+round
2026,DET,5,168,Kendrick Law,C,2.0,-0.7984645674093019,name+round
2026,PIT,5,169,Riley Nowakowski,B-,2.7,-0.16927588726504672,name+round
2026,CLE,5,170,Joe Royer,B+,3.3,0.370028695715743,name+round
2026,NWE,5,171,Karon Prunty,B,3.0,0.10037640422534812,name+round
2026,NOR,5,172,Lorenzo Styles Jr.,B,3.0,0.10037640422534812,name+round
2026,BAL,5,173,Josh Cuevas,A-,3.7,0.7295650843696033,name+round
2026,BAL,5,174,Adam Randall,B,3.0,0.10037640422534812,name+round
2026,LVR,5,175,Hezekiah Masses,D,1.0,-1.697305539043952,name+round
2026,KAN,5,176,Cyrus Allen,B,3.0,0.10037640422534812,name+round
2026,MIA,5,177,Kevin Coleman Jr.,B,3.0,0.10037640422534812,name+round
2026,PHI,5,178,Cole Payton,C-,1.7,-1.068116858899697,name+round
2026,SFO,5,179,Enrique Cruz Jr.,D,1.0,-1.697305539043952,name+round
2026,MIA,5,180,Seydou Traore,D,1.0,-1.697305539043952,name+round
2026,BUF,5,181,Zane Durant,B,3.0,0.10037640422534812,name+round
2026,CLE,6,182,Taylen Green,A-,3.7,0.7295650843696033,name+round
2026,ARI,6,183,Karson Sharar,C-,1.7,-1.068116858899697,name+round
2026,TEN,6,184,Jackie Marshall,C-,1.7,-1.068116858899697,name+round
2026,TAM,6,185,Bauer Sharp,C,2.0,-0.7984645674093019,name+round
2026,NYG,6,186,Bobby Jamison-Travis,B,3.0,0.10037640422534812,name+round
2026,WAS,6,187,Kaytron Allen,A,4.0,0.9992173758599981,name+round
2026,NYJ,6,188,Anez Cooper,B+,3.3,0.370028695715743,name+round
2026,CIN,6,189,Brian Parker II,B,3.0,0.10037640422534812,name+round
2026,NOR,6,190,Barion Brown,B,3.0,0.10037640422534812,name+round
2026,JAX,6,191,Josh Cameron,B,3.0,0.10037640422534812,name+round
2026,NYG,6,192,J.C. Davis,B+,3.3,0.370028695715743,name+round
2026,NYG,6,193,Jack Kelly,A-,3.7,0.7295650843696033,name+round
2026,TEN,6,194,Pat Coogan,A-,3.7,0.7295650843696033,name+round
2026,LVR,6,195,Malik Benson,A,4.0,0.9992173758599981,name+round
2026,NWE,6,196,Dametrious Crownover,B,3.0,0.10037640422534812,name+round
2026,LAR,6,197,CJ Daniels,A-,3.7,0.7295650843696033,compact+round
2026,MIN,6,198,Demond Claiborne,A,4.0,0.9992173758599981,name+round
2026,SEA,6,199,Emmanuel Henderson Jr.,C-,1.7,-1.068116858899697,name+round
2026,MIA,6,200,DJ Campbell,B,3.0,0.10037640422534812,compact+round
2026,GNB,6,201,Domani Jackson,B,3.0,0.10037640422534812,name+round
2026,LAC,6,202,Logan Taylor,A,4.0,0.9992173758599981,name+round
2026,JAX,6,203,CJ Williams,B,3.0,0.10037640422534812,compact+round
2026,HOU,6,204,Lewis Bond,C,2.0,-0.7984645674093019,name+round
2026,DET,6,205,Skyler Gill-Howard,B+,3.3,0.370028695715743,name+round
2026,LAC,6,206,Alex Harkey,B+,3.3,0.370028695715743,name+round
2026,PHI,6,207,Micah Morris,C+,2.3,-0.528812275918907,name+round
2026,ATL,6,208,Anterio Thompson,B,3.0,0.10037640422534812,name+round
2026,WAS,6,209,Matt Gulbin,B,3.0,0.10037640422534812,name+round
2026,PIT,6,210,Gabriel Rubio,C,2.0,-0.7984645674093019,name+round
2026,BAL,6,211,Ryan Eckley,C,2.0,-0.7984645674093019,name+round
2026,NWE,6,212,Namdi Obiazor,C,2.0,-0.7984645674093019,name+round
2026,CHI,6,213,Jordan van den Berg,C,2.0,-0.7984645674093019,name+round
2026,IND,6,214,Caden Curry,A,4.0,0.9992173758599981,name+round
2026,ATL,6,215,Harold Perkins Jr.,A,4.0,0.9992173758599981,name+round
2026,GNB,6,216,Trey Smack,C+,2.3,-0.528812275918907,name+round
2026,ARI,7,217,Jayden Williams,B,3.0,0.10037640422534812,name+round
2026,DAL,7,218,Anthony Smith,C,2.0,-0.7984645674093019,name+round
2026,NOR,7,219,TJ Hall,B,3.0,0.10037640422534812,compact+round
2026,BUF,7,220,Toriano Pride Jr.,B,3.0,0.10037640422534812,name+round
2026,CIN,7,221,Jack Endries,A,4.0,0.9992173758599981,name+round
2026,DET,7,222,Tyre West,B+,3.3,0.370028695715743,name+round
2026,WAS,7,223,Athan Kaliakmanis,B-,2.7,-0.16927588726504672,name+round
2026,PIT,7,224,Robert Spears-Jennings,B,3.0,0.10037640422534812,name+round
2026,TEN,7,225,Jaren Kanak,B,3.0,0.10037640422534812,name+round
2026,CIN,7,226,Landon Robinson,B+,3.3,0.370028695715743,name+round
2026,CAR,7,227,Jackson Kuwatch,B,3.0,0.10037640422534812,name+round
2026,NYJ,7,228,VJ Payne,A-,3.7,0.7295650843696033,surname+round
2026,LVR,7,229,Brandon Cleveland,B,3.0,0.10037640422534812,name+round
2026,PIT,7,230,Eli Heidenreich,B+,3.3,0.370028695715743,name+round
2026,ATL,7,231,Ethan Onianwa,B,3.0,0.10037640422534812,name+round
2026,LAR,7,232,Tim Keenan III,A-,3.7,0.7295650843696033,name+round
2026,JAX,7,233,Zach Durfee,B,3.0,0.10037640422534812,name+round
2026,NWE,7,234,Behren Morton,C-,1.7,-1.068116858899697,name+round
2026,MIN,7,235,Gavin Gerhardt,B,3.0,0.10037640422534812,name+round
2026,SEA,7,236,Andre Fuller,A-,3.7,0.7295650843696033,name+round
2026,IND,7,237,Seth McGowan,A-,3.7,0.7295650843696033,name+round
2026,MIA,7,238,Max Llewellyn,A,4.0,0.9992173758599981,name+round
2026,BUF,7,239,Tommy Doman,C+,2.3,-0.528812275918907,name+round
2026,JAX,7,240,Parker Hughes,C,2.0,-0.7984645674093019,name+round
2026,BUF,7,241,Ar'maj Reed-Adams,B+,3.3,0.370028695715743,name+round
2026,SEA,7,242,Deven Eastern,B+,3.3,0.370028695715743,name+round
2026,HOU,7,243,Aiden Fisher,A-,3.7,0.7295650843696033,surname+round
2026,PHI,7,244,Cole Wisniewski,B,3.0,0.10037640422534812,name+round
2026,NWE,7,245,Jam Miller,B-,2.7,-0.16927588726504672,name+round
2026,DEN,7,246,Miles Scott,B+,3.3,0.370028695715743,name+round
2026,NWE,7,247,Quintayvious Hutchins,C+,2.3,-0.528812275918907,name+round
2026,CLE,7,248,Carsen Ryan,C,2.0,-0.7984645674093019,name+round
2026,KAN,7,249,Garrett Nussmeier,A+,4.3,1.268869667350393,name+round
2026,BAL,7,250,Rayshaun Benny,A,4.0,0.9992173758599981,name+round
2026,PHI,7,251,Uar Bernard,A-,3.7,0.7295650843696033,name+round
2026,PHI,7,252,Keyshawn James-Newby,B+,3.3,0.370028695715743,surname+round
2026,BAL,7,253,Evan Beerntsen,C,2.0,-0.7984645674093019,fuzzy
2026,IND,7,254,Deion Burks,A+,4.3,1.268869667350393,name+round
2026,SEA,7,255,Michael Dansby,C,2.0,-0.7984645674093019,name+round
2026,DEN,7,256,Dallen Bentley,C,2.0,-0.7984645674093019,name+round
2026,DEN,7,257,Red Murdock,B+,3.3,0.370028695715743,name+round
