season,team,round,pick,pfr_player_name,n_comments,sent_mean,sent_z
2021,ARI,1,16,Zaven Collins,632,0.17656582278481014,-0.31951261650677687
2021,ARI,2,49,Rondale Moore,393,0.22538091603053434,0.19834235994550456
2021,ARI,4,136,Marco Wilson,192,0.2285734375,0.23221022786232673
2021,ARI,6,210,Victor Dimukeje,19,0.3335157894736842,1.345491297236079
2021,ARI,6,223,Tay Gowan,84,0.23072023809523812,0.2549845646048291
2021,ARI,7,243,James Wiggins,8,0.04534999999999999,-1.7115158331419624
2021,ATL,1,4,Kyle Pitts,639,0.14556150234741785,-1.520120554547771
2021,ATL,2,40,Richie Grant,141,0.287068085106383,-0.20318964694306885
2021,ATL,3,68,Jalen Mayfield,67,0.40364776119402984,0.8817590221932456
2021,ATL,4,108,Darren Hall,96,0.27369375,-0.3276578867016357
2021,ATL,4,114,Drew Dalman,66,0.3569181818181818,0.4468702263536564
2021,ATL,5,148,Ta'Quon Graham,20,0.26492499999999997,-0.40926425207990774
2021,ATL,5,183,Avery Williams,16,0.495825,1.739606426847295
2021,ATL,6,187,Frank Darby,77,0.24357012987012985,-0.6080033351218143
2021,BAL,1,27,Rashod Bateman,382,0.20926230366492146,-0.26140062301499617
2021,BAL,1,31,Odafe Oweh,50,0.26256599999999997,0.5247029075278004
2021,BAL,3,94,Ben Cleveland,173,0.1460826589595376,-1.1931510488978885
2021,BAL,3,104,Brandon Stephens,250,0.34704599999999997,1.7705832277740312
2021,BAL,4,131,Tylan Wallace,192,0.15518177083333332,-1.0589606557245825
2021,BAL,5,160,Shaun Wade,80,0.28092125,0.7953994599449368
2021,BAL,5,171,Daelin Hayes,50,0.22760000000000002,0.009037054334977946
2021,BAL,5,184,Ben Mason,180,0.1872377777777778,-0.5862103219442805
2021,BUF,1,30,Gregory Rousseau,411,0.28808856447688563,0.967859324577922
2021,BUF,2,61,Boogie Basham,206,0.19048689320388348,0.09631682374685
2021,BUF,3,93,Spencer Brown,282,0.16927872340425532,-0.09306334878643331
2021,BUF,5,161,Tommy Doyle,88,0.18092954545454545,0.010973666707341742
2021,BUF,6,203,Marquez Stevenson,60,0.223985,0.3954410435415311
2021,BUF,6,213,Rachad Wildgoose,7,-0.05461428571428571,-2.0923351905560454
2021,BUF,7,236,Jack Anderson,18,0.25975,0.7148076807688333
2021,CAR,1,8,Jaycee Horn,1514,0.16575072655217965,-0.5276802962278573
2021,CAR,2,59,Terrace Marshall Jr.,228,0.22041184210526316,-0.03451814044590989
2021,CAR,3,70,Brady Christensen,195,0.17764615384615384,-0.4203576682703896
2021,CAR,3,83,Tommy Tremble,124,0.21759354838709677,-0.05994527985962884
2021,CAR,4,126,Chuba Hubbard,9,0.4325777777777778,1.8796800818376973
2021,CAR,5,158,Daviyon Nixon,5,0.40318000000000004,1.6144481831215423
2021,CAR,5,166,Keith Taylor,53,0.08180188679245283,-1.285081428136602
2021,CAR,6,193,Deonte Brown,133,0.12491503759398498,-0.8961070324130521
2021,CAR,6,204,Shi Smith,117,0.20082905982905983,-0.21119743112306755
2021,CAR,6,222,Thomas Fletcher,96,0.14661770833333335,-0.7003017368250248
2021,CAR,7,232,Phil Hoskins,24,0.2952916666666667,0.6410607483422941
2021,CHI,1,11,Justin Fields,1596,0.1945935463659148,0.3145935525675532
2021,CHI,2,39,Teven Jenkins,946,0.16079492600422832,-0.5990135942459192
2021,CHI,5,151,Larry Borom,81,0.11591481481481483,-1.8121634179266362
2021,CHI,6,217,Khalil Herbert,155,0.2051193548387097,0.5991156349433252
2021,CHI,6,221,Dazz Newsome,51,0.1741470588235294,-0.2380934194465859
2021,CHI,6,228,Thomas Graham,103,0.19988252427184466,0.45755938852438405
2021,CHI,7,250,Khyiris Tonga,55,0.23023454545454547,1.2780018555838795
2021,CIN,1,5,Ja'Marr Chase,450,0.19019777777777777,0.045545635284662246
2021,CIN,2,46,Jackson Carman,264,0.16907386363636365,-0.28272428930835386
2021,CIN,3,69,Joseph Ossai,81,0.23318641975308643,0.7135978800115967
2021,CIN,4,111,Cameron Sample,61,0.21595409836065574,0.44580409869881454
2021,CIN,4,122,Tyler Shelvin,112,0.05960089285714286,-1.9839565335832545
2021,CIN,4,139,D'Ante Smith,60,0.28454833333333335,1.511772469487179
2021,CIN,6,190,Trey Hill,62,0.22781129032258066,0.6300672747924397
2021,CIN,6,202,Chris Evans,69,0.14839710144927537,-0.6040453815332064
2021,CIN,7,235,Wyatt Hubert,61,0.1566327868852459,-0.4760611538498771
2021,CLE,1,26,Greg Newsome II,436,0.19243646788990826,-0.09797962405443117
2021,CLE,2,52,Jeremiah Owusu-Koramoah,537,0.18796275605214155,-0.1443229809479947
2021,CLE,3,91,Anthony Schwartz,299,0.15516688963210704,-0.4840566511648989
2021,CLE,4,110,James Hudson,158,0.27419430379746834,0.7489530139227408
2021,CLE,4,132,Tommy Togiai,111,0.20157117117117118,-0.003352873465215159
2021,CLE,5,153,Tony Fields,69,0.3966449275362319,2.017423841627604
2021,CLE,5,169,Richard LeCounte,153,0.11547647058823529,-0.8952112631980841
2021,CLE,6,211,Demetric Felton,70,0.09170571428571428,-1.1414534627197204
2021,DAL,1,12,Micah Parsons,1363,0.12511885546588408,-0.5620258220514229
2021,DAL,2,44,Kelvin Joseph,528,0.1430912878787879,-0.41547506744429713
2021,DAL,3,75,Osa Odighizuwa,237,0.23076582278481012,0.29944036276097785
2021,DAL,3,84,Chauncey Golston,164,0.19409512195121953,0.00042024374379007624
2021,DAL,3,99,Nahshon Wright,260,0.1785123076923077,-0.12664509366187926
2021,DAL,4,115,Jabril Cox,256,0.19728125,0.0264005595461442
2021,DAL,4,138,Josh Ball,149,-0.061606711409395984,-2.084622880776114
2021,DAL,5,179,Simi Fehoko,122,0.31617704918032785,0.9959003294817989
2021,DAL,6,192,Quinton Bohanna,34,0.13943235294117648,-0.4453107437649011
2021,DAL,6,227,Israel Mukuamu,124,0.24093709677419356,0.382378934692385
2021,DAL,7,238,Matt Farniok,4,0.43067500000000003,1.929539177473518
2021,DEN,1,9,Patrick Surtain II,990,0.13529737373737374,-1.4380290806038798
2021,DEN,2,35,Javonte Williams,234,0.15712735042735043,-1.0788780338932187
2021,DEN,3,98,Quinn Meinerz,131,0.1973832061068702,-0.4165808217220644
2021,DEN,3,105,Baron Browning,64,0.296559375,1.2150849089644722
2021,DEN,5,152,Caden Sterns,42,0.2797095238095238,0.9378678611443046
2021,DEN,5,164,Jamar Johnson,108,0.2993166666666667,1.2604484108240326
2021,DEN,6,219,Seth Williams,123,0.19166666666666665,-0.5106304468164684
2021,DEN,7,237,Kary Vincent Jr.,40,0.2762025,0.8801696194137946
2021,DEN,7,239,Jonathon Cooper,13,0.21853076923076925,-0.06865697648885045
2021,DEN,7,253,Marquiss Spencer,11,0.1752454545454545,-0.7807954408221233
2021,DET,1,7,Penei Sewell,604,0.2735273178807947,0.5947721089194206
2021,DET,2,41,Levi Onwuzurike,498,0.21172630522088354,-0.09397773575166879
2021,DET,3,72,Alim McNeill,51,0.032733333333333337,-2.0887894108156364
2021,DET,3,101,Ifeatu Melifonwu,188,0.230443085106383,0.11461397956245463
2021,DET,4,112,Amon-Ra St. Brown,273,0.2769575091575091,0.6330003451140306
2021,DET,4,113,Derrick Barnes,175,0.30305885714285713,0.9238903903879317
2021,DET,7,257,Jermar Jefferson,218,0.21266559633027524,-0.08350967741653215
2021,GNB,1,29,Eric Stokes,1436,0.2162277158774373,-0.9041281887309649
2021,GNB,2,62,Josh Myers,350,0.24531685714285714,-0.21615690614043798
2021,GNB,3,85,Amari Rodgers,691,0.21318842257597684,-0.9760088431544145
2021,GNB,4,142,Royce Newman,137,0.26032846715328467,0.13887442663044927
2021,GNB,5,173,Tedarrell Slaton,75,0.29573466666666665,0.9762469797980453
2021,GNB,5,178,Shemar Jean-Charles,77,0.24936623376623376,-0.12038732656236227
2021,GNB,6,214,Cole Van Lanen,73,0.2032082191780822,-1.2120451451378655
2021,GNB,6,220,Isaiah McDuffie,38,0.2727184210526316,0.431902412489357
2021,GNB,7,256,Kylin Hill,97,0.334019587628866,1.8817025908081941
2021,HOU,3,67,Davis Mills,564,0.11108563829787234,-0.3191746706365432
2021,HOU,3,89,Nico Collins,144,0.15237916666666668,0.13648774250953183
2021,HOU,5,147,Brevin Jordan,59,0.21750508474576272,0.8551338394291722
2021,HOU,5,170,Garret Wallow,1,0.0,-1.544973288778664
2021,HOU,6,195,Roy Lopez,16,0.21908125,0.8725263774765023
2021,IND,1,21,Kwity Paye,492,0.21480162601626016,0.09511958568191022
2021,IND,2,54,Dayo Odeyingbo,415,0.1669787951807229,-0.6358844557441757
2021,IND,4,127,Kylen Granson,99,0.16963737373737375,-0.5952462995454352
2021,IND,5,165,Shawn Davis,41,0.3461731707317073,2.1032217502241473
2021,IND,6,218,Sam Ehlinger,206,0.20752184466019416,-0.016156754488819664
2021,IND,7,229,Mike Strachan,42,0.1498595238095238,-0.8975639995932833
2021,IND,7,248,Will Fries,39,0.20507948717948718,-0.05348982653434402
2021,JAX,1,1,Trevor Lawrence,296,0.18801858108108108,-0.2966590280685748
2021,JAX,1,25,Travis Etienne,695,0.1529463309352518,-0.7422788927727353
2021,JAX,2,33,Tyson Campbell,371,0.19885283018867925,-0.15900157519844008
2021,JAX,2,45,Walker Little,186,0.15351236559139786,-0.7350869878952073
2021,JAX,3,65,Andre Cisco,133,0.2423766917293233,0.39400250097289874
2021,JAX,4,106,Jay Tufele,87,0.40816781609195396,2.5005060215749775
2021,JAX,4,121,Jordan Smith,54,0.20404999999999998,-0.09296754263606959
2021,JAX,5,145,Luke Farrell,131,0.1748206106870229,-0.4643493746222051
2021,JAX,6,209,Jalen Camp,61,0.17955737704918032,-0.4041651213546451
2021,KAN,2,58,Nick Bolton,345,0.16002028985507247,-1.5944533258041493
2021,KAN,2,63,Creed Humphrey,282,0.2919755319148936,1.0254209926939821
2021,KAN,4,144,Joshua Kaindoh,66,0.2736878787878788,0.662333084815735
2021,KAN,5,162,Noah Gray,88,0.24168295454545455,0.026898843785786507
2021,KAN,5,181,Cornell Powell,183,0.27218907103825135,0.6325753588601809
2021,KAN,6,226,Trey Smith,122,0.20241311475409837,-0.7527749543515325
2021,LAC,1,13,Rashawn Slater,399,0.22680877192982457,-0.4168606301986725
2021,LAC,2,47,Asante Samuel Jr.,210,0.17562809523809525,-1.562120345171996
2021,LAC,3,77,Josh Palmer,219,0.22976255707762555,-0.35076437365953905
2021,LAC,3,97,Tre' McKitty,144,0.20497708333333334,-0.9053839377352516
2021,LAC,4,118,Chris Rumph,67,0.2962432835820895,1.1368614806509327
2021,LAC,5,159,Brenden Jaimes,52,0.23511923076923077,-0.23089916315824324
2021,LAC,6,185,Nick Niemann,54,0.31282037037037036,1.507803619704411
2021,LAC,6,198,Larry Rountree,83,0.28583614457831324,0.9039830230068072
2021,LAC,7,241,Mark Webb,70,0.24174571428571429,-0.08261967343845011
2021,LAR,2,57,Tutu Atwell,384,0.12050442708333332,-1.3404584412699034
2021,LAR,3,103,Ernest Jones,107,0.24255794392523367,0.2535322152023776
2021,LAR,4,117,Bobby Brown,47,0.2726297872340426,0.6462635227257042
2021,LAR,4,130,Robert Rochell,37,0.2516918918918919,0.37281945978392034
2021,LAR,4,141,Jacob Harris,118,0.17963389830508475,-0.568241244352049
2021,LAR,5,174,Earnest Brown IV,38,0.2654078947368421,0.5519472796509868
2021,LAR,7,233,Jake Funk,148,0.27427635135135137,0.6677672686740694
2021,LAR,7,249,Ben Skowronek,21,0.08802380952380953,-1.7646477825192393
2021,LAR,7,252,Chris Garrett,17,0.3135764705882353,1.1810177221041351
2021,LVR,1,17,Alex Leatherwood,685,0.16960306569343067,-0.10680561101601678
2021,LVR,2,43,Tre'von Moehrig,23,-0.07334347826086958,-1.7854751694890283
2021,LVR,3,79,Malcolm Koonce,107,0.16403084112149535,-0.1453075942491788
2021,LVR,3,80,Divine Deablo,75,0.17464133333333334,-0.07199307004760028
2021,LVR,4,143,Tyree Gillespie,137,0.20334087591240876,0.1263100121261323
2021,LVR,5,167,Nate Hobbs,111,0.23751711711711712,0.3624550290487302
2021,LVR,7,230,Jimmy Morrissey,35,0.41963428571428574,1.6208164036269619
2021,MIA,1,6,Jaylen Waddle,952,0.15088508403361348,-0.5310582112919302
2021,MIA,1,18,Jaelan Phillips,374,0.12187459893048128,-1.2427187826148198
2021,MIA,2,36,Jevon Holland,334,0.24438473053892215,1.7625956732917514
2021,MIA,2,42,Liam Eichenberg,351,0.18400740740740743,0.281470482797046
2021,MIA,3,81,Hunter Long,377,0.16940344827586207,-0.07678143412831363
2021,MIA,7,231,Larnel Coleman,94,0.14030212765957448,-0.7906703050800707
2021,MIA,7,244,Gerrid Doaks,174,0.1968764367816092,0.5971625770263383
2021,MIN,1,23,Christian Darrisaw,534,0.2407544943820225,0.4395502329232212
2021,MIN,3,66,Kellen Mond,917,0.17527808069792802,-1.0203228382761271
2021,MIN,3,78,Chazz Surratt,150,0.28466933333333333,1.4186828274539522
2021,MIN,3,86,Wyatt Davis,336,0.19411815476190475,-0.6002613957221623
2021,MIN,3,90,Patrick Jones II,118,0.208064406779661,-0.28931342805991195
2021,MIN,4,119,Kene Nwangwu,133,0.2084097744360902,-0.2816130530253719
2021,MIN,4,125,Camryn Bynum,68,0.2962382352941177,1.6766250006062537
2021,MIN,4,134,Janarius Robinson,30,0.14408666666666664,-1.7157718226472651
2021,MIN,5,157,Ihmir Smith-Marsette,290,0.23249724137931035,0.2554451388522592
2021,MIN,5,168,Zach Davidson,38,0.2437894736842105,0.5072186390807187
2021,MIN,6,199,Jaylen Twyman,164,0.2035378048780488,-0.39023930118556116
2021,NOR,1,28,Payton Turner,444,0.12219684684684685,-1.0449358646697418
2021,NOR,2,60,Pete Werner,131,0.2975465648854962,1.5085157939779152
2021,NOR,3,76,Paulson Adebo,86,0.23470465116279068,0.5934085977834678
2021,NOR,4,133,Ian Book,257,0.16480466926070036,-0.4244785521005889
2021,NOR,6,206,Landon Young,31,0.21830645161290324,0.3546171682456899
2021,NOR,7,255,Kawaan Baker,39,0.12616666666666668,-0.9871271432367422
2021,NWE,1,15,Mac Jones,1885,0.1812589920424403,-0.6235460810699609
2021,NWE,2,38,Christian Barmore,488,0.25172151639344265,0.638341773993362
2021,NWE,3,96,Ronnie Perkins,258,0.11078720930232558,-1.8855997412741865
2021,NWE,4,120,Rhamondre Stevenson,283,0.22908904593639576,0.23302504906934707
2021,NWE,5,177,Cameron McGrone,157,0.2663522292993631,0.90035791799256
2021,NWE,6,188,Joshuah Bledsoe,72,0.2829069444444444,1.1968303219834884
2021,NWE,6,197,William Sherman,103,0.18369320388349517,-0.5799526619131753
2021,NWE,7,242,Tre Nixon,171,0.22280818713450293,0.12054342121856469
2021,NYG,1,20,Kadarius Toney,1338,0.21696113602391628,0.2178569836067119
2021,NYG,2,50,Azeez Ojulari,323,0.16488390092879257,-1.4259750951548429
2021,NYG,3,71,Aaron Robinson,270,0.18797851851851852,-0.6969872145314123
2021,NYG,4,116,Elerson Smith,203,0.23054975369458128,0.6467853933478198
2021,NYG,6,196,Gary Brightwell,69,0.2052144927536232,-0.15292900359490863
2021,NYG,6,201,Rodarius Williams,126,0.254768253968254,1.4112489363266294
2021,NYJ,1,2,Zach Wilson,320,0.20690124999999998,-0.10241907823579674
2021,NYJ,1,14,Alijah Vera-Tucker,475,0.18159073684210528,-0.4778032124067151
2021,NYJ,2,34,Elijah Moore,625,0.21888432,0.07530368576341684
2021,NYJ,5,146,Jamien Sherwood,120,0.18656833333333334,-0.4039797092064636
2021,NYJ,5,175,Jason Pinnock,46,0.13702608695652174,-1.1387484254717422
2021,NYJ,6,186,Hamsah Nasirildeen,100,0.353893,2.0776382939635964
2021,NYJ,6,200,Brandin Echols,76,0.2599592105263158,0.6844917381825343
2021,NYJ,6,207,Jonathan Marshall,74,0.16563243243243245,-0.7144832925888296
2021,PHI,1,10,DeVonta Smith,1494,0.14558038821954483,-1.107424939482071
2021,PHI,2,37,Landon Dickerson,1047,0.1886683858643744,-0.25638412190861726
2021,PHI,3,73,Milton Williams,1038,0.13510394990366087,-1.3143474496228418
2021,PHI,4,123,Zech McPhearson,304,0.1995328947368421,-0.041796742156741784
2021,PHI,5,150,Kenneth Gainwell,320,0.1912075,-0.20623350252483563
2021,PHI,6,189,Marlon Tuipulotu,62,0.19944193548387099,-0.04359329899961238
2021,PHI,6,191,Tarron Jackson,196,0.19493979591836733,-0.1325160790331329
2021,PHI,6,224,JaCoby Stevens,125,0.2917568,1.7797385350666304
2021,PHI,7,234,Patrick Johnson,61,0.2686098360655738,1.3225575986612201
2021,PIT,1,24,Najee Harris,943,0.2230662778366914,0.24702378896079066
2021,PIT,2,55,Pat Freiermuth,166,0.1780355421686747,-0.5219358847325652
2021,PIT,3,87,Kendrick Green,409,0.21798239608801956,0.16020974978152627
2021,PIT,4,128,Dan Moore,156,0.19525192307692307,-0.22794329391664292
2021,PIT,4,140,Buddy Johnson,53,0.16405283018867925,-0.7607092798810315
2021,PIT,5,156,Isaiahh Loudermilk,149,0.17469731543624162,-0.5789405439015999
2021,PIT,6,216,Quincy Roche,91,0.2754945054945055,1.1423054723268429
2021,PIT,7,245,Tre Norwood,71,0.3190591549295774,1.8862297746329124
2021,PIT,7,254,Pressley Harvin III,152,0.12976381578947369,-1.3462397832702333
2021,SEA,2,56,D'Wayne Eskridge,852,0.14170129107981222,-1.015217769322001
2021,SEA,4,137,Tre Brown,196,0.3319872448979592,0.9840536985058415
2021,SEA,6,208,Stone Forsythe,168,0.2412934523809524,0.031164070816159926
2021,SFO,1,3,Trey Lance,2176,0.19928157169117647,-0.104582008344897
2021,SFO,2,48,Aaron Banks,462,0.21061060606060605,0.1590417197678766
2021,SFO,3,88,Trey Sermon,478,0.17191987447698745,-0.7412816944683298
2021,SFO,3,102,Ambry Thomas,256,0.2685625,1.5075674487323916
2021,SFO,5,155,Jaylon Moore,103,0.21084174757281554,0.16442032355556704
2021,SFO,5,172,Deommodore Lenoir,141,0.19114964539007093,-0.293809850571286
2021,SFO,5,180,Talanoa Hufanga,111,0.24807207207207208,1.0307604389873566
2021,SFO,6,194,Elijah Mitchell,299,0.12976923076923078,-1.7221163776586783
2021,TAM,2,64,Kyle Trask,867,0.22504244521337946,-0.35300247785123107
2021,TAM,3,95,Robert Hainsey,134,0.17221194029850745,-0.7101630837130284
2021,TAM,4,129,Jaelon Darden,118,0.22748050847457627,-0.3365199522175737
2021,TAM,7,251,Chris Wilcox,22,0.22290454545454547,-0.3674557482556559
2021,TAM,7,259,Grant Stuard,28,0.53865,1.7671412620374891
2021,TEN,1,22,Caleb Farley,583,0.2194670668953688,0.17781265350319111
2021,TEN,2,53,Dillon Radunz,195,0.16012717948717947,-0.5463661397894388
2021,TEN,3,92,Monty Rice,208,0.21358173076923076,0.10598852642606468
2021,TEN,3,100,Elijah Molden,365,0.22169150684931507,0.20495952404778223
2021,TEN,4,109,Dez Fitzpatrick,21,0.21079047619047622,0.07192429980038312
2021,TEN,4,135,Rashad Weaver,303,0.04345346534653465,-1.9702419374317655
2021,TEN,6,205,Racey McMath,104,0.23266730769230767,0.33890723707970266
2021,TEN,6,215,Brady Breeze,61,0.3373967213114754,1.6170158363640819
2021,WAS,1,19,Jamin Davis,590,0.25812864406779656,0.503316021426347
2021,WAS,2,51,Samuel Cosmi,191,0.2547916230366492,0.42964402790745015
2021,WAS,3,74,Benjamin St-Juste,110,0.3153245454545454,1.766039881102841
2021,WAS,3,82,Dyami Brown,213,0.21384366197183097,-0.47437122822118793
2021,WAS,4,124,John Bates,174,0.20256206896551726,-0.723436918573822
2021,WAS,5,163,Darrick Forrest,72,0.23097499999999999,-0.09615969991465058
2021,WAS,6,225,Camaron Cheeseman,131,0.1661763358778626,-1.526731074407278
2021,WAS,7,246,Shaka Toney,35,0.27526285714285714,0.8815910226429993
2021,WAS,7,258,Dax Milne,37,0.2009108108108108,-0.7598920319627037
2022,ARI,2,55,Trey McBride,275,0.1914,-1.2718424972781255
2022,ARI,3,87,Cameron Thomas,71,0.2578352112676056,-0.10624780237016379
2022,ARI,3,100,Myjai Sanders,101,0.31249306930693066,0.852715195565462
2022,ARI,6,201,Keaontay Ingram,43,0.2713627906976744,0.1310913212328446
2022,ARI,6,215,Lecitus Smith,32,0.1789375,-1.4904949800222207
2022,ARI,7,244,Christian Matthew,28,0.31692857142857145,0.9305353400881069
2022,ARI,7,256,Jesse Luketa,35,0.24912285714285715,-0.25910460156149884
2022,ARI,7,257,Marquis Hayes,25,0.333048,1.2133480243455963
2022,ATL,1,8,Drake London,562,0.12366298932384341,-1.3078616731327746
2022,ATL,2,38,Arnold Ebiketie,121,0.22176611570247934,0.8921145421597828
2022,ATL,2,58,Troy Andersen,234,0.20391153846153845,0.49172317122047954
2022,ATL,3,74,Desmond Ridder,505,0.16629940594059406,-0.3517341171145132
2022,ATL,3,82,DeAngelo Malone,56,0.2356035714285714,1.2024214059805447
2022,ATL,5,151,Tyler Allgeier,91,0.2219021978021978,0.8951662021196523
2022,ATL,6,190,Justin Shaffer,90,0.12652555555555556,-1.2436682283677176
2022,ATL,6,213,John FitzPatrick,42,0.15620238095238095,-0.5781613028654543
2022,BAL,1,14,Kyle Hamilton,290,0.3006003448275862,1.12665704740093
2022,BAL,1,25,Tyler Linderbaum,184,0.25806684782608696,0.5495265890942383
2022,BAL,2,45,David Ojabo,218,0.19445642201834862,-0.31359346421832707
2022,BAL,3,76,Travis Jones,112,0.23565714285714284,0.24545275997107463
2022,BAL,4,110,Daniel Faalele,113,0.11081592920353982,-1.4484984063044832
2022,BAL,4,119,Jalyn Armour-Davis,75,0.254384,0.49955459516981554
2022,BAL,4,128,Charlie Kolar,103,0.25251650485436894,0.474214841675162
2022,BAL,4,130,Jordan Stout,225,0.231128,0.18399751934538158
2022,BAL,4,139,Isaiah Likely,115,0.0657008695652174,-2.0606576897201165
2022,BAL,4,141,Damarion Williams,58,0.3006258620689655,1.1270032869121431
2022,BAL,6,196,Tyler Badie,98,0.18929285714285712,-0.38365707932581994
2022,BUF,1,23,Kaiir Elam,578,0.2168174740484429,0.2054545228381721
2022,BUF,2,63,James Cook,201,0.18731293532338308,-0.08373330658324975
2022,BUF,3,89,Terrel Bernard,223,0.2909134529147982,0.9317039821804107
2022,BUF,5,148,Khalil Shakir,170,0.33041470588235294,1.318874298976831
2022,BUF,6,180,Matt Araiza,143,0.13924335664335663,-0.5548858044825683
2022,BUF,6,185,Christian Benford,46,0.26925217391304346,0.7193916218557002
2022,BUF,6,209,Luke Tenuta,14,0.026921428571428575,-1.6558057299976585
2022,BUF,7,231,Baylon Spector,7,0.10597142857142858,-0.880999584787637
2022,CAR,1,6,Ikem Ekwonu,57,0.21358070175438595,-0.267340162041719
2022,CAR,3,94,Matt Corral,820,0.22019963414634147,-0.14686921512164763
2022,CAR,4,120,Brandon Smith,148,0.27991013513513513,0.9399194343491464
2022,CAR,6,189,Amare Barno,85,0.17469882352941177,-0.9750278086909769
2022,CAR,6,199,Cade Mays,51,0.3075862745098039,1.4436518371170741
2022,CAR,7,242,Kalon Barnes,42,0.17363809523809526,-0.9943340856118771
2022,CHI,2,39,Kyler Gordon,211,0.15240331753554504,-0.12131376584563935
2022,CHI,2,48,Jaquan Brisker,649,0.08903420647149461,-1.0067812009935684
2022,CHI,3,71,Velus Jones Jr.,782,0.1553602301790281,-0.07999631937341342
2022,CHI,5,168,Braxton Jones,119,0.22461344537815126,0.8876907099764914
2022,CHI,5,174,Dominique Robinson,114,0.2083078947368421,0.6598504600092572
2022,CHI,6,186,Zachary Thomas,111,0.20202702702702705,0.5720868204673974
2022,CHI,6,203,Trestan Ebner,82,0.1393390243902439,-0.30386337004788366
2022,CHI,6,207,Doug Kramer,115,0.017003478260869564,-2.013278895052005
2022,CHI,7,226,Ja'Tyre Carter,73,0.23905068493150686,1.0894247293318342
2022,CHI,7,254,Elijah Hicks,64,0.2445375,1.1660929354065412
2022,CHI,7,255,Trenton Gill,61,0.10026065573770492,-0.8499121038790127
2022,CIN,1,31,Daxton Hill,381,0.2996165354330709,-0.15660767059298789
2022,CIN,2,60,Cam Taylor-Britt,99,0.22967676767676767,-0.5974440325677387
2022,CIN,3,95,Zachary Carter,119,0.28849831932773107,-0.22668674143870657
2022,CIN,4,136,Cordell Volson,149,0.23355973154362414,-0.5729693778804539
2022,CIN,5,166,Tycen Anderson,128,0.252375,-0.45437512511158473
2022,CIN,7,252,Jeff Gunter,8,0.64305,2.008082947591472
2022,CLE,3,68,Martin Emerson,72,0.08427638888888889,-1.674337949072809
2022,CLE,3,78,Alex Wright,101,0.18141782178217822,-0.3051609661214936
2022,CLE,3,99,David Bell,347,0.25952622478386167,0.7957516350182233
2022,CLE,4,108,Perrion Winfrey,143,0.2566062937062937,0.7545961537355655
2022,CLE,4,124,Cade York,328,0.20930548780487807,0.08790663942287377
2022,CLE,5,156,Jerome Ford,143,0.16697272727272727,-0.5087598870950275
2022,CLE,6,202,Michael Woods II,90,0.22205555555555556,0.26761470811560395
2022,CLE,7,223,Isaiah Thomas,41,0.1313170731707317,-1.0113147646018679
2022,CLE,7,246,Dawson Deaton,5,0.31614,1.5937044305989339
2022,DAL,1,24,Tyler Smith,1484,0.15303470350404313,-0.8088027171981843
2022,DAL,2,56,Sam Williams,371,0.13835606469002695,-0.932562952686973
2022,DAL,3,88,Jalen Tolbert,273,0.2312087912087912,-0.14969231697342839
2022,DAL,4,129,Jake Ferguson,123,0.2267,-0.18770735834340557
2022,DAL,5,155,Matt Waletzko,59,0.19003898305084746,-0.496807960134437
2022,DAL,5,167,DaRon Bland,9,0.5307444444444445,2.3757872899186645
2022,DAL,5,176,Damone Clark,109,0.21758899082568808,-0.26452515154890816
2022,DAL,5,178,John Ridgeway,58,0.22691206896551724,-0.18591933797960894
2022,DAL,6,193,Devin Harper,25,0.32608400000000004,0.6502305049462811
2022,DEN,2,64,Nik Bonitto,191,0.19837958115183246,-0.6801824990942081
2022,DEN,3,80,Greg Dulcich,124,0.22769516129032258,-0.3743336848965478
2022,DEN,4,115,Damarri Mathis,58,0.31574655172413796,0.5443045690767775
2022,DEN,4,116,Eyioma Uwazurike,82,0.1917451219512195,-0.7493996685912584
2022,DEN,5,152,Delarrin Turner-Yell,33,0.3464515151515152,0.8646487891086289
2022,DEN,5,162,Montrell Washington,92,0.18670978260869564,-0.8019332551591642
2022,DEN,5,171,Luke Wattenberg,21,0.28612857142857145,0.23530082057394308
2022,DEN,6,206,Matt Henningsen,27,0.4555111111111111,2.0024651974328727
2022,DEN,7,232,Faion Hicks,26,0.16380769230769232,-1.040870268451045
2022,DET,1,2,Aidan Hutchinson,294,0.231828231292517,0.09268931880155376
2022,DET,1,12,Jameson Williams,957,0.1919241379310345,-0.5523209369196368
2022,DET,2,46,Josh Paschal,441,0.22941315192743764,0.05365194625068567
2022,DET,3,97,Kerby Joseph,245,0.30417755102040817,1.2621446124277895
2022,DET,5,177,James Mitchell,125,0.2206696,-0.08767893460756165
2022,DET,6,188,Malcolm Rodriguez,215,0.25359116279069766,0.44446561111631144
2022,DET,6,217,James Houston,129,0.09946124031007751,-2.04689235090853
2022,DET,7,237,Chase Lucas,44,0.2776863636363636,0.8339407338393866
2022,GNB,1,22,Quay Walker,727,0.22470495185694636,-0.31508934798296107
2022,GNB,1,28,Devonte Wyatt,455,0.21912373626373627,-0.3771954384290568
2022,GNB,2,34,Christian Watson,1120,0.19143,-0.6853630159865972
2022,GNB,3,92,Sean Rhyan,162,0.3122944444444445,0.6595802124233243
2022,GNB,4,132,Romeo Doubs,242,0.17783181818181817,-0.8366794981755094
2022,GNB,4,140,Zach Tom,192,0.24374062500000002,-0.10326609582924295
2022,GNB,5,179,Kingsley Enagbare,115,0.16925478260869567,-0.9321221733718902
2022,GNB,7,228,Tariq Carpenter,19,0.4921894736842105,2.6613980548231226
2022,GNB,7,234,Jonathan Ford,38,0.22485263157894736,-0.31344601240158587
2022,GNB,7,249,Rasheed Walker,71,0.27991690140845066,0.2992926401850995
2022,GNB,7,258,Samori Toure,192,0.24788854166666666,-0.057109325254698896
2022,HOU,1,3,Derek Stingley Jr.,314,0.15888726114649682,-0.6625675158085449
2022,HOU,1,15,Kenyon Green,56,0.2638375,0.6037822525908164
2022,HOU,2,37,Jalen Pitre,121,0.2534892561983471,0.47891835247282405
2022,HOU,2,44,John Metchie,83,0.25853373493975906,0.5397860032344335
2022,HOU,4,107,Dameon Pierce,85,0.16444,-0.5955671007744139
2022,HOU,5,150,Thomas Booker,51,0.20291176470588235,-0.1313593880772205
2022,HOU,5,170,Teagan Quitoriano,66,0.06952878787878788,-1.7407840416902916
2022,HOU,6,205,Austin Deculus,12,0.33875833333333333,1.5077914380523976
2022,IND,2,53,Alec Pierce,355,0.18919323943661973,-0.3645409472076612
2022,IND,3,73,Jelani Woods,206,0.2129606796116505,0.05224017036778137
2022,IND,3,77,Bernhard Raimann,57,0.115,-1.6655788806668432
2022,IND,3,96,Nick Cross,117,0.22336581196581198,0.2347025078829407
2022,IND,5,159,Eric Johnson,53,0.23486415094339624,0.4363350999520459
2022,IND,6,192,Andrew Ogletree,60,0.16561833333333334,-0.7779458254825301
2022,IND,6,216,Curtis Brooks,44,0.3110659090909091,1.7725940192150194
2022,IND,7,239,Rodney Thomas II,33,0.22778484848484848,0.3121938559392461
2022,JAX,1,1,Travon Walker,922,0.06864555314533623,-1.2363397921359767
2022,JAX,1,27,Devin Lloyd,316,0.2737844936708861,1.0011951482661312
2022,JAX,3,65,Luke Fortner,75,0.31874399999999997,1.4915870068615624
2022,JAX,3,70,Chad Muma,245,0.20108448979591836,0.2082262540090768
2022,JAX,5,154,Snoop Conner,136,0.16015073529411764,-0.23825507081873507
2022,JAX,6,197,Gregory Junior,46,0.16636739130434783,-0.17044744248783636
2022,JAX,7,222,Montaric Brown,34,0.08518235294117647,-1.055966103694223
2022,KAN,1,21,Trent McDuffie,370,0.25595243243243243,0.12911009695819223
2022,KAN,1,30,George Karlaftis III,395,0.2564172151898734,0.1356264249395154
2022,KAN,2,54,Skyy Moore,267,0.2704426966292135,0.33226589938538725
2022,KAN,2,62,Bryan Cook,108,0.22325648148148147,-0.32929232147640186
2022,KAN,3,103,Leo Chenal,245,0.13264244897959182,-1.5997154299918925
2022,KAN,4,135,Joshua Williams,96,0.35431666666666667,1.5081922630674616
2022,KAN,5,145,Darian Kinnard,252,0.16789166666666666,-1.105515806927783
2022,KAN,7,243,Jaylen Watson,39,0.2566102564102564,0.1383328934687189
2022,KAN,7,251,Isiah Pacheco,142,0.19750211267605636,-0.6903726571844528
2022,KAN,7,259,Nazeeh Johnson,29,0.35240344827586206,1.4813686377612563
2022,LAC,1,17,Zion Johnson,388,0.2767541237113402,0.7731513846654133
2022,LAC,3,79,JT Woods,387,0.2621744186046512,0.49843313157601005
2022,LAC,4,123,Isaiah Spiller,176,0.2809534090909091,0.8522764654031412
2022,LAC,5,160,Otito Ogbonnia,62,0.2966935483870968,1.148860212412447
2022,LAC,6,195,Jamaree Salyer,161,0.2166981366459627,-0.3584542090986849
2022,LAC,6,214,Ja'Sir Taylor,57,0.23051052631578947,-0.09819410552882357
2022,LAC,7,236,Deane Leonard,61,0.16345081967213113,-1.3617673621224413
2022,LAC,7,260,Zander Horvath,63,0.15853968253968254,-1.4543055173070607
2022,LAR,3,104,Logan Bruss,127,0.20850629921259842,0.16940053396105426
2022,LAR,4,142,Cobie Durant,50,0.40070999999999996,1.8262941792070373
2022,LAR,5,164,Kyren Williams,81,0.1952320987654321,0.05497017556249783
2022,LAR,6,211,Quentin Lake,42,0.15925,-0.2552138143545455
2022,LAR,6,212,Derion Kendrick,29,0.17565862068965518,-0.1137631594682818
2022,LAR,7,235,Daniel Hardy,23,0.16381304347826087,-0.21587805905358867
2022,LAR,7,253,Russ Yeast,15,0.23180666666666666,0.37026155072807654
2022,LAR,7,261,AJ Arcuri,3,-0.02413333333333334,-1.8360714065822508
2022,LVR,3,90,Dylan Parham,210,0.21741428571428573,0.1692892871548439
2022,LVR,4,122,Zamir White,67,0.16580298507462687,-0.3521690457228191
2022,LVR,4,126,Neil Farrell,60,0.19771999999999998,-0.029693285818649443
2022,LVR,5,175,Matthew Butler,16,0.3392125,1.3998859390846126
2022,LVR,7,238,Thayer Munford,59,0.24527966101694917,0.45082902690656296
2022,LVR,7,250,Brittain Brown,46,0.03852391304347826,-1.6381419216045505
2022,MIA,3,102,Channing Tindall,177,0.344135593220339,1.0515815761838403
2022,MIA,4,125,Erik Ezukanma,246,0.26643943089430894,-0.35233726363535245
2022,MIA,7,224,Cameron Goode,33,0.31492424242424244,0.5237515715676679
2022,MIA,7,247,Skylar Thompson,107,0.21825514018691589,-1.2229958841161568
2022,MIN,1,32,Lewis Cine,1112,0.2021713129496403,0.4790241823017558
2022,MIN,2,42,Andrew Booth,232,0.1542155172413793,0.1258191886593824
2022,MIN,2,59,Ed Ingram,698,-0.09890200573065902,-1.7384470959830678
2022,MIN,3,66,Brian Asamoah,126,0.2229642857142857,0.6321690046256504
2022,MIN,4,118,Akayleb Evans,203,0.21575714285714287,0.5790868107126779
2022,MIN,5,165,Esezi Otomewo,53,-0.01474528301886793,-1.1186143047348411
2022,MIN,5,169,Ty Chandler,95,0.1526336842105263,0.11416864012079393
2022,MIN,6,184,Vederian Lowe,29,0.2518206896551724,0.8447027728585255
2022,MIN,6,191,Jalen Nailor,106,0.3094443396226415,1.2691136416558544
2022,MIN,7,227,Nick Muse,9,-0.024033333333333344,-1.1870228402167302
2022,NOR,1,11,Chris Olave,320,0.196854375,-1.0995391095506202
2022,NOR,1,19,Trevor Penning,192,0.19750156249999998,-1.0895059813852812
2022,NOR,2,49,Alontae Taylor,164,0.3134573170731707,0.7081167278624454
2022,NOR,5,161,D'Marco Jackson,52,0.3190730769230769,0.7951759468984684
2022,NOR,6,194,Jordan Jackson,34,0.3120147058823529,0.6857524161749858
2022,NWE,1,29,Cole Strange,1767,0.13589207696661007,-0.6061786881280331
2022,NWE,2,50,Tyquan Thornton,1012,0.19462371541501977,0.6074030959163318
2022,NWE,3,85,Marcus Jones,555,0.20022954954954955,0.7232373952780867
2022,NWE,4,121,Jack Jones,139,0.13800359712230217,-0.5625479898317242
2022,NWE,4,127,Pierre Strong,250,0.221916,1.1713481907970225
2022,NWE,4,137,Bailey Zappe,436,0.1102922018348624,-1.1351532400807982
2022,NWE,6,183,Kevin Harris,254,0.13902125984251967,-0.5415198528312242
2022,NWE,6,200,Sam Roberts,142,0.2307295774647887,1.3534646334180964
2022,NWE,6,210,Chasen Hines,40,0.19071,0.526533332002394
2022,NWE,7,245,Andrew Stueber,34,0.09086470588235294,-1.5365868765401518
2022,NYG,1,5,Kayvon Thibodeaux,340,0.22862676470588233,-0.4610469172141787
2022,NYG,1,7,Evan Neal,422,0.23644928909952606,-0.31910440939931084
2022,NYG,2,43,Wan'Dale Robinson,504,0.19815198412698412,-1.0140227294713458
2022,NYG,3,67,Joshua Ezeudu,99,0.2579686868686869,0.07137277319692904
2022,NYG,3,81,Cordale Flott,130,0.1820030769230769,-1.3070504365954985
2022,NYG,4,112,Daniel Bellinger,83,0.3414024096385542,1.585307565897402
2022,NYG,4,114,Dane Belton,63,0.23299365079365078,-0.3818082045623686
2022,NYG,5,146,Micah McFadden,17,0.29478823529411763,0.7394766712638058
2022,NYG,5,147,DJ Davidson,40,0.3429975,1.6142510520025923
2022,NYG,5,173,Marcus McKethan,15,0.27834000000000003,0.44101754869805715
2022,NYG,6,182,Darrian Beavers,27,0.20066666666666666,-0.9683929138160776
2022,NYJ,1,4,Sauce Gardner,434,0.19896129032258064,-0.4358414673196981
2022,NYJ,1,10,Garrett Wilson,337,0.18187982195845698,-0.9651255057626961
2022,NYJ,1,26,Jermaine Johnson II,374,0.18683395721925133,-0.8116173493249624
2022,NYJ,2,36,Breece Hall,528,0.2287534090909091,0.4872930430946996
2022,NYJ,3,101,Jeremy Ruckert,274,0.2687609489051095,1.7269611904481061
2022,NYJ,4,111,Max Mitchell,112,0.2129732142857143,-0.001669911135448295
2022,PHI,1,13,Jordan Davis,1091,0.16522153987167734,0.36023567311491916
2022,PHI,2,51,Cam Jurgens,678,0.2010750737463127,1.5703710828440092
2022,PHI,3,83,Nakobe Dean,745,0.13179248322147652,-0.7680683124195935
2022,PHI,6,181,Kyron Johnson,268,0.12953059701492536,-0.8444119331320218
2022,PHI,6,198,Grant Calcaterra,155,0.14512322580645162,-0.3181265104073102
2022,PIT,1,20,Kenny Pickett,1325,0.22100249056603774,-0.13142382215329
2022,PIT,2,52,George Pickens,503,0.18535506958250497,-0.4356811711171152
2022,PIT,3,84,DeMarvin Leal,119,0.2813705882352941,0.3838290868109238
2022,PIT,4,138,Calvin Austin III,339,0.13943628318584073,-0.8276065287226246
2022,PIT,6,208,Connor Heyward,81,0.20335185185185184,-0.28207529691712424
2022,PIT,7,225,Mark Robinson,13,0.4787692307692308,2.068663108721735
2022,PIT,7,241,Chris Oladokun,216,0.14551712962962962,-0.7757053766225055
2022,SEA,1,9,Charles Cross,700,0.2128972857142857,-0.32093322802973095
2022,SEA,2,40,Boye Mafe,84,0.3363238095238095,1.520085522679564
2022,SEA,2,41,Kenneth Walker III,489,0.26339386503067486,0.43226913479155926
2022,SEA,3,72,Abraham Lucas,67,0.13001044776119403,-1.5572657289282938
2022,SEA,4,109,Coby Bryant,376,0.24608989361702127,0.17416467838284905
2022,SEA,5,153,Riq Woolen,216,0.1691777777777778,-0.9730494134220014
2022,SEA,5,158,Tyreke Smith,91,0.1818835164835165,-0.7835317759085572
2022,SEA,7,229,Bo Melton,201,0.2614641791044776,0.40348611584668936
2022,SEA,7,233,Dareke Young,61,0.30848032786885243,1.1047746945879207
2022,SFO,2,61,Drake Jackson,444,0.21126351351351352,0.1912929954173766
2022,SFO,3,93,Tyrion Davis-Price,475,0.09652442105263158,-1.7535913423455938
2022,SFO,3,105,Danny Gray,239,0.2174937238493724,0.296898140475605
2022,SFO,4,134,Spencer Burford,172,0.23522732558139534,0.5974914563282322
2022,SFO,5,172,Samuel Womack,123,0.17815447154471545,-0.3699216332010767
2022,SFO,6,187,Nick Zakelj,108,0.1846277777777778,-0.2601958925123167
2022,SFO,6,220,Kalia Davis,86,0.31280697674418606,1.9125048945517151
2022,SFO,6,221,Tariq Castro-Fields,130,0.15572846153846154,-0.7500535889645311
2022,SFO,7,262,Brock Purdy,195,0.20797641025641025,0.13557497025058898
2022,TAM,2,33,Logan Hall,125,0.31467680000000003,1.0389905665409929
2022,TAM,2,57,Luke Goedeke,135,0.26846888888888887,0.40245869836303827
2022,TAM,3,91,Rachaad White,169,0.3161497041420118,1.0592803914349895
2022,TAM,4,106,Cade Otton,82,0.20835121951219515,-0.42568547605842383
2022,TAM,4,133,Jake Camarda,193,0.131179792746114,-1.4887517620728103
2022,TAM,6,218,Ko Kieft,86,0.27099534883720927,0.4372616624467028
2022,TAM,7,248,Andre Anthony,28,0.16494999999999999,-1.0235540806544898
2022,TEN,1,18,Treylon Burks,395,0.0930673417721519,-1.2788425134866523
2022,TEN,2,35,Roger McCreary,418,0.13200693779904307,-0.8386422747202242
2022,TEN,3,69,Nicholas Petit-Frere,189,0.15002804232804232,-0.634919192667142
2022,TEN,3,86,Malik Willis,723,0.16486569847856156,-0.46718402213064913
2022,TEN,4,131,Hassan Haskins,128,0.1814359375,-0.27986253146555096
2022,TEN,4,143,Chig Okonkwo,15,0.35046,1.630902865750921
2022,TEN,5,163,Kyle Philips,56,0.18486785714285717,-0.24106572820211636
2022,TEN,6,204,Theo Jackson,58,0.29102758620689656,0.9590375817833615
2022,TEN,6,219,Chance Campbell,24,0.30797083333333336,1.1505758151380523
2022,WAS,1,16,Jahan Dotson,593,0.08504013490725126,-1.907106653536795
2022,WAS,2,47,Phidarian Mathis,58,0.14849655172413792,-0.7653294934034682
2022,WAS,3,98,Brian Robinson Jr.,431,0.19508538283062646,0.0729476414085619
2022,WAS,4,113,Percy Butler,157,0.19883503184713375,0.14041542197862883
2022,WAS,5,144,Sam Howell,437,0.18935972540045767,-0.03007464078835368
2022,WAS,5,149,Cole Turner,98,0.20049489795918365,0.1702815460159626
2022,WAS,7,230,Chris Paul,31,0.26268387096774193,1.2892534728144527
2022,WAS,7,240,Christian Holmes,13,0.24825384615384616,1.029612705511013
2023,ARI,1,6,Paris Johnson,301,0.20452591362126246,0.5000117098862711
2023,ARI,2,41,BJ Ojulari,80,0.20778375000000002,0.5800538096233986
2023,ARI,3,72,Garrett Williams,74,0.14296891891891894,-1.0123880968198382
2023,ARI,3,94,Michael Wilson,62,0.22893548387096774,1.0997328221001523
2023,ARI,4,122,Jon Gaines,34,0.13426176470588236,-1.2263150179184648
2023,ARI,5,139,Clayton Tune,158,0.20442278481012657,0.4974779280669677
2023,ARI,5,168,Owen Pappoe,41,0.1968829268292683,0.3122304219471242
2023,ARI,6,180,Kei'Trel Clark,46,0.21914565217391305,0.859205492299447
2023,ARI,6,213,Dante Stills,29,0.1186448275862069,-1.6100090691850617
2023,ATL,1,8,Bijan Robinson,1259,0.20389952343129467,-0.8722089243545246
2023,ATL,2,38,Matthew Bergeron,255,0.2540729411764706,-0.518032674015231
2023,ATL,3,75,Zach Harrison,115,0.2664713043478261,-0.4305121108222305
2023,ATL,4,113,Clark Phillips,85,0.3303847058823529,0.020655258658091563
2023,ATL,7,224,DeMarcco Hellams,15,0.3075733333333333,-0.14037117242017108
2023,ATL,7,225,Jovaughn Gwyn,2,0.6023499999999999,1.940469622954066
2023,BAL,1,22,Zay Flowers,577,0.22944904679376082,-0.357733924020414
2023,BAL,3,86,Trenton Simpson,136,0.22794926470588237,-0.3790747239269144
2023,BAL,4,124,Tavius Robinson,104,0.2663894230769231,0.16790055654932923
2023,BAL,5,157,Kyu Blu Kelly,108,0.21443055555555557,-0.5714360471504785
2023,BAL,6,199,Malaesala Aumavae-Laulu,2,0.39055,1.9346145677422426
2023,BAL,7,229,Andrew Vorhees,37,0.19877027027027028,-0.7942704291937647
2023,BUF,1,25,Dalton Kincaid,692,0.22167239884393064,0.020033549616240792
2023,BUF,2,59,O'Cyrus Torrence,344,0.20616220930232557,-0.3421402493191725
2023,BUF,3,91,Dorian Williams,250,0.2260636,0.12257117498291567
2023,BUF,5,150,Justin Shorter,144,0.26805069444444446,1.1029992645567825
2023,BUF,7,230,Nick Broeker,42,0.256,0.8216071013567788
2023,BUF,7,252,Alex Austin,37,0.14693783783783784,-1.7250708411935447
2023,CAR,1,1,Bryce Young,919,0.18782480957562567,-0.6504318905162949
2023,CAR,2,39,Jonathan Mingo,488,0.23467745901639345,0.5332255630199949
2023,CAR,3,80,DJ Johnson,672,0.15740431547619047,-1.4189571502580018
2023,CAR,4,114,Chandler Zavala,216,0.2351550925925926,0.545292213450128
2023,CAR,5,145,Jammie Robinson,132,0.25279242424242426,0.9908712643041762
2023,CHI,1,10,Darnell Wright,1219,0.15427317473338803,-1.3857202523199823
2023,CHI,2,53,Gervon Dexter,502,0.22592290836653386,1.3313026754146111
2023,CHI,2,56,Tyrique Stevenson,246,0.1892028455284553,-0.06115543405643812
2023,CHI,3,64,Zacch Pickens,377,0.15291299734748012,-1.4372994132729027
2023,CHI,4,115,Roschon Johnson,552,0.21718641304347824,1.0000068436348948
2023,CHI,4,133,Tyler Scott,436,0.19085435779816515,0.0014714101020008288
2023,CHI,5,148,Noah Sewell,257,0.22570544747081714,1.3230563608843542
2023,CHI,5,165,Terell Smith,146,0.17430616438356164,-0.6260511031047278
2023,CHI,7,218,Travis Bell,124,0.18346532258064516,-0.2787275115385502
2023,CHI,7,258,Kendall Williamson,27,0.19432592592592593,0.133116424256739
2023,CIN,1,28,Myles Murphy,647,0.2308032457496136,0.3202614949693272
2023,CIN,2,60,DJ Turner,251,0.15958605577689244,-1.9557159394582806
2023,CIN,3,95,Jordan Battle,347,0.2142651296829971,-0.20826790909704368
2023,CIN,4,131,Charlie Jones,164,0.2545939024390244,1.0805694739285294
2023,CIN,5,163,Chase Brown,259,0.25005907335907335,0.9356442296313573
2023,CIN,6,206,Andrei Iosivas,106,0.2442254716981132,0.7492124742241258
2023,CIN,6,217,Brad Robbins,121,0.2061595041322314,-0.46730959345062334
2023,CIN,7,246,DJ Ivey,33,0.20656363636363637,-0.4543942307473931
2023,CLE,3,74,Cedric Tillman,116,0.24786293103448276,0.3011434318099591
2023,CLE,3,98,Siaki Ika,15,0.05226,-2.1944107083913345
2023,CLE,4,111,Dawand Jones,138,0.21758260869565216,-0.08518096210199559
2023,CLE,4,126,Isaiah McGuire,13,0.24664615384615385,0.28561946530302884
2023,CLE,5,140,Dorian Thompson-Robinson,54,0.26238703703703703,0.4864458333420048
2023,CLE,5,142,Cameron Mitchell,23,0.2603521739130435,0.46048450920964923
2023,CLE,6,190,Luke Wypler,52,0.2827230769230769,0.7458984308286899
2023,DAL,1,26,Mazi Smith,925,0.1981838918918919,0.011441176042213582
2023,DAL,2,58,Luke Schoonmaker,440,0.10453886363636364,-1.442709729394324
2023,DAL,3,90,DeMarvion Overshown,291,0.26641890034364263,1.071016907621167
2023,DAL,4,129,Viliami Fehoko,234,0.1710517094017094,-0.40987630839390304
2023,DAL,5,169,Asim Richards,47,0.3127127659574468,1.7898833317390608
2023,DAL,6,178,Eric Scott,151,0.16363112582781458,-0.5251055792250499
2023,DAL,6,212,Deuce Vaughn,361,0.1833551246537396,-0.21882481573075444
2023,DAL,7,244,Jalen Brooks,109,0.17968440366972477,-0.27582498265840927
2023,DEN,2,63,Marvin Mims,215,0.17019488372093025,-0.3805959365530438
2023,DEN,3,67,Drew Sanders,119,0.14396386554621848,-0.9158324297501858
2023,DEN,3,83,Riley Moss,264,0.15213863636363636,-0.7490285475728917
2023,DEN,6,183,JL Skinner,66,0.21807878787878787,0.5964615597033467
2023,DEN,7,257,Alex Forsyth,25,0.25986,1.4489953541727723
2023,DET,1,12,Jahmyr Gibbs,2015,0.184732952853598,-0.09414538946727787
2023,DET,1,18,Jack Campbell,1171,0.21447754056362084,0.9957146864089853
2023,DET,2,34,Sam LaPorta,759,0.18414216073781292,-0.11579237769968373
2023,DET,2,45,Brian Branch,540,0.19246888888888888,0.18930408768096546
2023,DET,3,68,Hendon Hooker,979,0.19085464759959142,0.13015728923858827
2023,DET,3,96,Brodric Martin,412,0.16910509708737864,-0.6667596827699855
2023,DET,5,152,Colby Sorsdal,185,0.13650324324324326,-1.8613117555930838
2023,DET,7,219,Antoine Green,142,0.22613450704225352,1.42283314220149
2023,GNB,1,13,Lukas Van Ness,897,0.13634593088071348,-0.8661088003052596
2023,GNB,2,42,Luke Musgrave,52,0.28136538461538463,0.3720118223853018
2023,GNB,2,50,Jayden Reed,599,0.15604223706176962,-0.6979492724241881
2023,GNB,3,78,Tucker Kraft,361,0.21608393351800553,-0.18533623541879776
2023,GNB,4,116,Colby Wooden,87,0.2291390804597701,-0.07387638472574631
2023,GNB,5,149,Sean Clifford,286,0.19001468531468532,-0.40790550448819907
2023,GNB,5,159,Dontayvion Wicks,108,0.1663861111111111,-0.6096372325620387
2023,GNB,6,179,Karl Brooks,61,0.15006229508196722,-0.7490037295815885
2023,GNB,6,207,Anders Carlson,74,0.26030540540540537,0.1922097758197667
2023,GNB,7,232,Carrington Valentine,11,0.5134909090909091,2.3538107569740223
2023,GNB,7,235,Lew Nichols,9,0.43135555555555555,1.652570527162092
2023,GNB,7,242,Anthony Johnson,41,0.24945609756097561,0.0995825355552734
2023,GNB,7,256,Grant Dubose,10,0.11125,-1.080368258390638
2023,HOU,1,2,C.J. Stroud,294,0.10411292517006804,-1.516164924870817
2023,HOU,1,3,Will Anderson,343,0.2134551020408163,-0.31577751331779286
2023,HOU,2,62,Juice Scruggs,130,0.11229384615384616,-1.4263526050059434
2023,HOU,3,69,Tank Dell,190,0.2959078947368421,0.5894111086052708
2023,HOU,4,109,Dylan Horton,53,0.35662830188679245,1.2560158393061647
2023,HOU,5,167,Henry To'oTo'o,70,0.25733428571428574,0.16593980033253347
2023,HOU,6,201,Jarrett Patterson,63,0.24955238095238094,0.08050798635706032
2023,HOU,6,205,Xavier Hutchinson,36,0.23330277777777775,-0.0978844661416975
2023,HOU,7,248,Brandon Hill,6,0.35738333333333333,1.2643047747352234
2023,IND,1,4,Anthony Richardson,821,0.172963215590743,-0.32158769481145155
2023,IND,2,44,Julius Brents,187,0.21414491978609623,0.06212233974898368
2023,IND,3,79,Josh Downs,218,0.21947522935779815,0.11178743520674628
2023,IND,4,106,Blake Freeland,76,0.22318947368421052,0.14639486213820402
2023,IND,4,110,Adetomiwa Adebawore,97,0.16942164948453609,-0.3545861944987001
2023,IND,5,138,Darius Rush,42,0.20018809523809522,-0.06792020546146146
2023,IND,5,158,Daniel Scott,19,0.5270578947368421,2.9776852281422053
2023,IND,5,162,Will Mallory,58,0.11117241379310346,-0.8973227489223154
2023,IND,5,176,Evan Hull,66,0.15718484848484848,-0.46860244094216585
2023,IND,6,211,Titus Leo,21,0.1988095238095238,-0.08076502820099385
2023,IND,7,221,Jaylon Jones,29,0.11266206896551724,-0.8834429047328047
2023,IND,7,236,Jake Witt,61,0.1834622950819672,-0.22376264766624468
2023,JAX,1,27,Anton Harrison,326,0.31664969325153375,0.8909470275424906
2023,JAX,2,61,Brenton Strange,248,0.15618266129032257,-0.809870461717095
2023,JAX,3,88,Tank Bigsby,293,0.1664976109215017,-0.7005405481571436
2023,JAX,4,121,Ventrell Miller,11,0.11543636363636366,-1.241747432490644
2023,JAX,4,130,Tyler Lacy,13,0.31646153846153846,0.8889527427750792
2023,JAX,5,136,Yasir Abdullah,28,0.20103928571428573,-0.3344274352151336
2023,JAX,5,160,Antonio Johnson,16,0.35635625,1.311803606807907
2023,JAX,6,185,Parker Washington,16,0.16245625,-0.7433756230737275
2023,JAX,6,202,Christian Braswell,10,0.11999,-1.1934826626351558
2023,JAX,6,208,Erick Hallett,24,0.3025333333333333,0.7413253168389365
2023,JAX,7,226,Cooper Hodges,5,0.18012,-0.5561545187837752
2023,JAX,7,227,Raymond Vohasek,1,0.3976,1.748953159992181
2023,JAX,7,240,Derek Parish,24,0.2323666666666667,-0.002383171883916951
2023,KAN,1,31,Felix Anudike-Uzomah,537,0.23161303538175046,-0.32839337911430944
2023,KAN,2,55,Rashee Rice,546,0.17384945054945056,-1.013735641144624
2023,KAN,3,92,Wanya Morris,138,0.27230289855072465,0.154375876756655
2023,KAN,4,119,Chamarri Conner,77,0.38213636363636366,1.4575068307470385
2023,KAN,5,166,BJ Thompson,153,0.14003006535947712,-1.4149893724333105
2023,KAN,6,194,Keondre Coburn,80,0.29315625,0.4017927068348321
2023,KAN,7,250,Nic Jones,25,0.321952,0.7434429783537175
2023,LAC,1,21,Quentin Johnston,923,0.1447626218851571,-1.2406500067755195
2023,LAC,2,54,Tuli Tuipulotu,163,0.22855889570552146,0.23076756567277001
2023,LAC,3,85,Daiyan Henley,197,0.27077969543147207,0.9721421376825105
2023,LAC,4,125,Derius Davis,316,0.20187658227848101,-0.23775953058313765
2023,LAC,5,156,Jordan McFadden,72,0.30575138888888886,1.5862262961479494
2023,LAC,6,200,Scott Matlock,88,0.17102386363636365,-0.7795167030456424
2023,LAC,7,239,Max Duggan,230,0.18516478260869565,-0.5312097590989285
2023,LAR,2,36,Steve Avila,76,0.30152368421052633,1.117749023917578
2023,LAR,3,77,Byron Young,32,0.28697812500000003,0.9655397023281372
2023,LAR,3,89,Kobie Turner,135,0.10835259259259258,-0.9036542360258063
2023,LAR,4,128,Stetson Bennett,85,0.21486588235294118,0.21093443946146417
2023,LAR,5,161,Nick Hampton,13,0.1555923076923077,-0.409322950212978
2023,LAR,5,174,Warren McClendon,2,0.37095,1.844247900572847
2023,LAR,5,175,Davis Allen,14,0.27184285714285716,0.8071594833714797
2023,LAR,5,177,Puka Nacua,40,0.208625,0.14562787714151895
2023,LAR,6,182,Tre'Vius Tomlinson,30,0.15289333333333335,-0.43756586959620025
2023,LAR,6,189,Ochaun Mathis,15,0.14616,-0.5080255943732687
2023,LAR,6,215,Zach Evans,22,0.1751318181818182,-0.20485534654423318
2023,LAR,7,223,Ethan Evans,38,0.13461842105263158,-0.6288003185501575
2023,LAR,7,234,Jason Taylor,12,0.2128833333333333,0.1901884209052339
2023,LAR,7,259,Desjuan Johnson,12,-0.014499999999999999,-2.189222532395614
2023,LVR,1,7,Tyree Wilson,902,0.16316685144124168,-0.2933323650116165
2023,LVR,2,35,Michael Mayer,478,0.17288138075313808,-0.10621297352681423
2023,LVR,3,70,Byron Young,193,0.16578134715025905,-0.24297245251314323
2023,LVR,3,100,Tre Tucker,375,0.11643626666666668,-1.1934478833249238
2023,LVR,4,104,Jakorian Bennett,199,0.19189346733668342,0.2599941743596851
2023,LVR,4,135,Aidan O'Connell,431,0.19150812064965198,0.2525717007355943
2023,LVR,5,170,Christopher Smith,118,0.21917966101694913,0.7855755786110732
2023,LVR,6,203,Amari Burney,103,0.2786543689320388,1.9311659408923973
2023,LVR,7,231,Nesta Jade Silvera,41,0.10605853658536585,-1.3933417202222527
2023,MIA,2,51,Cam Smith,361,0.12935429362880888,-0.6508205378866044
2023,MIA,3,84,De'Von Achane,329,0.17124772036474165,0.14263633150111593
2023,MIA,6,197,Elijah Higgins,149,0.11897046979865773,-0.8474890128833868
2023,MIA,7,238,Ryan Hayes,107,0.23529439252336448,1.3556732192688756
2023,MIN,1,23,Jordan Addison,997,0.22665907723169507,-0.48008248729178077
2023,MIN,3,102,Mekhi Blackmon,525,0.20473219047619046,-1.0358683784465679
2023,MIN,4,134,Jay Ward,132,0.2539090909090909,0.21062993825898668
2023,MIN,5,141,Jaquelin Roy,13,0.31859230769230773,1.850170456868789
2023,MIN,5,164,Jaren Hall,623,0.22693306581059391,-0.47313763514803986
2023,MIN,7,222,DeWayne McBride,154,0.24277012987012989,-0.07171189424138992
2023,NOR,1,29,Bryan Bresee,201,0.15554676616915422,-0.8689664353396167
2023,NOR,2,40,Isaiah Foskey,142,0.18547112676056338,-0.34626394141172673
2023,NOR,3,71,Kendre Miller,210,0.14356095238095237,-1.0783281271194902
2023,NOR,4,103,Nick Saldiveri,99,0.17000909090909092,-0.6163463940034568
2023,NOR,4,127,Jake Haener,173,0.29373352601156066,1.5448049057989663
2023,NOR,5,146,Jordan Howden,33,0.26517575757575756,1.0459733021357343
2023,NOR,6,195,A.T. Perry,98,0.22356428571428574,0.31912668993959037
2023,NWE,1,17,Christian Gonzalez,928,0.22337780172413793,1.0418155665508102
2023,NWE,2,46,Keion White,651,0.20502903225806454,0.49760118582783863
2023,NWE,3,76,Marte Mapu,689,0.20949114658925982,0.6299450354770761
2023,NWE,4,107,Jake Andrews,111,0.14367657657657656,-1.322078806134026
2023,NWE,4,112,Chad Ryland,391,0.18246624040920717,-0.17159877420822323
2023,NWE,4,117,Sidy Sow,110,0.2241909090909091,1.0659318825188562
2023,NWE,5,144,Atonio Mafi,20,0.12822,-1.780512341160552
2023,NWE,6,187,Kayshon Boutte,722,0.18323393351800557,-0.14882942008000763
2023,NWE,6,192,Bryce Baringer,119,0.23583613445378152,1.411322842983698
2023,NWE,6,210,DeMario Douglas,198,0.1642388888888889,-0.7122119656372774
2023,NWE,6,214,Ameer Speed,104,0.1970596153846154,0.2612326774912707
2023,NWE,7,245,Isaiah Bolden,134,0.16220223880597015,-0.7726178836294559
2023,NYG,1,24,Deonte Banks,483,0.2580432712215321,0.7273564042321392
2023,NYG,2,57,John Michael Schmitz,133,0.247709022556391,0.5347393826084095
2023,NYG,3,73,Jalin Hyatt,313,0.13798498402555912,-1.5103747023300176
2023,NYG,5,172,Eric Gray,268,0.2552436567164179,0.6751752128225823
2023,NYG,6,209,Tre Hawkins,50,0.270536,0.9602047018910083
2023,NYG,7,243,Jordon Riley,40,0.21029749999999997,-0.16256298379663134
2023,NYG,7,254,Gervarrius Owens,63,0.1533206349206349,-1.2245380154274914
2023,NYJ,1,15,Will McDonald,1067,0.18552230552952204,0.02597434698812882
2023,NYJ,2,43,Joe Tippmann,41,0.16504634146341463,-0.35076607974577656
2023,NYJ,4,120,Carter Warren,182,0.18014780219780221,-0.07291197026354262
2023,NYJ,5,143,Israel Abanikanda,173,0.20917976878612715,0.4612516689232544
2023,NYJ,6,184,Zaire Barnes,57,0.09488070175438597,-1.6417545265262559
2023,NYJ,6,204,Jarrick Bernard-Converse,28,0.2773642857142857,1.7157891315416403
2023,NYJ,7,220,Zack Kuntz,167,0.17663293413173653,-0.1375825709174487
2023,PHI,1,9,Jalen Carter,1402,0.131418544935806,-1.1679860391156438
2023,PHI,1,30,Nolan Smith,694,0.16859769452449566,-0.4119517102839108
2023,PHI,3,65,Tyler Steen,356,0.19941601123595507,0.21473571125302574
2023,PHI,3,66,Sydney Brown,476,0.22433151260504203,0.7213899667557984
2023,PHI,4,105,Kelee Ringo,471,0.2076836518046709,0.3828573643177478
2023,PHI,6,188,Tanner McKee,193,0.1282139896373057,-1.2331503540908002
2023,PHI,7,249,Moro Ojomo,197,0.2623309644670051,1.494105061163785
2023,PIT,1,14,Broderick Jones,685,0.16557664233576644,-0.38519833533844505
2023,PIT,2,32,Joey Porter Jr.,858,0.1566509324009324,-0.5809247668925971
2023,PIT,2,49,Keeanu Benton,260,0.1806726923076923,-0.05416629271772052
2023,PIT,3,93,Darnell Washington,582,0.13208487972508592,-1.1196187041501666
2023,PIT,4,132,Nick Herbig,159,0.26890754716981136,1.8806818489928332
2023,PIT,7,241,Cory Trice,218,0.2157830275229358,0.7157467643412481
2023,PIT,7,251,Spencer Anderson,29,0.16232413793103448,-0.45652051423515194
2023,SEA,1,5,Devon Witherspoon,1080,0.21086564814814815,-0.9427301283687459
2023,SEA,1,20,Jaxon Smith-Njigba,730,0.2145950684931507,-0.8514817229654381
2023,SEA,2,37,Derick Hall,352,0.27481392045454545,0.6219038727500762
2023,SEA,2,52,Zach Charbonnet,708,0.24978644067796613,0.00955197631217495
2023,SEA,4,108,Anthony Bradford,135,0.29584444444444447,1.1364615255085746
2023,SEA,4,123,Cameron Young,146,0.24019726027397256,-0.22506824346583018
2023,SEA,5,151,Mike Morris,284,0.22180739436619717,-0.6750164349894153
2023,SEA,5,154,Olusegun Oluwatimi,171,0.333840350877193,2.066114273954453
2023,SEA,6,198,Jerrick Reed,88,0.21072500000000002,-0.9461713921722864
2023,SEA,7,237,Kenny McIntosh,258,0.24148488372093024,-0.193563726563561
2023,SFO,3,87,Ji'Ayir Brown,289,0.23556262975778547,0.693448265532135
2023,SFO,3,99,Jake Moody,693,0.20806161616161617,0.17891081990764418
2023,SFO,3,101,Cameron Latu,317,0.14117854889589904,-1.0724555148672568
2023,SFO,5,155,Darrell Luter,82,0.2416792682926829,0.8078891226499557
2023,SFO,5,173,Robert Beal,203,0.13960295566502465,-1.1019344907429047
2023,SFO,6,216,Dee Winters,119,0.29079747899159664,1.7268792019896126
2023,SFO,7,247,Brayden Willis,55,0.15272727272727274,-0.8563816294579777
2023,SFO,7,253,Ronnie Bell,57,0.21969122807017544,0.3964981020675918
2023,SFO,7,255,Jalen Graham,36,0.15719166666666667,-0.7728538770788006
2023,TAM,1,19,Calijah Kancey,297,0.24415387205387207,-0.8734403646536815
2023,TAM,2,48,Cody Mauch,263,0.3315577946768061,1.0944460054107492
2023,TAM,3,82,YaYa Diaby,56,0.2208892857142857,-1.3972390797338483
2023,TAM,5,153,SirVocea Dennis,44,0.26938863636363636,-0.30528338443202513
2023,TAM,5,171,Payne Durham,53,0.24192264150943396,-0.9236761898329862
2023,TAM,6,181,Josh Hayes,23,0.30594347826086954,0.5177434657444917
2023,TAM,6,191,Trey Palmer,27,0.3343555555555555,1.1574371771427359
2023,TAM,6,196,Jose Ramirez,7,0.3153714285714286,0.7300123703545655
2023,TEN,1,11,Peter Skoronski,634,0.17738154574132492,1.3286583090055153
2023,TEN,2,33,Will Levis,1393,0.08937516152189519,-1.4062879668848904
2023,TEN,3,81,Tyjae Spears,257,0.10920933852140079,-0.7899075871967898
2023,TEN,5,147,Josh Whyle,262,0.14775458015267176,0.40795056806947694
2023,TEN,6,186,Jaelyn Duncan,74,0.12835000000000002,-0.19507936770704312
2023,TEN,7,228,Colton Dowell,308,0.1556935064935065,0.6546660447137337
2023,WAS,1,16,Emmanuel Forbes,438,0.22267831050228312,0.16673473012954224
2023,WAS,2,47,Quan Martin,32,0.3324375,1.5045850676448642
2023,WAS,3,97,Ricky Stromberg,163,0.1857717791411043,-0.28311749330638225
2023,WAS,5,137,K.J. Henry,55,0.18467636363636364,-0.2964694687486507
2023,WAS,6,193,Chris Rodriguez,76,0.2451092105263158,0.4401440665619033
2023,WAS,7,233,Andre Jones,23,0.0833217391304348,-1.531876902281277
2024,ARI,1,4,Marvin Harrison Jr.,105,0.10582571428571429,-1.472688255638538
2024,ARI,1,27,Darius Robinson,197,0.2574208121827411,0.29610602631043187
2024,ARI,2,43,Max Melton,248,0.18893225806451613,-0.5030105980645626
2024,ARI,3,66,Trey Benson,116,0.2921508620689655,0.7013322803432875
2024,ARI,3,71,Isaiah Adams,62,0.2896,0.6715691131682416
2024,ARI,3,82,Tip Reiman,172,0.23092383720930232,-0.013057650300002084
2024,ARI,3,90,Elijah Jones,31,0.3940451612903226,1.8902233218488491
2024,ARI,4,104,Dadrion Taylor-Demerson,52,0.2948923076923077,0.7333191546559085
2024,ARI,5,138,Xavier Thomas,25,0.159784,-0.843109142862562
2024,ARI,5,162,Christian Jones,86,0.28765348837209304,0.6488574378901415
2024,ARI,6,191,Tejhaun Palmer,17,0.15876470588235292,-0.8550021501690586
2024,ARI,7,226,Jaden Davis,18,0.12452222222222223,-1.2545395371821388
2024,ATL,1,8,Michael Penix,2051,0.1188282301316431,-0.6452096510414875
2024,ATL,2,35,Ruke Orhorhoro,402,0.10880000000000001,-0.7894666539743227
2024,ATL,3,74,Bralen Trice,152,0.18272763157894736,0.27398905311507965
2024,ATL,4,109,Brandon Dorlus,14,0.31955,2.242191272598777
2024,ATL,5,143,JD Bertrand,62,0.15021129032258065,-0.193761474586083
2024,ATL,6,186,Jase McClellan,75,0.17810800000000002,0.20753523250220599
2024,ATL,6,187,Casey Washington,50,0.14632199999999998,-0.24970926977087896
2024,ATL,6,197,Zion Logue,107,0.1049,-0.8455685088432913
2024,BAL,1,30,Nate Wiggins,388,0.23949974226804124,-0.12275213876907744
2024,BAL,2,62,Roger Rosengarten,171,0.20619298245614034,-0.4418568172894613
2024,BAL,3,93,Adisa Isaac,222,0.2076954954954955,-0.4274615731076841
2024,BAL,4,113,Devontez Walker,155,0.28056580645161294,0.2706927139696074
2024,BAL,4,130,T.J. Tampa,8,0.4687,2.073164695332943
2024,BAL,5,165,Rasheen Ali,93,0.2757978494623656,0.22501197555958785
2024,BAL,6,218,Devin Leary,116,0.10124999999999999,-1.447292256484341
2024,BAL,7,228,Nick Samac,20,0.32232500000000003,0.6707782854206968
2024,BAL,7,250,Sanoussi Kane,22,0.16878181818181817,-0.8002848846322723
2024,BUF,2,33,Keon Coleman,782,0.19953721227621485,-0.27608489883058207
2024,BUF,2,60,Cole Bishop,308,0.34171006493506495,1.2183893806029993
2024,BUF,3,95,DeWayne Carter,121,0.21488925619834712,-0.11470926101163365
2024,BUF,4,128,Ray Davis,226,0.23288495575221238,0.07445561555027644
2024,BUF,5,141,Sedrick Van Pran-Granger,49,0.3777938775510204,1.5976905541388848
2024,BUF,5,160,Edefuan Ulofoshio,37,0.1064972972972973,-1.2540898927257653
2024,BUF,5,168,Javon Solomon,27,0.3187962962962963,0.9775273789260573
2024,BUF,6,204,Tylan Grable,20,0.19374,-0.3370232881024695
2024,BUF,6,219,Daequan Hardy,18,0.09109444444444444,-1.4159996173180138
2024,BUF,7,221,Travis Clayton,111,0.18107477477477477,-0.4701559712297519
2024,CAR,1,32,Xavier Legette,1065,0.1435955868544601,-0.7015440588648713
2024,CAR,2,46,Jonathon Brooks,553,0.18973435804701627,0.12185677677196603
2024,CAR,3,72,Trevin Wallace,333,0.15965705705705704,-0.4149081636178789
2024,CAR,4,101,Ja'Tavion Sanders,260,0.24501307692307694,1.1083707679123633
2024,CAR,5,157,Chau Smith-Wade,129,0.15225891472868217,-0.5469367464754764
2024,CAR,6,200,Jaden Crumedy,117,0.11883333333333333,-1.1434557031185555
2024,CAR,7,240,Michael Barrett,51,0.27125098039215684,1.5766171273924487
2024,CHI,1,1,Caleb Williams,1019,0.11130019627085379,-1.6591597527877757
2024,CHI,1,9,Rome Odunze,684,0.17361301169590643,0.06139008602645446
2024,CHI,3,75,Kiran Amegadjie,404,0.20849430693069307,1.0245147095002145
2024,CHI,4,122,Tory Taylor,876,0.18616735159817352,0.40803414869514837
2024,CHI,5,144,Austin Booker,350,0.17737342857142857,0.16522080856595797
2024,CIN,1,18,Amarius Mims,758,0.2110571240105541,-0.24418717545766566
2024,CIN,2,49,Kris Jenkins,186,0.2720876344086022,1.1193822626209735
2024,CIN,3,80,Jermaine Burton,371,0.2032458221024259,-0.4187105816042024
2024,CIN,3,97,McKinnley Jackson,148,0.26806689189189187,1.0295491352489154
2024,CIN,4,115,Erick All,220,0.2190759090909091,-0.06502809265171967
2024,CIN,5,149,Josh Newton,65,0.18007076923076923,-0.9364974002878999
2024,CIN,6,194,Tanner McLachlan,76,0.22057894736842104,-0.03144657668354922
2024,CIN,6,214,Cedric Johnson,24,0.14603750000000001,-1.6968830745729249
2024,CIN,7,224,Daijahn Anthony,49,0.20600408163265307,-0.35708438229541833
2024,CIN,7,237,Matt Lee,53,0.29363962264150945,1.6009058856834917
2024,CLE,2,54,Michael Hall,112,0.32694464285714286,1.200949382464788
2024,CLE,3,85,Zak Zinter,232,0.20262198275862067,-0.7455568364522828
2024,CLE,5,156,Jamari Thrash,143,0.1753034965034965,-1.1732793718682686
2024,CLE,6,206,Nathaniel Watson,22,0.3189818181818182,1.0762763120978678
2024,CLE,7,227,Myles Harden,11,0.26745454545454544,0.26951946883221584
2024,CLE,7,243,Jowon Briggs,36,0.2101361111111111,-0.6279089550743201
2024,DAL,1,29,Tyler Guyton,759,0.18400316205533596,-0.3119531907806324
2024,DAL,2,56,Marshawn Kneeland,322,0.20232080745341616,-0.05272931709958031
2024,DAL,3,73,Cooper Beebe,222,0.2099274774774775,0.05491718585419909
2024,DAL,3,87,Marist Liufau,349,0.19401747851002868,-0.1702346539688313
2024,DAL,5,174,Caelen Carson,112,0.13963125,-0.9398864581657879
2024,DAL,6,216,Ryan Flournoy,66,0.37159545454545456,2.3427766980889286
2024,DAL,7,233,Nathan Thomas,14,0.16021428571428573,-0.6486037013475022
2024,DAL,7,244,Justin Rogers,54,0.1866648148148148,-0.27428656258079387
2024,DEN,1,12,Bo Nix,1383,0.18110274765003614,-0.9596400911846499
2024,DEN,3,76,Jonah Elliss,23,0.3321826086956522,1.4983630297263195
2024,DEN,4,102,Troy Franklin,143,0.2002874125874126,-0.6475140012919369
2024,DEN,5,145,Kris Abrams-Draine,28,0.3240571428571429,1.3661652619253482
2024,DEN,5,147,Audric Estime,200,0.21409,-0.4229519537630297
2024,DEN,7,235,Devaughn Vele,7,0.22078571428571428,-0.31401561706594594
2024,DEN,7,256,Nick Gargiulo,11,0.20809999999999998,-0.5204066283461051
2024,DET,1,24,Terrion Arnold,929,0.1450404736275565,-0.7626923145108818
2024,DET,2,61,Ennis Rakestraw,657,0.22761689497716894,0.28986443743790136
2024,DET,4,126,Giovanni Manu,678,0.1404631268436578,-0.821037265583604
2024,DET,4,132,Sione Vaki,264,0.2717473484848485,0.8523713376753259
2024,DET,6,189,Mekhi Wingo,140,0.3156192857142857,1.4115830714511208
2024,DET,6,210,Christian Mahogany,105,0.1287695238095238,-0.9700892664698629
2024,GNB,1,25,Jordan Morgan,1182,0.21162250423011844,0.37565677480453885
2024,GNB,2,45,Edgerrin Cooper,437,0.12776521739130436,-1.210147449401027
2024,GNB,2,58,Javon Bullard,413,0.19313922518159804,0.026124097356321024
2024,GNB,3,88,MarShawn Lloyd,382,0.17364764397905758,-0.34247633049734505
2024,GNB,3,91,Ty'Ron Hopper,212,0.18069198113207546,-0.2092626285628173
2024,GNB,4,111,Evan Williams,259,0.2977957528957529,2.0052575751517816
2024,GNB,5,163,Jacob Monk,194,0.12653041237113402,-1.2334985389827855
2024,GNB,5,169,Kitan Oladapo,158,0.22105443037974684,0.5540215764135576
2024,GNB,6,202,Travis Glover,49,0.13428979591836734,-1.086762773132341
2024,GNB,7,245,Michael Pratt,310,0.24972032258064514,1.0961151100403221
2024,GNB,7,255,Kalen King,180,0.19307833333333335,0.0249725868097965
2024,HOU,2,42,Kamari Lassiter,358,0.19653826815642456,-0.34888993181132183
2024,HOU,2,59,Blake Fisher,167,0.20080239520958082,-0.2870566947034847
2024,HOU,3,78,Calen Bullock,79,0.28995443037974683,1.0057187926598121
2024,HOU,4,123,Cade Stover,268,0.2325507462686567,0.17331967174779675
2024,HOU,6,188,Jamal Hill,31,0.24818709677419357,0.40005920278368823
2024,HOU,6,205,Jawhar Jordan,72,0.21341805555555554,-0.10411957586993692
2024,HOU,7,238,Solomon Byrd,13,0.32301538461538465,1.4851289501855829
2024,HOU,7,247,Marcus Harris,27,0.20360740740740743,-0.24638178465590357
2024,HOU,7,249,LaDarius Henderson,9,0.07731111111111111,-2.077778630336233
2024,IND,1,15,Laiatu Latu,937,0.12477417289220917,-0.9234703704887511
2024,IND,2,52,Adonai Mitchell,214,0.1865518691588785,-0.1016170486112268
2024,IND,3,79,Matt Goncalves,51,0.26074117647058825,0.8853528830405872
2024,IND,4,117,Tanor Bortolini,157,0.24712547770700635,0.7042178143220919
2024,IND,5,142,Anthony Gould,83,0.2158686746987952,0.28839610299309004
2024,IND,5,151,Jaylon Carlies,66,0.31955606060606057,1.6677907339751292
2024,IND,5,164,Jaylin Simpson,25,0.158216,-0.4785804124761826
2024,IND,6,201,Micah Abraham,83,0.07366385542168676,-1.603411299558756
2024,IND,7,234,Jonah Laulu,13,0.16121538461538462,-0.43867840319597967
2024,JAX,1,23,Brian Thomas,353,0.16690481586402267,-0.0780389484169397
2024,JAX,2,48,Maason Smith,276,0.11999420289855073,-0.8603331576617618
2024,JAX,3,96,Jarrian Jones,241,0.21841701244813277,0.7809925275284061
2024,JAX,4,114,Javon Foster,35,0.0663257142857143,-1.7553235491035852
2024,JAX,4,116,Jordan Jefferson,74,0.1568,-0.24654962086815024
2024,JAX,5,153,Deantre Prince,32,0.272065625,1.675651460342514
2024,JAX,5,167,Keilan Robinson,111,0.2121864864864865,0.6770905728911273
2024,JAX,6,212,Cam Little,124,0.18552903225806452,0.2325435768530932
2024,JAX,7,236,Myles Cole,43,0.14603720930232558,-0.42603286156470516
2024,KAN,1,28,Xavier Worthy,699,0.2108030042918455,-0.33084364999730276
2024,KAN,2,63,Kingsley Suamataia,304,0.27037236842105267,0.714749609298161
2024,KAN,4,131,Jared Wiley,103,0.18687572815533982,-0.7508279658843514
2024,KAN,4,133,Jaden Hicks,111,0.30721891891891895,1.3614999211748184
2024,KAN,5,159,Hunter Nourzad,84,0.2853,0.9767673626241636
2024,KAN,6,211,Kamal Hadden,59,0.1837728813559322,-0.8052907882681881
2024,KAN,7,248,C.J. Hanson,41,0.16321951219512196,-1.1660544889473023
2024,LAC,1,5,Joe Alt,1789,0.16900190050307434,-1.905556267749802
2024,LAC,2,34,Ladd McConkey,862,0.23464164733178655,0.13300962459867471
2024,LAC,3,69,Junior Colson,334,0.24314820359281436,0.39719674129074095
2024,LAC,4,105,Justin Eboigbe,257,0.19955603112840467,-0.9566402287270407
2024,LAC,5,137,Tarheeb Still,120,0.2735575,1.3416146810456122
2024,LAC,5,140,Cam Hart,202,0.26729752475247526,1.147199366497696
2024,LAC,6,181,Kimani Vidal,260,0.2204826923076923,-0.30672337526702476
2024,LAC,7,225,Brenden Rice,353,0.2382045325779037,0.24366173238390687
2024,LAC,7,253,Cornelius Johnson,226,0.22733982300884956,-0.09376227407276783
2024,LAR,1,19,Jared Verse,221,0.26806425339366513,0.19702265055610518
2024,LAR,2,39,Braden Fiske,209,0.26291148325358854,0.12807470702933263
2024,LAR,3,83,Blake Corum,205,0.16854048780487807,-1.1346802554239868
2024,LAR,3,99,Kamren Kinchens,60,0.40263166666666667,1.9976359437298745
2024,LAR,5,154,Brennan Jackson,79,0.24195696202531644,-0.1523125617604191
2024,LAR,6,196,Tyler Davis,43,0.25702325581395347,0.04928579117547751
2024,LAR,6,209,Joshua Karty,62,0.11624193548387096,-1.8344742563081715
2024,LAR,6,213,Jordan Whittington,72,0.2900916666666667,0.49176602258729335
2024,LAR,6,217,Beaux Limmer,24,0.2644375,0.148493959895699
2024,LAR,7,254,KT Leveston,3,0.2615,0.10918799851879918
2024,LVR,1,13,Brock Bowers,1130,0.20116654867256636,-0.39520737634378755
2024,LVR,2,44,Jackson Powers-Johnson,396,0.21113838383838382,-0.28364433610272116
2024,LVR,3,77,Delmar Glaze,161,0.22057888198757764,-0.17802579574371757
2024,LVR,4,112,Decamerion Richardson,235,0.14843872340425532,-0.9851164948174961
2024,LVR,5,148,Tommy Eichenberg,169,0.21661893491124262,-0.22232894834135083
2024,LVR,6,208,Dylan Laube,230,0.22463130434782608,-0.1326880468406918
2024,LVR,7,223,Trey Taylor,62,0.449158064516129,2.3792756552587924
2024,LVR,7,229,M.J. Devonshire,2,0.2202,-0.1822646570690264
2024,MIA,1,21,Chop Robinson,670,0.09815537313432836,-0.6738405579113736
2024,MIA,2,55,Patrick Paul,282,0.15815921985815604,0.03227593973262249
2024,MIA,4,120,Jaylen Wright,443,0.0961841986455982,-0.6970370511734401
2024,MIA,5,158,Mohamed Kamara,86,0.2628267441860465,1.263988067050769
2024,MIA,6,184,Malik Washington,148,0.2681324324324324,1.3264246308159584
2024,MIA,6,198,Patrick McMorris,14,0.04464285714285714,-1.303568024317474
2024,MIA,7,241,Tahj Washington,75,0.15981466666666666,0.05175699580293714
2024,MIN,1,10,J.J. McCarthy,680,0.2895580882352941,0.9068779481028211
2024,MIN,1,17,Dallas Turner,1296,0.20857831790123457,-0.1446309068773146
2024,MIN,4,108,Khyree Jackson,396,0.16277550505050506,-0.7393728170711917
2024,MIN,6,177,Walter Rouse,131,0.13343664122137405,-1.120333086335037
2024,MIN,6,203,Will Reichard,214,0.16514299065420562,-0.7086314100993064
2024,MIN,7,230,Michael Jurgens,43,0.2290720930232558,0.12147735601205786
2024,MIN,7,232,Levi Drake Rodriguez,67,0.34945373134328356,1.6846129162679697
2024,NOR,1,14,Taliese Fuaga,271,0.17946678966789667,-0.938034533713734
2024,NOR,2,41,Kool-Aid McKinstry,8,0.548675,0.8918783784975645
2024,NOR,5,150,Spencer Rattler,438,0.2147173515981735,-0.7633215760010795
2024,NOR,5,170,Bub Means,54,0.22373703703703704,-0.7186171561459139
2024,NOR,5,175,Jaylan Ford,3,0.7254999999999999,1.768279123786265
2024,NOR,6,199,Khristian Boyd,14,0.38222142857142855,0.06688172046863153
2024,NOR,7,239,Josiah Ezirim,11,0.3067727272727273,-0.3070659568917324
2024,NWE,1,3,Drake Maye,1587,0.1587356647763075,-0.34495060744180667
2024,NWE,2,37,Ja'Lynn Polk,965,0.17780518134715026,0.06720740473641404
2024,NWE,3,68,Caedan Wallace,763,0.14152018348623854,-0.7170365237704441
2024,NWE,4,103,Layden Robinson,297,0.12329158249158251,-1.1110194505445197
2024,NWE,4,110,Javon Baker,567,0.16956807760141093,-0.11082481193449115
2024,NWE,6,180,Marcellas Dial,131,0.19810458015267174,0.5059474131165491
2024,NWE,6,193,Joe Milton,719,0.15397552155771904,-0.44783371721380993
2024,NWE,7,231,Jaheim Bell,62,0.27456451612903227,2.158510293052107
2024,NYG,1,6,Malik Nabers,811,0.15059420468557336,-0.951751893232623
2024,NYG,2,47,Tyler Nubin,252,0.31976746031746034,1.034075078927211
2024,NYG,3,70,Andru Phillips,163,0.3090938650306749,0.9087839190967355
2024,NYG,4,107,Theo Johnson,277,0.18004404332129964,-0.6060572757817729
2024,NYG,5,166,Tyrone Tracy Jr.,86,0.2951325581395349,0.7449002148583156
2024,NYG,6,183,Darius Muasau,119,0.13541344537815125,-1.1299500438678647
2024,NYJ,1,11,Olumuyiwa Fashanu,716,0.21278784916201118,0.18886806009058998
2024,NYJ,3,65,Malachi Corley,498,0.17641104417670683,-0.675941132388135
2024,NYJ,4,134,Braelon Allen,61,0.2692409836065574,1.5309647514191411
2024,NYJ,5,171,Jordan Travis,358,0.22282960893854747,0.42759727687914445
2024,NYJ,5,173,Isaiah Davis,156,0.20208269230769232,-0.06563252230749671
2024,NYJ,5,176,Qwan'tez Stiggers,120,0.14570833333333333,-1.4058564336932444
2024,PHI,1,22,Quinyon Mitchell,902,0.14785221729490022,-1.0508058018159838
2024,PHI,2,40,Cooper DeJean,898,0.1589912026726058,-0.8014921402181027
2024,PHI,3,94,Jalyx Hunt,446,0.19203520179372197,-0.06189870909542237
2024,PHI,4,127,Will Shipley,490,0.18983530612244898,-0.1111369499531701
2024,PHI,5,152,Ainias Smith,154,0.1260383116883117,-1.5390463817357827
2024,PHI,5,155,Jeremiah Trotter Jr.,547,0.2355341864716636,0.9116990449292443
2024,PHI,5,172,Trevor Keegan,141,0.264168085106383,1.552585254254256
2024,PHI,6,185,Johnny Wilson,183,0.21471693989071036,0.4457657670320369
2024,PHI,6,190,Dylan McMahon,85,0.22403529411764705,0.6543299166029212
2024,PIT,1,20,Troy Fautanu,640,0.20383656249999998,-0.04733865669180022
2024,PIT,2,51,Zach Frazier,469,0.14628891257995735,-1.8101790493700363
2024,PIT,3,84,Roman Wilson,610,0.23523245901639347,0.9144026936560016
2024,PIT,3,98,Payton Wilson,410,0.19539975609756097,-0.30578088903474065
2024,PIT,4,119,Mason McCormick,394,0.23208908629441624,0.818112672929812
2024,PIT,6,178,Logan Lee,93,0.23583225806451613,0.9327761631371997
2024,PIT,6,195,Ryan Watts,36,0.18899444444444444,-0.5019929346264377
2024,SEA,1,16,Byron Murphy,640,0.22226296875,0.5511978474704362
2024,SEA,3,81,Christian Haynes,223,0.28141614349775784,1.8083818729355918
2024,SEA,4,118,Tyrice Knight,266,0.20957857142857145,0.28161600755815924
2024,SEA,4,121,AJ Barner,127,0.2034779527559055,0.15195939363278768
2024,SEA,5,136,Nehemiah Pritchett,134,0.12135970149253732,-1.5933020251781016
2024,SEA,6,179,Sataoa Laumea,76,0.16665,-0.6307460840147127
2024,SEA,6,192,D.J. James,130,0.1671523076923077,-0.6200705250218038
2024,SEA,6,207,Michael Jerrell,85,0.19872588235294117,0.05096351261764462
2024,SFO,1,31,Ricky Pearsall,2030,0.13100320197044335,-1.0883746972526593
2024,SFO,2,64,Renardo Green,504,0.16298988095238096,-0.08008342060777676
2024,SFO,3,86,Dominick Puni,446,0.15596076233183856,-0.30165687597015295
2024,SFO,4,124,Malik Mustapha,134,0.21692462686567165,1.6200597497144031
2024,SFO,4,129,Isaac Guerendo,244,0.15687418032786885,-0.27286390881504885
2024,SFO,4,135,Jacob Cowing,291,0.17705223367697595,0.36319321931220894
2024,SFO,6,215,Jarrett Kingston,127,0.19964330708661418,1.0753141075683796
2024,SFO,7,251,Tatum Bethune,62,0.12379516129032259,-1.3155881739493565
2024,TAM,1,26,Graham Barton,249,0.31344779116465865,0.6103581635490645
2024,TAM,2,57,Chris Braswell,114,0.23822894736842107,-0.13568039197023166
2024,TAM,3,89,Tykee Smith,82,0.30248658536585366,0.5016422922569928
2024,TAM,3,92,Jalen McMillan,71,0.402743661971831,1.4960160533630096
2024,TAM,4,125,Bucky Irving,161,0.241855900621118,-0.09970739864813304
2024,TAM,6,220,Elijah Klein,59,0.17100338983050847,-0.8024396149041033
2024,TAM,7,246,Devin Culp,45,0.09359555555555556,-1.5701891036465976
2024,TEN,1,7,JC Latham,892,0.11696356502242153,-1.1826447630252122
2024,TEN,2,38,T'Vondre Sweat,796,0.11693329145728644,-1.1832593502829554
2024,TEN,4,106,Cedric Gray,255,0.20025803921568627,0.5083262954272026
2024,TEN,5,146,Jarvis Brownlee,189,0.2376851851851852,1.2681392511828458
2024,TEN,6,182,Jha'Quan Jackson,229,0.1610703056768559,-0.28722855862895574
2024,TEN,7,242,James Williams,81,0.22925925925925927,1.0970835236642884
2024,TEN,7,252,Jaylen Harrell,44,0.16436136363636364,-0.2204163983372105
2024,WAS,1,2,Jayden Daniels,1163,0.14482149613069648,-1.049469232182976
2024,WAS,2,36,Jer'Zhan Newton,226,0.1649433628318584,-0.5126701123649209
2024,WAS,2,50,Mike Sainristil,198,0.20661717171717173,0.5990788253124308
2024,WAS,2,53,Ben Sinnott,142,0.18955281690140843,0.14384617809308597
2024,WAS,3,67,Brandon Coleman,153,0.20171241830065362,0.46823274845418944
2024,WAS,3,100,Luke McCaffrey,171,0.1256450292397661,-1.5610475415491292
2024,WAS,5,139,Jordan Magee,45,0.25383555555555554,1.858742615959244
2024,WAS,5,161,Dominique Hampton,46,0.1952086956521739,0.2947303271781823
2024,WAS,7,222,Javontae Jean-Baptiste,39,0.1751102564102564,-0.24144380890010642
2025,ARI,1,16,Walter Nolen,180,0.22171277777777776,-0.2618920093232417
2025,ARI,2,47,Will Johnson,238,0.18090126050420166,-0.5161270121917219
2025,ARI,3,78,Jordan Burch,91,0.1683769230769231,-0.5941472666313082
2025,ARI,4,115,Cody Simon,32,0.36668125,0.6411878664920777
2025,ARI,6,211,Hayden Conner,33,0.10604848484848486,-0.9824217472288382
2025,ARI,7,225,Kitan Crawford,14,0.5388,1.7134001688830316
2025,ATL,1,15,Jalon Walker,381,0.18508713910761157,-0.9411804373345125
2025,ATL,1,26,James Pearce,676,0.19656849112426036,-0.5305205542523357
2025,ATL,3,96,Xavier Watts,268,0.2518152985074627,1.4455226354130175
2025,ATL,4,118,Billy Bowman,133,0.1947278195488722,-0.5963568749962251
2025,ATL,7,218,Jack Nelson,67,0.22880597014925375,0.6225352311700538
2025,BAL,1,27,Malaki Starks,161,0.28488819875776394,0.29478057457241863
2025,BAL,2,59,Mike Green,638,0.04170470219435737,-1.9627519543394139
2025,BAL,3,91,Emery Jones,24,0.2046916666666667,-0.44970366247517446
2025,BAL,4,129,Teddye Buchanan,118,0.2588279661016949,0.05285699109130548
2025,BAL,5,141,Carson Vinson,127,0.21001259842519687,-0.40030813729047127
2025,BAL,6,178,Bilhal Kone,25,0.294172,0.38096439704589524
2025,BAL,6,186,Tyler Loop,160,0.17299375,-0.7439632606180878
2025,BAL,6,203,LaJohntay Wester,21,0.3677761904761905,1.0642502968392544
2025,BAL,6,210,Aeneas Peebles,20,0.22579000000000002,-0.25384261730179886
2025,BAL,6,212,Robert Longerbeam,31,0.26063870967741937,0.06966657143488889
2025,BAL,7,243,Garrett Dellinger,10,0.46297999999999995,1.9480508010411801
2025,BUF,1,30,Maxwell Hairston,331,0.26249456193353476,0.5497338873095275
2025,BUF,2,41,T.J. Sanders,51,0.3703058823529412,1.882495691107127
2025,BUF,3,72,Landon Jackson,291,0.23180549828178693,0.17035617752683188
2025,BUF,4,109,Deone Walker,320,0.171276875,-0.5778976870265121
2025,BUF,5,170,Jordan Hancock,75,0.25793733333333335,0.49339750087167855
2025,BUF,5,173,Jackson Hawes,75,0.19520133333333334,-0.28214391906250963
2025,BUF,6,177,Dorian Strong,236,0.2382686440677966,0.2502534814691235
2025,BUF,6,206,Chase Lundt,94,0.08537553191489364,-1.6398087044722727
2025,BUF,7,240,Kaden Prather,69,0.14955797101449275,-0.8463864277229955
2025,CAR,1,8,Tetairoa McMillan,313,0.1939597444089457,-0.24351132551409796
2025,CAR,2,51,Nic Scourton,239,0.21012510460251047,0.34963459937336083
2025,CAR,3,77,Princely Umanmielen,193,0.1842502590673575,-0.5997756830141676
2025,CAR,4,114,Trevor Etienne,227,0.18187753303964757,-0.6868367046900604
2025,CAR,4,122,Lathan Ransom,141,0.19990212765957446,-0.025470999345981862
2025,CAR,5,140,Cam Jackson,86,0.24763372093023253,1.7259158981848923
2025,CAR,5,163,Mitchell Evans,112,0.16085,-1.4583874393200547
2025,CAR,6,208,Jimmy Horn,139,0.22617194244604316,0.9384316543261063
2025,CHI,1,10,Colston Loveland,2052,0.15154926900584798,-0.08340429516898958
2025,CHI,2,39,Luther Burden,926,0.08191025917926566,-1.5029888658304527
2025,CHI,2,56,Ozzy Trapilo,591,0.18880947546531301,0.6761414582993008
2025,CHI,2,62,Shemar Turner,502,0.2163629482071713,1.2378163711087677
2025,CHI,4,132,Ruben Hyppolite,253,0.13283715415019762,-0.46484897107227496
2025,CHI,5,169,Zah Frazier,104,0.10593365384615384,-1.0132742577544545
2025,CHI,6,195,Luke Newman,197,0.1520695431472081,-0.0727985564396738
2025,CHI,7,233,Kyle Monangai,550,0.21565363636363635,1.223357116857779
2025,CIN,1,17,Shemar Stewart,1285,0.1346698832684825,-1.5541388627854142
2025,CIN,2,49,Demetrius Knight,335,0.23652626865671642,0.1936561638659134
2025,CIN,3,81,Dylan Fairchild,150,0.29887,1.2634375346592335
2025,CIN,4,119,Barrett Carter,126,0.2087111111111111,-0.2836354054199134
2025,CIN,5,153,Jalen Rivers,99,0.19952222222222224,-0.44131127659123437
2025,CIN,6,193,Tahj Brooks,73,0.27314383561643835,0.8219918462714174
2025,CLE,1,5,Mason Graham,681,0.17493142437591777,-0.044076673358479694
2025,CLE,2,33,Carson Schwesinger,117,0.2174034188034188,0.9798399142723364
2025,CLE,2,36,Quinshon Judkins,218,0.2139394495412844,0.8963304009011895
2025,CLE,3,67,Harold Fannin,279,0.19360931899641579,0.4062107779782755
2025,CLE,3,94,Dillon Gabriel,1516,0.1502094986807388,-0.6400738743064935
2025,CLE,4,126,Dylan Sampson,197,0.18888730964467004,0.29237238241026253
2025,CLE,5,144,Shedeur Sanders,1496,0.09833763368983957,-1.8906029278970897
2025,DAL,1,12,Tyler Booker,1245,0.16065726907630523,-0.6263547825069102
2025,DAL,2,44,Donovan Ezeiruaku,382,0.1706068062827225,-0.4328470774089239
2025,DAL,3,76,Shavon Revel,286,0.20246503496503496,0.1867609096665882
2025,DAL,5,149,Jaydon Blue,205,0.2513278048780488,1.137088776625035
2025,DAL,5,152,Shemar James,17,0.18778823529411764,-0.09868692208485154
2025,DAL,6,204,Ajani Cornelius,107,0.22748785046728973,0.6734275256583913
2025,DAL,7,217,Jay Toia,123,0.21443089430894308,0.4194838929699229
2025,DAL,7,239,Phil Mafah,95,0.2389905263157895,0.897142092451868
2025,DAL,7,247,Tommy Akingbesote,14,0.08200714285714286,-2.156014415371122
2025,DEN,1,20,Jahdae Barron,444,0.30331621621621624,1.2030958462909507
2025,DEN,2,60,RJ Harvey,404,0.19371262376237625,-0.49033532025175885
2025,DEN,3,74,Pat Bryant,240,0.21991666666666668,-0.0854695494310044
2025,DEN,3,101,Sai'vion Jones,19,0.27881052631578945,0.8244704919031283
2025,DEN,4,134,Quandarrius Robinson,61,0.2780245901639344,0.8123273792125059
2025,DEN,6,216,Jeremy Crawshaw,44,0.12315681818181817,-1.5804583488465118
2025,DEN,7,241,Caleb Lohner,99,0.1812020202020202,-0.6836304988773101
2025,DET,1,28,Tyleik Williams,587,0.232054003407155,0.39794994443207027
2025,DET,2,57,Tate Ratledge,513,0.21262943469785575,-0.17961361210195284
2025,DET,3,70,Isaac TeSlaa,643,0.15720264385692068,-1.8276550653998225
2025,DET,5,171,Miles Frazier,87,0.2531701149425287,1.0258092632699152
2025,DET,6,196,Ahmed Hassanein,344,0.2264296511627907,0.23071735697698695
2025,DET,7,230,Dan Jackson,32,0.25173125,0.9830265396987528
2025,DET,7,244,Dominic Lovett,62,0.1974741935483871,-0.6302344268759481
2025,GNB,1,23,Matthew Golden,354,0.13879830508474575,-1.158068807794512
2025,GNB,2,54,Anthony Belton,438,0.146224200913242,-1.003239917808473
2025,GNB,3,87,Savion Williams,538,0.17194591078066915,-0.4669458626139039
2025,GNB,4,124,Barryn Sorrell,298,0.25128691275167786,1.1873029377007354
2025,GNB,5,159,Collin Oliver,84,0.2612642857142857,1.3953297692715887
2025,GNB,6,198,Warren Brinson,124,0.23111774193548387,0.7667785455557825
2025,GNB,7,237,Micah Robinson,26,0.1607923076923077,-0.6994969278859245
2025,GNB,7,250,John Williams,37,0.19330270270270272,-0.021659736425292925
2025,HOU,2,34,Jayden Higgins,210,0.17939952380952381,-0.3927031645953634
2025,HOU,2,48,Aireontae Ersery,6,0.5758333333333333,1.8665168374892938
2025,HOU,3,79,Jaylin Noel,153,0.24440653594771242,-0.02223743092151744
2025,HOU,3,97,Jaylin Smith,121,0.20656446280991736,-0.23789403361125958
2025,HOU,4,116,Woody Marks,75,0.232984,-0.08733284172565835
2025,HOU,6,187,Jaylen Reed,67,0.09244776119402985,-0.8882289159267281
2025,HOU,6,197,Graham Mertz,126,0.09833333333333334,-0.854687875830278
2025,HOU,7,224,Kyonte Hamilton,3,0.502,1.4457511523233009
2025,HOU,7,255,Luke Lachey,81,0.10280864197530865,-0.82918372720179
2025,IND,1,14,Tyler Warren,528,0.12494185606060607,-1.090640798895944
2025,IND,2,45,JT Tuimoloau,91,0.14588241758241757,-0.8528452527886333
2025,IND,3,80,Justin Walley,259,0.28103397683397685,0.6819005469361712
2025,IND,4,127,Jalen Travis,126,0.19545714285714286,-0.2898876235223773
2025,IND,5,151,DJ Giddens,97,0.28713092783505156,0.7511359297304648
2025,IND,6,189,Riley Leonard,322,0.17876739130434782,-0.479412082107617
2025,IND,6,190,Tim Smith,48,0.17090625,-0.5686811491069441
2025,IND,7,232,Hunter Wohler,30,0.38376,1.8484304297548781
2025,JAX,1,2,Travis Hunter,718,0.18552674094707522,-0.8815716267916506
2025,JAX,3,88,Caleb Ransaw,66,0.2518681818181818,0.5119908437561099
2025,JAX,4,104,Bhayshul Tuten,103,0.17258640776699027,-1.1533951271462266
2025,JAX,4,107,Jack Kiser,128,0.23131953125000002,0.08034769768917366
2025,JAX,6,194,Jalen McLeod,41,0.18112439024390245,-0.9740470183655324
2025,JAX,6,200,Rayuan Lane,77,0.3020818181818182,1.566774071664146
2025,JAX,7,221,Jonah Monheim,33,0.2789272727272727,1.080391726867953
2025,JAX,7,236,LeQuint Allen,64,0.216521875,-0.23049056767397283
2025,KAN,1,32,Josh Simmons,616,0.19273262987012987,-0.5761328440400355
2025,KAN,2,63,Omarr Norman-Lott,82,0.2206341463414634,-0.24746886482253044
2025,KAN,3,66,Ashton Gillotte,196,0.16345969387755102,-0.9209513644450117
2025,KAN,3,85,Nohl Williams,37,0.4171054054054054,2.066850712472557
2025,KAN,4,133,Jalen Royals,150,0.25064533333333333,0.10604583205506135
2025,KAN,5,156,Jeffrey Bassa,61,0.26065081967213116,0.22390476483006957
2025,KAN,7,228,Brashard Smith,55,0.18627090909090907,-0.6522482360501117
2025,LAC,1,22,Omarion Hampton,740,0.17261067567567567,-0.43026710596178486
2025,LAC,2,55,Tre Harris,399,0.22332606516290726,0.8780428213046628
2025,LAC,3,86,Jamaree Caldwell,240,0.25879208333333337,1.7929632058688545
2025,LAC,4,125,Kyle Kennard,187,0.1376005347593583,-1.3334271798353612
2025,LAC,5,158,KeAndre Lambert-Smith,173,0.14574682080924856,-1.123276631507089
2025,LAC,5,165,Oronde Gadsden II,197,0.16833147208121826,-0.540658145053231
2025,LAC,6,199,Branson Taylor,95,0.21005578947368422,0.535708204587499
2025,LAC,6,214,R.J. Mickens,93,0.20538387096774194,0.4151862600159603
2025,LAC,7,256,Trikweze Bridges,34,0.18175882352941178,-0.19427142941951
2025,LAR,2,46,Terrance Ferguson,236,0.21064745762711864,-0.27873796195984596
2025,LAR,3,90,Josaiah Stewart,28,0.20447857142857143,-0.4117266244247312
2025,LAR,4,117,Jarquez Hunter,169,0.2665284023668639,0.9259417580134331
2025,LAR,5,148,Ty Hamilton,76,0.16821447368421052,-1.1935069489919399
2025,LAR,5,172,Chris Paul,86,0.19927093023255812,-0.5239927961394797
2025,LAR,7,242,Konata Mumpfield,13,0.29232307692307696,1.4820225735025636
2025,LVR,1,6,Ashton Jeanty,521,0.15162226487523991,-0.7194332711658145
2025,LVR,2,58,Jack Bech,348,0.1832204022988506,-0.3947548233053538
2025,LVR,3,68,Darien Porter,173,0.24746878612716763,0.2654127447783934
2025,LVR,3,98,Caleb Rogers,9,0.4043777777777778,1.8776903034677586
2025,LVR,3,99,Charles Grant,100,0.329325,1.106504993719192
2025,LVR,4,108,Dont'e Thornton,199,0.20261306532663317,-0.19549055505653518
2025,LVR,4,135,Tonka Hemingway,52,0.23508653846153849,0.13818217738120608
2025,LVR,6,180,JJ Pegues,113,0.25295929203539824,0.3218290111030337
2025,LVR,6,213,Tommy Mellott,202,0.23966485148514852,0.1852254428242608
2025,LVR,6,215,Cam Miller,254,0.1635956692913386,-0.5964036663094316
2025,LVR,7,222,Cody Lindenberg,19,0.028089473684210525,-1.9887623574367062
2025,MIA,1,13,Kenneth Grant,798,0.15293809523809523,-0.606594816874203
2025,MIA,2,37,Jonah Savaiinaea,447,0.15559888143176734,-0.5411383391415777
2025,MIA,5,143,Jordan Phillips,128,0.19442421875,0.4139815549996583
2025,MIA,5,150,Jason Marshall,76,0.19240526315789475,0.3643143844197429
2025,MIA,5,155,Dante Trader,86,0.2471674418604651,1.711487388909775
2025,MIA,6,179,Ollie Gordon,179,0.17453798882681565,-0.07522820159350635
2025,MIA,7,231,Quinn Ewers,431,0.19541948955916474,0.4384656423393166
2025,MIA,7,253,Zeek Biggers,64,0.1082765625,-1.705287613059203
2025,MIN,1,24,Donovan Jackson,719,0.2126008344923505,-0.43289762518124186
2025,MIN,3,102,Tai Felton,434,0.21342764976958525,-0.41750284988044717
2025,MIN,5,139,Tyrion Ingram-Dawkins,61,0.1934016393442623,-0.790374444247093
2025,MIN,6,201,Kobe King,93,0.2308709677419355,-0.09271934856107673
2025,MIN,6,202,Gavin Bartholomew,21,0.328952380952381,1.7334942678698573
2025,NOR,1,9,Kelvin Banks,392,0.2345329081632653,0.2380832926454853
2025,NOR,2,40,Tyler Shough,546,0.13619542124542125,-0.8505825161137707
2025,NOR,3,71,Vernon Broughton,51,0.1879470588235294,-0.27765513974450856
2025,NOR,3,93,Jonas Sanker,56,0.16557678571428572,-0.5253099479966915
2025,NOR,4,112,Danny Stutsman,60,0.29995333333333335,0.9623338537427809
2025,NOR,4,131,Quincy Riley,52,0.22999999999999998,0.18790078050018852
2025,NOR,6,184,Devin Neal,59,0.38507627118644067,1.9047052208211197
2025,NOR,7,248,Moliki Matavao,19,0.07726842105263158,-1.5029462517890149
2025,NOR,7,254,Fadil Diggs,19,0.20069473684210526,-0.13652929206558842
2025,NWE,1,4,Will Campbell,1233,0.15097923763179238,-0.8109992482585092
2025,NWE,2,38,TreVeyon Henderson,820,0.18169975609756098,-0.4310728980182485
2025,NWE,3,69,Kyle Williams,760,0.19943328947368422,-0.2117590013481199
2025,NWE,3,95,Jared Wilson,323,0.23417925696594427,0.21795082368659355
2025,NWE,4,106,Craig Woodson,338,0.2696713017751479,0.6568875252904403
2025,NWE,4,137,Joshua Farmer,106,0.23596320754716982,0.24001327143106252
2025,NWE,5,146,Bradyn Swinson,323,0.2877328173374613,0.8802576384948665
2025,NWE,6,182,Andres Borregales,12,0.3971833333333333,2.2338524718815607
2025,NWE,7,220,Marcus Bryant,154,0.12825259740259742,-1.0920638235560505
2025,NWE,7,251,Julian Ashby,146,0.12287054794520548,-1.1586246275163732
2025,NWE,7,257,Kobee Minor,34,0.17415,-0.5244421320872196
2025,NYG,1,3,Abdul Carter,932,0.16419635193133048,-0.2772536772410491
2025,NYG,1,25,Jaxson Dart,1337,0.13868511593118923,-0.667887994812879
2025,NYG,3,65,Darius Alexander,285,0.22368947368421052,0.6337196294237247
2025,NYG,4,105,Cam Skattebo,620,0.2146922580645161,0.4959520518893992
2025,NYG,5,154,Marcus Mbow,382,0.2045979057591623,0.3413848476931902
2025,NYG,7,219,Thomas Fidone,55,0.06636,-1.775347951081841
2025,NYG,7,246,Korie Black,17,0.2639,1.2494330941294558
2025,NYJ,1,7,Armand Membou,383,0.19273603133159267,-0.5157073556950882
2025,NYJ,2,42,Mason Taylor,208,0.20234375,-0.36379303415971853
2025,NYJ,3,73,Azareye'h Thomas,148,0.21843108108108106,-0.10942505453376822
2025,NYJ,4,110,Arian Smith,261,0.17293295019157087,-0.828827643614071
2025,NYJ,4,130,Malachi Moore,82,0.16579878048780486,-0.9416309622447011
2025,NYJ,5,162,Francisco Mauigoa,37,0.3330540540540541,1.7029584854645736
2025,NYJ,5,176,Tyler Baron,31,0.29216451612903227,1.0564255647827718
2025,PHI,1,31,Jihaad Campbell,1387,0.19165176640230716,-0.3402278283980459
2025,PHI,2,64,Andrew Mukuba,654,0.2534025993883792,0.08832255698632799
2025,PHI,4,111,Ty Robinson,293,0.23496655290102392,-0.039623487545611735
2025,PHI,5,145,Mac McWilliams,245,0.13772122448979593,-0.7145054438240228
2025,PHI,5,161,Smael Mondon,53,0.2822660377358491,0.2886346342358163
2025,PHI,5,168,Drew Kendall,81,0.2050888888888889,-0.24697428441135225
2025,PHI,6,181,Kyle McCord,527,0.14333624288425048,-0.6755372521329636
2025,PHI,6,191,Myles Hinton,48,0.13586041666666668,-0.727419438197316
2025,PHI,6,207,Cameron Williams,137,0.19672335766423357,-0.3050310175258621
2025,PHI,6,209,Antwaun Powell-Ryland,7,0.6257428571428572,2.6723615608130284
2025,PIT,1,21,Derrick Harmon,1197,0.14916173767752716,-0.43163341493867013
2025,PIT,3,83,Kaleb Johnson,512,0.19813476562500001,0.6406329385611232
2025,PIT,4,123,Jack Sawyer,516,0.21133042635658913,0.929552444005173
2025,PIT,5,164,Yahya Black,312,0.10946602564102563,-1.3007725753885968
2025,PIT,6,185,Will Howard,1340,0.212225223880597,0.9491440706290699
2025,PIT,7,226,Carson Bruener,122,0.10958852459016394,-1.2980904561281548
2025,PIT,7,229,Donte Kent,69,0.19222173913043478,0.5111669932600565
2025,SEA,1,18,Grey Zabel,392,0.19504617346938777,0.04222148269116036
2025,SEA,2,35,Nick Emmanwori,443,0.22540925507900678,0.6501269428407849
2025,SEA,2,50,Elijah Arroyo,366,0.17318169398907104,-0.3955317279448513
2025,SEA,3,92,Jalen Milroe,1078,0.1999787569573284,0.1409777444407269
2025,SEA,5,142,Rylie Mills,128,0.1546234375,-0.7670903726046039
2025,SEA,5,166,Tory Horton,121,0.2789520661157025,1.7221185015189204
2025,SEA,5,175,Robbie Ouzts,199,0.1635251256281407,-0.5888678559569028
2025,SEA,6,192,Bryce Cabeldue,40,0.13974,-1.0650747155106728
2025,SEA,7,223,Damien Martinez,115,0.1397304347826087,-1.0652662226822591
2025,SEA,7,234,Mason Richman,23,0.17192608695652176,-0.4206704928667613
2025,SEA,7,238,Ricky White,128,0.28019765625,1.7470567160744568
2025,SFO,1,11,Mykel Williams,973,0.1964787255909558,0.6197330136392434
2025,SFO,2,43,Alfred Collins,303,0.18663366336633663,0.4041233533378293
2025,SFO,3,75,Nick Martin,318,0.16895157232704403,0.016880535017498085
2025,SFO,3,100,Upton Stout,219,0.18035844748858448,0.2666943424437394
2025,SFO,4,113,CJ West,267,0.19810936329588016,0.6554444427406495
2025,SFO,4,138,Jordan Watkins,250,0.1195612,-1.064782653759986
2025,SFO,5,147,Jordan James,119,0.21526386554621849,1.0311329166627492
2025,SFO,5,160,Marques Sigle,145,0.21265379310344829,0.9739715884854118
2025,SFO,7,227,Kurtis Rourke,209,0.08234449760765551,-1.8798390116859127
2025,SFO,7,249,Connor Colby,173,0.10212196531791909,-1.4467068488470876
2025,SFO,7,252,Junior Bergen,113,0.18751150442477876,0.4233483219658628
2025,TAM,1,19,Emeka Egbuka,750,0.20819066666666666,-1.1378766907374318
2025,TAM,2,53,Benjamin Morrison,225,0.25267822222222225,-0.30022179204763144
2025,TAM,3,84,Jacob Parrish,77,0.33953636363636364,1.3352276440489104
2025,TAM,4,121,David Walker,90,0.2521877777777778,-0.3094563563273224
2025,TAM,5,157,Elijah Roberts,48,0.32783333333333337,1.1148716244738075
2025,TAM,7,235,Tez Johnson,109,0.23131100917431194,-0.7025444294103299
2025,TEN,1,1,Cam Ward,607,0.16043558484349257,-0.5358469350933516
2025,TEN,2,52,Oluwafemi Oladejo,10,0.5000899999999999,2.253746191679556
2025,TEN,3,82,Kevin Winston,260,0.1606876923076923,-0.5337763680170612
2025,TEN,4,103,Chimere Dike,376,0.21575638297872338,-0.08149536078944639
2025,TEN,4,120,Gunnar Helm,175,0.21510057142857145,-0.08688156309133353
2025,TEN,4,136,Elic Ayomanor,200,0.25882649999999996,0.2722409578051334
2025,TEN,5,167,Jackson Slater,88,0.17041931818181819,-0.4538501976527576
2025,TEN,6,183,Marcus Harris,19,0.062431578947368414,-1.3407571292330775
2025,TEN,6,188,Kalel Mullings,75,0.287364,0.5066204043923355
2025,WAS,1,29,Josh Conerly,534,0.2546840823970038,0.5879496348473849
2025,WAS,2,61,Trey Amos,279,0.21529462365591398,-0.014249137189725286
2025,WAS,4,128,Jaylin Lane,330,0.1735869696969697,-0.6518892267303424
2025,WAS,6,205,Kain Medrano,146,0.3018575342465753,1.3091526085488134
2025,WAS,7,245,Jacory Croskey-Merritt,219,0.13571004566210046,-1.2309638794761315
2026,ARI,1,3,Jeremiyah Love,548,0.21778266423357664,-0.1694896700305994
2026,ARI,2,34,Chase Bisontis,131,0.2500465648854962,-0.023905851914545837
2026,ARI,3,65,Carson Beck,608,0.1256078947368421,-0.5854082231551851
2026,ARI,4,104,Kaleb Proctor,11,0.12802727272727274,-0.5744913074011726
2026,ARI,5,143,Reggie Virgil,37,0.11710270270270269,-0.62378604806541
2026,ARI,7,217,Jayden Williams,4,0.6935,1.977081100566913
2026,ATL,2,48,Avieon Terrell,66,0.18513181818181818,-0.11208563144776303
2026,ATL,3,79,Zachariah Branch,248,0.16931451612903226,-0.27446503139234935
2026,ATL,4,134,Kendal Daniels,114,0.35047894736842106,1.5853573035280937
2026,ATL,6,208,Anterio Thompson,75,0.20501066666666667,0.09198934150190712
2026,ATL,6,215,Harold Perkins Jr.,75,0.04722933333333334,-1.5277836225359687
2026,ATL,7,231,Ethan Onianwa,43,0.21913488372093023,0.2369876403460805
2026,BAL,1,14,Olaivavega Ioane,24,0.4299291666666667,2.235406410217953
2026,BAL,2,45,Zion Young,369,0.1744940379403794,-0.7933964725486236
2026,BAL,3,80,Ja'Kobi Lane,560,0.2166782142857143,-0.2932007650944861
2026,BAL,4,115,Elijah Sarratt,345,0.29665159420289855,0.6550775897488297
2026,BAL,4,133,Matthew Hibner,201,0.20640447761194028,-0.4150208272350194
2026,BAL,5,162,Chandler Rivers,132,0.3500901515151515,1.288721275507005
2026,BAL,5,173,Josh Cuevas,102,0.18351176470588235,-0.6864694537021911
2026,BAL,5,174,Adam Randall,243,0.16368930041152263,-0.9215128375064157
2026,BAL,6,211,Ryan Eckley,83,0.1721722891566265,-0.8209264346347152
2026,BAL,7,250,Rayshaun Benny,83,0.23143614457831324,-0.11820971340641091
2026,BAL,7,253,Evan Beerntsen,44,0.23040227272727273,-0.13046877134592466
2026,BUF,2,35,T.J. Parker,88,0.035313636363636366,-1.0284333785595032
2026,BUF,2,62,Davison Igbinosun,413,0.12905811138014528,-0.24911495146490925
2026,BUF,4,102,Jude Bowry,3,-0.041600000000000005,-1.6678333442905915
2026,BUF,4,125,Skyler Bell,429,0.2226060606060606,0.5285697135334978
2026,BUF,4,126,Kaleb Elarms-Orr,44,0.05829545454545455,-0.8373804723047675
2026,BUF,5,167,Jalon Kilgore,146,0.28646164383561645,1.0594152132272312
2026,BUF,5,181,Zane Durant,142,0.15321408450704224,-0.0483010370568612
2026,BUF,7,220,Toriano Pride Jr.,24,0.17185833333333334,0.10669270168994628
2026,BUF,7,239,Tommy Doman,8,0.358675,1.6597407164778322
2026,BUF,7,241,Ar'maj Reed-Adams,5,0.21636000000000002,0.47664483874812597
2026,CAR,1,19,Monroe Freeling,273,0.18801794871794872,-0.3495216365112895
2026,CAR,2,49,Lee Hunter,115,0.15332782608695653,-0.6107009345352994
2026,CAR,3,83,Chris Brazzell II,341,0.12438211143695016,-0.828631021249315
2026,CAR,4,129,Will Lee III,23,0.5221086956521739,2.165822217668172
2026,CAR,5,144,Sam Hecht,127,0.20823149606299213,-0.1973353740898087
2026,CAR,5,151,Zakee Wheatley,85,0.24778117647058823,0.10043116527380395
2026,CAR,7,227,Jackson Kuwatch,90,0.19724333333333333,-0.2800644165562634
2026,CHI,1,25,Dillon Thieneman,930,0.18025741935483872,1.1211400952939024
2026,CHI,2,57,Logan Jones,439,0.17076742596810932,0.8364537350797163
2026,CHI,3,69,Sam Roush,905,0.08054464088397789,-1.8701020281630438
2026,CHI,3,89,Zavion Thomas,819,0.13828547008547007,-0.1379589347749729
2026,CHI,4,124,Malik Muhammad,324,0.13664104938271607,-0.18728922674151244
2026,CHI,5,166,Keyshaun Elliott,79,0.16289873417721518,0.6004041263698284
2026,CHI,6,213,Jordan van den Berg,133,0.13079548872180452,-0.36264776706391705
2026,CIN,2,41,Cashius Howell,434,0.1908304147465438,0.11660287328693159
2026,CIN,3,72,Tacario Davis,472,0.15800042372881357,-0.21228481310158342
2026,CIN,4,128,Connor Lew,120,0.2640125,0.8497339512423803
2026,CIN,4,140,Colbie Young,57,-0.032854385964912275,-2.124249905092934
2026,CIN,6,189,Brian Parker II,97,0.21224432989690722,0.33112541173415383
2026,CIN,7,221,Jack Endries,87,0.2141448275862069,0.35016441444612295
2026,CIN,7,226,Landon Robinson,104,0.24795865384615384,0.68890806748493
2026,CLE,1,9,Spencer Fano,441,0.23550975056689344,0.3024923330262534
2026,CLE,1,24,KC Concepcion,722,0.2022788088642659,-0.10377900011601802
2026,CLE,2,39,Denzel Boston,357,0.16522408963585433,-0.5567986681968962
2026,CLE,2,58,Emmanuel McNeil-Warren,249,0.14032048192771085,-0.8612625619432359
2026,CLE,3,86,Austin Barber,226,0.22505309734513276,0.17465248778120473
2026,CLE,5,146,Parker Brailsford,51,0.2873274509803922,0.9359996954039621
2026,CLE,5,149,Justin Jefferson,66,0.14472878787878787,-0.8073679611922298
2026,CLE,5,170,Joe Royer,33,0.19693939393939394,-0.16905705450097566
2026,CLE,6,182,Taylen Green,626,0.11742220447284345,-1.1412099011278798
2026,CLE,7,248,Carsen Ryan,20,0.39287,2.2263306308658124
2026,DAL,1,11,Caleb Downs,792,0.17539911616161616,-1.0907383643025645
2026,DAL,1,23,Malachi Lawrence,669,0.2070774289985052,0.4251506264804469
2026,DAL,3,92,Jaishawn Barham,334,0.20227245508982036,0.19522022940787767
2026,DAL,4,112,Drew Shelton,182,0.1751346153846154,-1.1033954088230074
2026,DAL,4,114,Devin Moore,159,0.23273270440251573,1.6528217382815185
2026,DAL,4,137,LT Overton,185,0.18555459459459459,-0.6047725228780967
2026,DAL,7,218,Anthony Smith,76,0.20917894736842105,0.5257137018338165
2026,DEN,3,66,Tyler Onyedim,346,0.23230520231213872,-0.7694079311596054
2026,DEN,4,108,Jonah Coleman,224,0.33303080357142856,1.316119853384029
2026,DEN,4,111,Kage Casey,97,0.26426907216494844,-0.10759466972302315
2026,DEN,5,152,Justin Joly,39,0.33903589743589746,1.4404555728691222
2026,DEN,7,246,Miles Scott,19,0.26232105263157895,-0.14792849559136054
2026,DEN,7,256,Dallen Bentley,29,0.2365655172413793,-0.6811979324625974
2026,DEN,7,257,Red Murdock,192,0.2187317708333333,-1.0504463973165603
2026,DET,1,17,Blake Miller,746,0.25875361930294905,1.39828755612886
2026,DET,2,44,Derrick Moore,725,0.18643793103448275,-0.6166392650043476
2026,DET,4,118,Jimmy Rolder,325,0.21134492307692307,0.07734246291274924
2026,DET,5,157,Keith Abney II,333,0.256509009009009,1.3357461409457372
2026,DET,5,168,Kendrick Law,259,0.19709768339768338,-0.3196273515795129
2026,DET,6,205,Skyler Gill-Howard,186,0.1718994623655914,-1.0217235718894941
2026,DET,7,222,Tyre West,73,0.17794109589041096,-0.8533859715139915
2026,GNB,2,52,Brandon Cisse,639,0.19721940532081378,-0.10204164911413785
2026,GNB,3,77,Chris McClellan,144,0.21661249999999999,0.3171180591403444
2026,GNB,4,120,Dani Dennis-Sutton,391,0.255690537084399,1.1617454326680168
2026,GNB,5,153,Jager Burton,225,0.24477822222222223,0.9258881448200827
2026,GNB,6,201,Domani Jackson,127,0.1544188976377953,-1.0271259953898393
2026,GNB,6,216,Trey Smack,479,0.14292359081419623,-1.2755839921244654
2026,HOU,1,26,Keylan Rutledge,145,0.1757151724137931,-0.37940811690316906
2026,HOU,2,36,Kayden McDonald,222,0.22300855855855856,0.6208287796968399
2026,HOU,2,59,Marlin Klein,195,0.20942564102564104,0.3335553068625626
2026,HOU,4,106,Febechi Nwaiwu,144,0.18322638888888887,-0.2205487822439147
2026,HOU,4,123,Wade Woodaz,62,0.25029193548387096,1.1978616904088866
2026,HOU,5,141,Kamari Ramsey,76,0.13666973684210526,-1.2052040365075287
2026,HOU,6,204,Lewis Bond,75,0.124136,-1.4702877419409608
2026,HOU,7,243,Aiden Fisher,42,0.2467619047619048,1.1232029006272854
2026,IND,2,53,CJ Allen,141,0.26087304964539004,0.4528870968196704
2026,IND,3,78,A.J. Haulcy,35,0.14916285714285715,-1.0544692792790957
2026,IND,4,113,Jalen Farmer,123,0.21907073170731706,-0.11117056943341969
2026,IND,4,135,Bryce Boettcher,88,0.23288068181818183,0.07517336111477892
2026,IND,5,156,George Gumbs Jr.,49,0.2910020408163265,0.859431261945022
2026,IND,6,214,Caden Curry,51,0.29352941176470587,0.8935342263072041
2026,IND,7,237,Seth McGowan,38,0.08785789473684211,-1.88168498716633
2026,IND,7,254,Deion Burks,121,0.2841,0.7662988896921695
2026,JAX,2,56,Nate Boerkircher,506,0.11261146245059289,-0.7895246328258618
2026,JAX,3,81,Albert Regis,124,0.13782177419354838,-0.2767316544052046
2026,JAX,3,88,Emmanuel Pregnon,78,0.1528974358974359,0.02991641665480159
2026,JAX,3,100,Jalen Huskey,104,0.1549971153846154,0.07262516650833732
2026,JAX,4,119,Wesley Williams,110,0.2023472727272727,1.0357559861505328
2026,JAX,5,164,Tanner Koziol,94,0.19637021276595745,0.9141789738941033
2026,JAX,6,191,Josh Cameron,47,0.1530340425531915,0.032695078600407
2026,JAX,6,203,CJ Williams,48,0.20688125000000002,1.1279798242957741
2026,JAX,7,233,Zach Durfee,26,0.15689999999999998,0.11133098972317972
2026,JAX,7,240,Parker Hughes,33,0.04040606060606061,-2.258226148596067
2026,KAN,1,6,Mansoor Delane,1072,0.17354748134328357,-0.8999771779107737
2026,KAN,1,29,Peter Woods,515,0.1737368932038835,-0.8957278956140378
2026,KAN,2,40,R Mason Thomas,470,0.207898085106383,-0.12935271970412507
2026,KAN,4,109,Jadon Canady,188,0.238656914893617,0.5606935660418286
2026,KAN,5,161,Emmett Johnson,372,0.30132876344086024,1.966679314199482
2026,KAN,5,176,Cyrus Allen,245,0.19753142857142858,-0.36191920181776693
2026,KAN,7,249,Garrett Nussmeier,180,0.20294833333333334,-0.24039588519460606
2026,LAC,1,22,Akheem Mesidor,609,0.18682019704433497,-0.36613083960855713
2026,LAC,2,63,Jake Slaughter,683,0.15605256222547584,-0.8454672609914249
2026,LAC,4,105,Brenen Thompson,340,0.18532294117647058,-0.38945695075820935
2026,LAC,4,117,Travis Burke,186,0.12621666666666667,-1.3102878911799523
2026,LAC,4,131,Genesis Smith,79,0.2793392405063291,1.075245706360298
2026,LAC,5,145,Nick Barrett,121,0.2529049586776859,0.663419638865461
2026,LAC,6,202,Logan Taylor,36,0.312125,1.5860229799641428
2026,LAC,6,206,Alex Harkey,269,0.18378959107806692,-0.4133453826517576
2026,LAR,1,13,Ty Simpson,1364,0.1822516862170088,0.2579667620848915
2026,LAR,2,61,Max Klare,386,0.12922150259067358,-0.5551972264619353
2026,LAR,3,93,Keagen Trost,66,0.25135,1.3175192017587714
2026,LAR,6,197,CJ Daniels,271,0.1861118081180812,0.3171578096488714
2026,LAR,7,232,Tim Keenan III,27,0.0782074074074074,-1.3374465470305987
2026,LVR,1,1,Fernando Mendoza,329,0.1746303951367781,-0.9750328727073163
2026,LVR,2,38,Treydan Stukes,535,0.2014317757009346,-0.03718291094510917
2026,LVR,3,67,Keyron Crawford,406,0.20197142857142858,-0.01829905446815917
2026,LVR,3,91,Trey Zuhn III,375,0.20953893333333334,0.24650760482309036
2026,LVR,4,101,Jermod McCoy,476,0.20308529411764706,0.020677995890444924
2026,LVR,4,122,Mike Washington Jr.,315,0.18761015873015874,-0.5208372106370392
2026,LVR,5,150,Dalton Johnson,86,0.17468720930232556,-0.9730447973968418
2026,LVR,5,175,Hezekiah Masses,85,0.22166117647058825,0.6706963974687614
2026,LVR,6,195,Malik Benson,140,0.1797085714285714,-0.7973342862602646
2026,LVR,7,229,Brandon Cleveland,32,0.27061875,2.3838491342324297
2026,MIA,1,12,Kadyn Proctor,842,0.1343519002375297,-1.0621025787100893
2026,MIA,1,27,Chris Johnson,348,0.1769600574712644,0.02938677019489845
2026,MIA,2,43,Jacob Rodriguez,287,0.21550975609756098,1.0169109483301153
2026,MIA,3,75,Caleb Douglas,450,0.13304533333333335,-1.0955727861104918
2026,MIA,3,87,Will Kacmarek,376,0.16999015957446809,-0.14916048017257824
2026,MIA,3,94,Chris Bell,222,0.14463378378378378,-0.798712488501438
2026,MIA,4,130,Trey Moore,75,0.16860399999999998,-0.18466960588094664
2026,MIA,4,138,Kyle Louis,146,0.19571780821917809,0.5099023916156791
2026,MIA,5,158,Michael Taaffe,132,0.22255151515151514,1.197299059526365
2026,MIA,5,177,Kevin Coleman Jr.,127,0.1407740157480315,-0.8975878206862339
2026,MIA,5,180,Seydou Traore,114,0.25481491228070174,2.023787615058581
2026,MIA,6,200,DJ Campbell,67,0.15280149253731343,-0.5894810246638682
2026,MIN,1,18,Caleb Banks,1046,0.0940736137667304,-1.450669507943396
2026,MIN,2,51,Jake Golday,253,0.12206403162055336,-1.0414655388860847
2026,MIN,3,82,Domonique Orange,229,0.2016244541484716,0.12166253045262564
2026,MIN,3,97,Caleb Tiernan,106,0.14632358490566036,-0.6868046851729893
2026,MIN,3,98,Jakobe Thomas,181,0.16895138121546963,-0.3559991891868093
2026,MIN,5,159,Max Bredeson,41,0.2543975609756098,0.8931752990696533
2026,MIN,5,163,Charles Demmings,90,0.31397555555555556,1.7641716513895245
2026,MIN,6,198,Demond Claiborne,321,0.22125950155763238,0.4087157418200892
2026,MIN,7,235,Gavin Gerhardt,57,0.21705263157894736,0.34721369845738753
2026,NOR,1,8,Jordyn Tyson,363,0.19605922865013775,-0.18848694583550643
2026,NOR,2,42,Christen Miller,193,0.25232227979274613,0.40297648279785125
2026,NOR,3,73,Oscar Delp,288,0.2405545138888889,0.2792682403989759
2026,NOR,4,136,Bryce Lance,85,0.05582470588235294,-1.662697639435501
2026,NOR,5,172,Lorenzo Styles Jr.,63,0.23301746031746032,0.2000352187867787
2026,NOR,6,190,Barion Brown,21,0.1547857142857143,-0.6223733743524063
2026,NOR,7,219,TJ Hall,57,0.36535964912280705,1.591278017639807
2026,NWE,1,28,Caleb Lomu,789,0.17738593155893537,0.3201986666935943
2026,NWE,2,55,Gabe Jacas,453,0.17118653421633553,0.17735401048092186
2026,NWE,3,95,Eli Raridon,460,0.18390434782608697,0.47039406138689205
2026,NWE,5,171,Karon Prunty,422,0.16299502369668248,-0.0113923207151395
2026,NWE,6,196,Dametrious Crownover,93,0.25235591397849466,2.047634540404022
2026,NWE,6,212,Namdi Obiazor,32,0.16788125,0.10119464183983733
2026,NWE,7,234,Behren Morton,164,0.12314146341463414,-0.9296861165041351
2026,NWE,7,245,Jam Miller,64,0.1022,-1.4122130423874149
2026,NWE,7,247,Quintayvious Hutchins,22,0.13035454545454545,-0.7634844411985745
2026,NYG,1,5,Arvell Reese,1026,0.11369083820662768,-1.608338933901072
2026,NYG,1,10,Francis Mauigoa,936,0.138729594017094,-1.0967599441130864
2026,NYG,2,37,Colton Hood,322,0.22921894409937887,0.752071948816521
2026,NYG,3,74,Malachi Fields,834,0.21030635491606714,0.36565964694689357
2026,NYG,6,186,Bobby Jamison-Travis,147,0.21336190476190475,0.42808907096512033
2026,NYG,6,192,J.C. Davis,62,0.24880645161290324,1.1522738351276902
2026,NYG,6,193,Jack Kelly,195,0.1927523076923077,0.007004376157933435
2026,NYJ,1,2,David Bailey,408,0.09217671568627452,-1.2641986166039352
2026,NYJ,1,16,Kenyon Sadiq,662,0.08286706948640483,-1.378959706165926
2026,NYJ,1,30,Omar Cooper Jr.,403,0.21314590570719605,0.22700263338844515
2026,NYJ,2,50,D'Angelo Ponds,224,0.21280625,0.222815658051583
2026,NYJ,4,103,Darrell Jackson Jr.,35,0.3191942857142857,1.5342733260242223
2026,NYJ,4,110,Cade Klubnik,584,0.15619606164383562,-0.4750247062958721
2026,NYJ,6,188,Anez Cooper,22,0.21664090909090908,0.27008594587172374
2026,NYJ,7,228,VJ Payne,48,0.26482083333333334,0.8640054657297598
2026,PHI,1,20,Makai Lemon,1651,0.149076317383404,-0.37611819551456876
2026,PHI,2,54,Eli Stowers,621,0.15363333333333334,-0.30579845094636593
2026,PHI,3,68,Markel Bell,204,0.12615245098039216,-0.7298585483435708
2026,PHI,5,178,Cole Payton,491,0.1081755600814664,-1.007261653803956
2026,PHI,6,207,Micah Morris,159,0.14087169811320754,-0.5027244522621479
2026,PHI,7,244,Cole Wisniewski,92,0.28477391304347827,1.7178442505645644
2026,PHI,7,251,Uar Bernard,490,0.16042795918367347,-0.20094993615461207
2026,PHI,7,252,Keyshawn James-Newby,24,0.2644916666666667,1.404866986460659
2026,PIT,1,21,Max Iheanachor,1060,0.12289858490566039,-0.5775632801888454
2026,PIT,2,47,Germie Bernard,584,0.19412636986301368,0.651960142661285
2026,PIT,3,76,Drew Allar,649,0.08508151001540833,-1.2303559984950778
2026,PIT,3,85,Daylen Everette,237,0.0865253164556962,-1.2054332266096588
2026,PIT,3,96,Gennings Dunker,427,0.11078641686182669,-0.786641722264601
2026,PIT,4,121,Kaden Wetjen,276,0.16775543478260868,0.1967489861830737
2026,PIT,5,169,Riley Nowakowski,222,0.19100945945945946,0.5981564991759553
2026,PIT,7,224,Robert Spears-Jennings,32,0.195825,0.6812816432727987
2026,PIT,7,230,Eli Heidenreich,373,0.25320965147453084,1.671846956265071
2026,SEA,1,32,Jadarian Price,931,0.23907389903329754,-0.17870817001970693
2026,SEA,2,64,Bud Clark,417,0.272847242206235,0.40280788122931344
2026,SEA,3,99,Julian Neal,347,0.21619164265129684,-0.5726993513721984
2026,SEA,5,148,Beau Stephens,231,0.18246580086580086,-1.1533975144094304
2026,SEA,6,199,Emmanuel Henderson Jr.,59,0.34481016949152543,1.6418796869721002
2026,SEA,7,236,Andre Fuller,24,0.17544583333333333,-1.2742686931516025
2026,SEA,7,242,Deven Eastern,19,0.30003684210526316,0.8709637486352113
2026,SEA,7,255,Michael Dansby,25,0.264752,0.2634224121163141
2026,SFO,2,33,De'Zhaun Stribling,1586,0.1345920554854981,-0.41978549627658285
2026,SFO,3,70,Romello Height,295,0.10043084745762712,-0.78121149958691
2026,SFO,3,90,Kaelon Black,702,0.039582336182336184,-1.4249895012216605
2026,SFO,4,107,Gracen Halton,129,0.1017294573643411,-0.7674721907176247
2026,SFO,4,127,Carver Willis,157,0.187515923566879,0.14014968238485512
2026,SFO,4,139,Ephesians Prysock,99,0.27678282828282824,1.0845946379920084
2026,SFO,5,154,Jaden Dugger,65,0.29113076923076925,1.236396030621802
2026,SFO,5,179,Enrique Cruz Jr.,100,0.26239,0.9323183368041125
2026,TAM,1,15,Rueben Bain Jr.,400,0.16477624999999999,-1.5995667078640616
2026,TAM,2,46,Josiah Trotter,148,0.21193243243243243,-0.23916275322834749
2026,TAM,3,84,Ted Hurst,162,0.18917407407407408,-0.8957163399418009
2026,TAM,4,116,Keionte Scott,201,0.22060895522388058,0.01114537836999973
2026,TAM,5,155,DeMonte Capehart,29,0.25914137931034487,1.122763397577466
2026,TAM,5,160,Billy Schrauth,53,0.2528830188679245,0.9422165878860017
2026,TAM,6,185,Bauer Sharp,90,0.24304222222222222,0.6583204372007451
2026,TEN,1,4,Carnell Tate,841,0.18541236623067778,-0.47276807784921876
2026,TEN,1,31,Keldric Faulk,291,0.2479749140893471,0.5287015555763063
2026,TEN,2,60,Anthony Hill Jr.,240,0.23155833333333334,0.26591323133852607
2026,TEN,5,142,Fernando Carmona,149,0.07845906040268456,-2.1848225201199245
2026,TEN,5,165,Nicholas Singleton,105,0.21313809523809524,-0.02894862650207878
2026,TEN,6,184,Jackie Marshall,35,0.2824285714285714,1.0802182819031791
2026,TEN,6,194,Pat Coogan,174,0.2577287356321839,0.6848357991347578
2026,TEN,7,225,Jaren Kanak,36,0.22287222222222225,0.1268703565184528
2026,WAS,1,7,Sonny Styles,683,0.18850204978038068,-0.28020463202517926
2026,WAS,3,71,Antonio Williams,690,0.23512594202898549,1.748773655783545
2026,WAS,5,147,Joshua Josephs,189,0.1902904761904762,-0.20237590129461477
2026,WAS,6,187,Kaytron Allen,295,0.18298237288135594,-0.520409901120355
2026,WAS,6,209,Matt Gulbin,101,0.2047079207920792,0.4250423740042036
2026,WAS,7,223,Athan Kaliakmanis,85,0.16803647058823531,-1.170825595347596
